est	14480
tas	12116
sta	11067
kaj	6274
ion	4533
vas	4215
tio	4158
mal	3933
ili	3688
bon	3641
por	3544
eni	3490
ojn	3465
kon	3460
kio	3393
las	3214
tis	3082
sti	2994
tie	2988
ant	2959
ank	2828
ino	2808
kie	2804
pre	2767
iel	2753
ras	2655
sto	2630
ent	2625
per	2623
ven	2618
aro	2567
pro	2471
ort	2454
tro	2450
nta	2434
ran	2408
tiu	2406
via	2406
iri	2406
mia	2400
ton	2399
ona	2377
vin	2364
ris	2334
pri	2285
ren	2282
for	2272
tra	2271
nas	2266
don	2265
ajn	2225
sed	2193
min	2189
kia	2189
nto	2186
lin	2178
ian	2153
oro	2145
ova	2113
vol	2113
iam	2113
far	2105
ist	2098
pov	2086
kun	2070
ita	2052
kiu	2021
dir	2010
toj	2009
ono	2002
oni	1991
par	1979
ola	1970
iaj	1968
man	1948
mor	1842
iuj	1836
one	1835
ten	1820
roj	1820
ron	1804
ero	1797
ter	1790
hav	1780
dis	1774
vid	1767
ava	1744
kom	1731
and	1730
sci	1720
jes	1706
men	1705
mon	1705
ari	1694
nia	1673
nen	1657
nte	1650
res	1650
ver	1636
ulo	1620
ano	1619
eno	1617
ĝis	1615
ard	1608
ara	1605
lon	1604
igi	1595
ont	1592
sen	1590
nda	1569
str	1549
noj	1543
lia	1527
das	1519
pli	1477
rin	1477
gra	1465
omo	1461
lan	1443
nko	1439
njo	1432
ias	1421
non	1421
nis	1418
cia	1414
ata	1412
rig	1407
iru	1399
dan	1392
loj	1385
rdo	1382
ere	1381
unu	1378
era	1371
ult	1367
ste	1361
ora	1360
ena	1336
ali	1336
end	1329
tos	1324
omp	1312
ira	1304
ori	1303
iĝi	1302
iga	1301
dev	1298
int	1289
ebl	1268
ilo	1253
sin	1249
ate	1243
fer	1238
rti	1236
ndo	1204
idi	1192
stu	1188
ekt	1188
ial	1165
ĝin	1162
ost	1161
tri	1160
taj	1158
nur	1156
kor	1148
pen	1143
spe	1137
eto	1136
nun	1125
enu	1121
ĉiu	1118
ple	1112
pos	1109
aĵo	1109
tan	1108
ens	1106
ato	1096
ome	1086
rto	1070
iom	1069
gas	1064
eva	1060
iun	1053
viv	1047
inj	1041
pat	1040
mas	1026
olo	1024
nka	1012
ble	1012
sur	1009
tre	1008
kaŭ	1007
ado	1005
oka	1002
ala	1001
atr	988
eta	988
raŭ	986
tin	984
gis	983
iko	971
ros	969
rol	968
taŭ	959
kaz	959
tem	952
iro	949
ert	942
eli	935
kul	929
vis	924
anĝ	921
ndi	914
ond	912
ene	912
fin	912
eri	912
hom	898
mar	889
moj	883
mil	875
ntr	869
ĉio	867
jor	864
ord	862
ele	861
kto	860
alo	859
ami	856
ĝas	854
eks	853
abo	850
elo	842
avi	838
sis	835
aci	832
gar	831
ide	824
ien	820
erm	818
nti	815
rta	813
ast	813
enc	812
sas	806
fra	802
emo	802
kre	800
art	798
bla	794
ida	791
tia	789
ini	788
kri	786
ama	784
kap	783
emp	781
rov	779
oli	777
ovi	777
ema	777
cer	776
nos	773
rat	769
mpr	767
ura	766
pon	765
nio	764
esp	762
dio	760
ago	758
rav	756
tur	756
ejo	755
pan	752
mem	750
san	748
org	747
zon	744
mul	742
lis	728
evi	728
pet	727
jam	724
rev	722
sim	716
ito	714
alt	707
ila	705
son	704
tig	702
kar	697
olu	695
ati	695
tut	691
tel	691
iĝa	688
ser	686
len	676
met	674
nan	672
ĉjo	670
nin	669
iĝu	668
jen	667
plu	667
raj	667
abl	662
kur	662
sek	661
rte	659
den	658
ezo	654
bel	653
ani	653
ndu	651
tag	647
nov	645
inf	643
mpo	642
ivo	637
kvi	637
api	636
alf	636
ima	633
ega	633
elp	632
nom	628
rom	628
eco	628
red	627
rdi	627
onu	623
ind	621
dia	619
ete	617
hel	616
orm	616
vos	615
iĝo	615
tim	614
eti	614
doj	614
bor	610
lit	609
alp	608
ame	604
lor	603
uto	602
rad	600
tru	599
igo	598
nco	597
ret	596
ons	594
ela	593
asi	593
esi	586
tor	586
kta	583
tul	578
rme	576
pas	573
cio	573
var	569
rap	567
aza	565
ido	565
ler	560
ing	560
arm	559
ĉar	556
zis	556
eve	555
sia	551
igu	551
sal	550
ina	550
esa	549
daŭ	549
dum	548
eda	546
lta	546
pla	545
adi	545
etu	544
lab	543
voj	542
onv	541
rak	540
ces	538
dem	537
nst	537
mik	533
uro	533
lar	531
ern	530
gos	530
rma	528
fil	526
ile	526
ust	525
als	525
ako	518
rio	516
alb	515
kas	515
ltu	514
ezi	514
nig	514
ang	512
bez	510
vir	510
bar	510
ĝos	509
lib	508
azi	507
anc	502
koj	501
sup	496
kti	496
ong	494
ana	493
ika	491
con	490
lte	489
kan	488
oma	485
kis	484
van	483
zas	482
uta	481
kva	481
aru	478
sol	477
iva	477
dor	475
alu	474
jar	474
hej	473
mis	471
edz	470
vil	470
tal	470
lut	469
aŭr	469
eci	466
kol	466
imi	465
rmi	465
fan	464
lej	462
ĉia	458
aŭd	458
kna	457
mes	456
ber	456
laŭ	454
ntu	450
nab	448
dek	447
foj	446
tar	446
ĵoj	445
kla	444
sub	441
cii	440
bro	440
nsi	437
are	436
tus	435
ujn	433
mat	431
oko	430
nsa	428
erd	428
aĝo	428
nde	427
rdu	426
nfa	426
sil	426
gon	425
uri	425
ovo	424
oku	423
ksi	423
rit	422
und	421
uli	421
ute	420
erv	420
pin	419
reĝ	419
alv	416
mpa	415
pid	414
rir	414
nci	413
gan	412
amo	409
uti	409
blo	408
nvo	407
lig	407
sku	405
leg	405
ole	404
ŝaj	402
esu	401
edo	401
eso	401
uzi	401
ink	401
dos	400
kst	400
ine	397
akt	396
rib	396
flu	393
ĉas	392
lud	392
kam	392
niu	391
rla	390
rek	389
ale	389
suf	388
ipo	388
apo	388
enk	388
ins	386
nir	385
jon	385
tat	384
ŝin	383
ŝat	383
ans	383
ask	382
tiĝ	382
imp	380
ves	379
rok	379
von	377
okt	376
rem	376
mpl	375
pek	375
iti	372
aĉj	370
kce	370
tuj	368
ege	367
anj	366
nge	365
lok	365
tit	365
reg	364
lbo	363
niĝ	363
ave	362
odi	360
vus	360
oje	360
imo	360
skr	360
ska	358
dzi	358
bat	358
mer	358
ovu	357
iaŭ	355
sam	355
oto	354
rmo	354
maj	352
ald	351
naj	351
ojo	349
afe	348
ers	348
rul	347
lek	346
los	345
ekz	344
apa	344
lpo	344
tam	343
ape	343
nat	343
ejm	342
rbo	341
aco	341
dom	340
ric	340
lum	340
let	340
laj	340
ŝan	340
sig	339
aŭs	338
idu	338
bra	336
all	336
nok	335
nĝi	335
pra	335
fre	335
ned	334
rda	334
ice	334
lsa	334
rez	333
lti	333
asu	330
sid	329
nek	328
miĝ	327
ĝus	326
opi	326
arb	326
duk	326
nga	326
eko	326
atu	325
fon	325
vet	325
ece	324
zor	324
izo	324
ede	323
umo	323
jun	322
nec	321
esk	321
zin	321
nkv	321
gaj	321
rga	320
ski	320
nor	320
goj	319
hal	318
edi	318
nse	315
opo	314
pol	314
ibe	314
lug	314
rip	314
alk	314
afi	312
ign	311
ive	310
abi	309
ite	309
kos	308
evo	307
hor	307
ioj	307
ane	305
iĉa	304
ivi	304
sko	304
der	303
ekv	302
egi	302
viz	301
ŭsk	299
kte	299
rob	299
muz	298
cis	298
kat	298
ove	297
fes	297
ier	296
kel	294
eru	294
ner	294
rtu	293
aŭt	293
fel	292
vit	292
pit	291
cen	291
paĉ	290
diĝ	290
ime	290
ufi	289
pir	289
gen	289
erl	288
riĝ	288
ĝoj	287
rde	286
paf	285
spi	285
ore	285
nca	284
uni	284
sor	283
aga	283
git	283
rus	282
val	281
cil	279
ngo	278
rim	278
lda	277
rac	277
fiĉ	276
rge	276
bil	276
oks	275
nua	274
dol	274
spo	274
hod	273
loĝ	273
cid	272
aso	272
nce	272
iis	271
ico	271
avo	271
lir	271
izi	271
lio	270
lfe	268
ges	268
une	267
pab	267
bin	267
efe	267
klo	267
upr	267
rop	267
apt	267
kiĝ	267
mir	267
amb	266
ark	265
ŝto	264
lve	263
lam	263
bru	263
eĝo	262
suk	262
ote	262
ume	262
kvo	261
dec	261
orp	261
ril	261
ofi	260
ziĝ	260
efo	260
mag	259
til	259
tik	259
neg	258
upo	255
ukc	254
eku	254
nul	254
fru	253
ĝon	253
fek	252
eme	252
dez	251
aĝa	250
rui	249
tak	249
boj	248
nve	248
rko	248
fac	247
una	246
cas	246
fal	246
vor	246
ŝip	245
liĝ	245
raf	245
nki	244
aŭe	243
orl	243
mpe	243
rka	242
rid	242
ici	242
lik	241
jna	240
aŭl	240
ŭdi	239
uko	239
kci	239
rso	239
ajt	238
kro	238
elk	238
car	238
sos	237
bli	237
nit	237
nke	237
nez	236
nĝo	235
ĉes	234
det	234
etr	234
omi	233
aku	233
rof	233
oja	233
ria	233
nar	231
ula	231
iki	231
pti	230
nik	230
kov	230
ĵon	230
mbr	228
pec	227
fla	227
ego	227
ofe	226
tom	226
asp	224
rmu	224
azo	224
rne	224
epa	224
pac	224
nso	224
mur	224
zir	223
aca	223
lac	223
rar	223
neb	222
nkt	222
riz	222
alm	221
tir	220
oki	220
inc	219
eze	219
kin	219
nej	218
rik	218
taĵ	218
rba	217
erĉ	217
unk	217
agi	217
ire	217
liĉ	216
lpu	215
dig	215
pur	215
akv	214
lem	214
rvo	214
nie	214
zit	214
tad	213
vok	213
umi	213
ban	213
plo	213
gvi	212
kut	212
aŝi	211
bal	210
fun	210
ŭri	209
emi	209
dam	208
urb	208
amp	207
rna	207
teg	206
viĝ	206
ada	206
lpi	204
ibr	204
onf	204
onk	203
daj	203
erf	203
omb	203
nĝa	202
net	202
jme	201
cev	201
udo	201
udi	200
inu	200
iza	200
nes	199
rei	198
mun	198
poj	198
ipe	198
din	198
fam	197
his	197
rni	197
nac	197
pis	197
zik	196
mov	196
tol	196
hon	196
ref	195
lef	195
bri	195
lka	194
ure	194
gaŭ	193
mak	193
fid	193
iks	192
ese	192
lat	192
ekr	191
jta	190
ezu	190
mit	190
tek	190
ldo	190
ŭto	189
lko	189
obl	188
sit	188
nut	187
viĉ	187
oza	187
isk	187
mpi	187
rec	187
gul	187
lec	187
del	186
poz	186
har	186
naŭ	185
lto	185
isi	185
bed	184
soj	184
dit	183
evu	182
fas	182
sav	182
erk	182
coj	182
uma	182
anĉ	182
jne	181
ĝen	181
uno	180
mos	180
nfi	179
cel	179
vig	179
chi	178
rur	178
nal	178
afo	178
eki	178
mom	177
rue	177
irk	177
lim	177
ŝia	176
uda	176
nĝe	176
tiv	176
kra	176
ibi	175
ral	175
aĉo	175
nsu	174
asa	174
uon	173
akc	173
rua	173
aze	173
oŝt	172
rea	172
fen	172
lav	172
amn	171
bis	171
opr	171
lic	171
alg	171
kal	171
itu	171
uis	170
vaj	170
rno	170
kzi	169
nfe	169
ept	169
num	169
elt	169
rep	169
nim	168
pag	168
nkl	167
gus	167
erŝ	166
afa	166
lev	166
ekd	165
nif	165
ĉie	165
rpo	165
aĉa	165
kaŝ	165
rot	165
rel	165
dik	165
gni	164
dat	164
ork	163
ngi	162
lpr	162
cep	162
isp	162
ben	162
urn	162
ĉis	161
ĉam	161
uza	161
amu	161
erc	160
moŝ	159
laĉ	159
bas	159
eka	159
lfr	158
rĉi	158
aki	158
inv	158
ŭda	157
rgu	157
kli	157
odo	157
mba	156
zar	156
osi	156
eza	156
agr	156
ram	156
lfa	155
des	155
urd	155
mig	155
aĉe	154
duo	154
ell	154
pru	154
lpa	153
rab	153
omu	153
rŝa	152
adu	152
jno	152
avu	152
sio	152
epr	151
smo	151
onc	151
ogr	151
faj	150
ĉet	150
spa	150
rie	150
lpl	149
aks	149
ule	149
her	149
ĝan	149
dre	148
uso	148
lva	148
raĵ	148
ŭra	147
zen	147
anu	146
tec	146
glo	145
sat	144
cin	144
lad	144
kad	144
iĉe	143
rlo	143
obe	143
nvi	143
nue	142
deb	142
aka	142
ism	142
gno	142
dul	142
ifa	141
apu	141
cip	141
vaz	140
ĉir	140
bes	140
ltr	140
aŭa	140
lus	139
lle	139
lpe	139
div	139
ude	138
eon	138
deg	138
rpr	138
uas	138
lde	138
gal	138
rej	138
zos	137
fis	137
uru	137
ĝer	137
upe	137
gla	137
jni	136
ksp	136
ngu	135
gre	135
mbo	134
erp	134
ill	133
bab	133
fik	133
iab	132
ajr	132
fic	132
pun	132
log	132
jev	131
ovr	131
gio	131
zaŭ	130
rki	130
nku	130
rog	130
kru	130
arl	129
ŝte	129
lie	129
ĉef	129
sul	129
lli	129
kde	128
rvi	128
tes	128
zer	128
ulp	127
orĉ	126
alj	126
saĝ	126
ŝis	126
mez	126
lju	125
oru	125
bir	125
kze	124
imu	124
raĝ	124
erb	124
rgi	124
lme	122
ife	122
egu	122
put	122
haŭ	121
lap	121
lgr	121
rva	120
ugo	120
ciu	119
cie	119
dok	118
dal	118
uki	118
pud	117
fak	117
deo	117
old	117
riv	117
ruo	117
ger	117
nad	117
rĉa	116
ebo	116
lmo	116
isa	116
lez	116
aĝi	116
nkc	115
ugi	115
ees	115
eĝi	115
edu	115
lla	115
vun	115
fro	114
ipa	114
tab	114
kve	114
enl	114
paŝ	114
ubi	113
flo	113
ied	113
joj	113
ujo	113
pop	112
orv	112
kup	112
jro	111
igr	111
aŭg	111
alr	111
uga	111
ekl	111
uŝi	111
enp	111
ndr	111
run	111
ies	110
uka	110
iso	110
ĉoj	110
nus	110
lku	110
oĝa	109
jaĝ	109
sog	109
lsu	109
lbe	109
erg	109
med	109
iul	108
ird	108
ĉon	108
ibo	108
eir	107
cet	107
pal	107
pie	107
ubo	107
ĵet	107
ige	107
pel	107
kit	107
mne	106
zaĝ	106
age	106
iĉo	106
kir	106
orb	105
tuŝ	105
sov	105
ikt	105
upi	105
def	105
zoj	105
dua	104
dra	104
dzo	103
nĝu	103
ĉee	103
ase	103
pto	103
sem	103
eca	103
zig	103
roz	102
iol	102
lag	102
uĝa	102
lun	102
unt	102
ilu	102
uld	102
olv	102
fia	102
gad	102
spl	102
ick	101
rli	101
ufo	101
ann	101
ngl	101
ozi	101
ota	101
iĉj	100
vic	100
zio	100
ktu	100
vad	100
bre	99
eal	99
zul	99
fab	99
oci	99
urs	99
ade	99
ioz	98
arn	98
zur	98
dep	98
pez	98
efi	98
iig	98
chu	97
ngv	97
urm	97
aba	97
shi	97
gru	97
gin	97
liz	97
ket	97
els	97
raz	96
maĝ	96
uŝo	96
ose	96
rgo	96
ild	96
ogi	96
env	96
nfo	96
enm	96
bit	95
ŝlo	95
llo	95
arĝ	95
pul	95
lly	94
ogo	94
ŝal	94
ica	94
jek	94
dil	94
sik	94
iet	94
nep	93
rbi	93
voĉ	93
ŭro	93
ksc	93
onĝ	93
ngr	93
ope	93
tac	93
gor	93
ker	93
ĵus	92
tud	92
piĝ	92
cxu	91
uan	91
ĝiĝ	91
ĵur	91
lua	91
ufe	91
efa	91
ciĝ	91
rsa	91
gri	91
aŭz	91
mej	90
zil	90
ree	90
ilm	90
hun	90
vik	90
lvi	90
ubl	90
vel	90
pil	90
top	90
ukt	90
urf	89
beb	89
gro	89
abe	89
vek	89
irm	89
ofo	89
kig	89
hic	88
sof	88
kuŝ	88
nee	88
hie	87
sep	87
leo	87
rup	87
uzo	87
can	87
sce	87
ksa	87
ubt	87
mac	86
eĝa	86
sun	86
vio	86
has	86
oĉo	86
tua	86
iba	86
lul	86
eln	85
lne	85
hil	85
oga	85
nel	85
obo	85
lvo	85
dro	85
ors	84
akl	84
ĝaj	84
mod	84
adr	83
gvo	83
uze	83
ŭte	83
cha	83
ios	83
iku	83
rku	83
luc	83
npr	83
cig	83
vie	83
jmo	82
iot	82
ŝas	82
hin	82
rha	81
ruĝ	81
fuz	81
gli	81
nŝa	81
oce	81
ikl	81
tum	81
gep	80
meo	80
urp	80
vaĝ	80
nii	80
naz	80
klu	80
orf	80
fri	80
bul	80
dri	80
kaĵ	80
ebr	80
agu	79
rfe	79
oze	79
pio	79
uba	79
uoj	79
rag	79
dif	79
ifo	79
mel	79
rum	79
npe	78
ses	78
vri	78
nam	78
lil	78
lop	78
civ	78
mio	78
gee	78
epo	78
kso	78
rse	78
ozo	78
oft	77
vak	77
sve	77
ich	77
maŝ	77
uel	77
ein	77
zan	77
apr	77
ruk	77
zem	76
llu	76
osm	76
uĝi	76
lom	76
siĝ	76
seg	76
kui	76
bur	76
rod	76
hak	75
ĝaĵ	75
oĉj	75
rif	75
rce	75
nsc	75
kil	75
unp	75
cik	75
emb	75
pep	74
baŭ	74
fiu	74
uŝa	74
aĝe	74
ize	74
bot	74
ĝej	74
emu	74
ŝul	74
rfo	74
mot	74
ubs	74
ĝar	73
eat	73
eis	73
sab	73
ted	73
kuz	73
fuĝ	73
dub	73
juĝ	73
saj	73
fum	73
ean	73
jan	73
ror	73
tet	73
rud	73
kaĉ	72
ŭga	72
pot	72
lak	72
eed	72
aĝu	72
ĝul	72
enh	72
abs	71
blu	71
ŝer	71
gel	71
gat	71
ung	71
aja	71
obs	71
spr	71
laĝ	70
tea	70
okr	70
mpu	70
uvo	70
rfi	70
sak	70
rpa	70
rpe	70
orn	70
epp	69
ibu	69
ĉev	69
ĉos	69
itr	69
lfo	69
reb	69
sus	69
oti	69
jas	68
ŭen	68
cej	68
ssa	68
ptu	68
boa	68
iad	68
naĝ	68
bsk	68
lov	68
bom	68
ipi	68
onp	67
lmu	67
ĉaj	67
vul	67
kle	67
ube	67
ajl	67
nli	67
bov	67
dus	67
gna	67
fte	66
ĝia	66
ncu	66
oĝi	66
ken	66
jus	66
luv	66
roc	66
nev	66
luz	66
liv	66
sma	66
laĵ	66
paŭ	65
iut	65
sch	65
oba	65
ghi	65
kot	65
uci	65
cir	65
lse	65
uir	65
nla	65
agm	65
nĉo	65
bte	65
urg	65
rve	65
slo	65
ekk	65
mus	65
niv	64
err	64
dej	64
ode	64
ike	64
daĵ	64
tot	63
ŭas	63
riĉ	63
opa	63
utr	63
hum	63
kse	63
sar	62
aer	62
kaf	62
ifu	62
did	62
fiŝ	62
onŝ	62
kum	62
nĉi	62
han	62
pig	62
nkr	62
elu	62
enf	62
ppi	61
erh	61
lri	61
uŝu	61
ŝon	61
gur	61
nĉe	61
pak	61
jak	61
fir	61
gme	61
raĉ	61
alh	61
tun	61
umu	61
rci	61
luk	61
cit	61
lui	60
jlo	60
ŝta	60
pod	60
nna	60
skl	60
alŝ	60
npo	60
spu	60
vaĵ	60
ruv	60
lif	60
pub	60
igh	60
nsp	60
kvu	59
ŭli	59
nni	59
rco	59
ĉan	59
rub	59
mok	59
rai	59
obi	59
fie	59
ake	59
glu	59
tok	59
ivu	58
aln	58
lno	58
buŝ	58
vag	58
jer	58
uat	58
tna	58
leĝ	58
ĉul	58
nid	58
iŝo	58
use	58
pta	58
lid	58
ajo	58
kes	58
vat	58
ŝir	58
ĉer	58
arg	58
dad	58
suo	57
stn	57
aĉu	57
bol	57
ace	57
aje	57
aŭi	57
get	57
alĝ	57
nsl	57
tip	57
mad	57
bos	56
cos	56
arc	56
rbe	56
kij	56
oke	56
bet	56
lot	56
kok	56
afu	55
jac	55
mum	55
enz	55
rĉo	55
fos	55
eld	55
dut	55
gil	55
naĵ	55
caj	55
eeb	54
epe	54
ced	54
ofu	54
osk	54
fot	54
utu	54
oĝo	54
lŝa	54
ars	54
hen	54
lod	54
ŭre	53
ius	53
kko	53
tej	53
enn	53
ŝpa	53
teo	53
nma	53
not	53
diĉ	53
ekp	53
odu	53
rtr	53
reu	52
uff	52
ŭle	52
cif	52
bad	52
soc	52
bea	52
tub	52
ŝti	52
pok	52
aŭv	52
uiĝ	52
zaĵ	52
sad	52
che	52
les	52
iiĝ	52
phi	51
bso	51
oat	51
taĝ	51
rĝa	51
onj	51
cak	51
ldi	51
fio	51
rfl	51
fav	51
lhe	51
vro	51
lob	51
dun	51
miĉ	50
ffe	50
cka	50
kec	50
roo	50
pik	50
lup	50
ŝuo	50
reo	50
dic	50
ŝtu	50
usa	50
mfo	50
ŝar	50
ĉap	50
ipr	50
bak	50
dar	50
akr	50
hot	49
hir	49
udu	49
som	49
aur	49
tup	49
egn	49
uin	49
meg	49
maz	48
een	48
aŝa	48
kza	48
bun	48
atl	48
mam	48
eja	48
puŝ	48
lip	48
nha	48
lga	48
jel	47
uac	47
pug	47
rii	47
but	47
gia	47
bus	47
kop	47
orc	47
sir	47
ass	46
jst	46
irg	46
eas	46
ulu	46
osp	46
bic	46
sdo	46
rsi	46
lma	46
tic	46
bse	46
miz	46
aux	46
psi	46
ekn	45
ajs	45
lra	45
lba	45
umb	45
uos	45
rao	45
kuk	45
gig	45
ruc	45
enr	45
pap	45
osa	45
olt	45
bio	45
ifi	45
euf	44
rvu	44
pav	44
nol	44
osh	44
vla	44
map	44
bum	44
mut	44
urĝ	44
mko	44
ped	44
uva	44
gej	44
elf	44
olĉ	44
air	44
zam	44
taĉ	44
pje	43
aŭf	43
ash	43
hit	43
egr	43
reŝ	43
rĝe	43
cap	43
ajb	43
jba	43
nsd	43
ĉat	43
emd	43
ĉit	43
nil	43
sum	43
fit	43
zaj	43
agn	43
uad	43
ihi	42
haz	42
eŭt	42
oĝe	42
uku	42
raa	42
uig	42
eĉj	42
ŭzo	42
aŝo	42
eje	42
luo	42
mni	42
abr	42
hol	42
dmi	42
nmo	42
dud	41
ciz	41
onn	41
dim	41
rnu	41
elŝ	41
tla	41
eor	41
gva	41
arŝ	41
set	41
vsk	41
roĉ	41
tmo	41
fle	41
kem	41
ĝaf	40
cto	40
eŭr	40
lur	40
rca	40
arr	40
iin	40
sud	40
skv	40
omf	40
ish	40
him	40
nho	40
ach	40
aĉi	40
iur	40
ktr	40
ikv	40
iĉi	40
niz	40
tof	40
ĝem	40
roi	40
fur	40
sel	40
cxi	39
jua	39
nno	39
ajd	39
iop	39
lau	39
aus	39
tta	39
sej	39
vna	39
gam	39
pic	39
eag	39
pom	39
nea	39
kab	39
poe	39
nui	39
mol	39
urt	39
reĉ	39
ipl	39
akŝ	38
rĉu	38
iuk	38
cla	38
tei	38
lĉa	38
ŭlo	38
igl	38
paj	38
eoj	38
tfo	38
uke	38
ĉad	38
unv	38
nfu	38
usi	38
giĝ	38
lst	38
oso	38
enŝ	38
mbi	38
cob	37
lja	37
aag	37
neĝ	37
rje	37
uaj	37
sop	37
nja	37
kug	37
ugl	37
mma	37
tug	37
esc	37
orĵ	37
ŝŝŝ	37
nva	37
bie	37
zet	37
ett	37
ved	37
sha	37
adm	37
ump	37
moc	37
lso	37
lsp	37
alc	36
hul	36
ack	36
nud	36
jud	36
aŝe	36
ilk	36
jul	36
inn	36
ŭdo	36
rĵe	36
ŝoj	36
eee	36
tuk	36
vec	36
ŝiĝ	36
ium	36
ĝad	36
rŝi	36
lci	35
ŭfo	35
gek	35
arj	35
omm	35
gxi	35
upa	35
okc	35
tle	35
ĉel	35
rro	35
tte	35
usk	35
gle	35
rĝo	35
rut	35
sla	35
oho	35
poŝ	35
fad	35
kak	35
pad	35
elm	35
zia	35
ise	35
héc	34
éct	34
ruf	34
leŭ	34
ugu	34
eŝa	34
hia	34
sac	34
enj	34
peg	34
uge	34
sse	34
pte	34
ŝos	34
ĉil	34
maf	34
jto	34
gha	34
zic	34
gaz	34
nri	34
ksu	34
sfo	34
unl	34
teb	34
eĝu	33
mte	33
elj	33
uzu	33
lbu	33
maŭ	33
itz	33
iil	33
acu	33
uok	33
rĝi	33
oda	33
emm	33
ulv	33
rsk	33
ĉin	33
kob	33
eĝe	33
saŭ	33
gma	33
aoj	33
pes	33
avr	33
jos	33
uit	33
ejn	33
usp	33
ekf	33
iat	33
nĥa	32
amt	32
ilj	32
hiu	32
npa	32
rpi	32
fet	32
baĵ	32
lfl	32
lea	32
ulg	32
aŭn	32
oji	32
isf	32
kus	32
nem	32
ĉih	31
rju	31
lje	31
kfo	31
iĝt	31
ĝta	31
ozu	31
ath	31
zef	31
fed	31
aŝt	31
aul	31
nob	31
eam	31
ebu	31
att	31
bof	31
rfa	31
arĉ	31
ham	31
enĝ	31
gum	31
ĉag	31
rke	31
leb	31
mid	31
buĉ	31
eng	31
veĉ	30
eĉn	30
ĉni	30
unĥ	30
ĥau	30
auz	30
avĉ	30
vĉj	30
zid	30
aha	30
thi	30
lub	30
oem	30
ool	30
ŭza	30
orr	30
stt	30
mob	30
bej	30
fig	30
itt	30
obr	30
ŭgu	30
rbu	30
ŭvi	30
uve	30
fok	30
geb	30
elv	30
jub	29
iog	29
ilv	29
jda	29
xin	29
iuo	29
due	29
lŝi	29
bje	29
evn	29
lol	29
nme	29
olf	29
mna	29
ŝit	29
rau	29
oud	29
mek	29
fol	29
eba	29
epi	29
naĉ	29
eĉi	29
nje	29
isv	29
cri	28
urv	28
enĉ	28
lue	28
uaĵ	28
diz	28
the	28
sic	28
dvo	28
ĝel	28
iss	28
ikr	28
nne	28
iao	28
uja	28
paĝ	28
vjo	28
cim	28
uco	28
daĉ	28
url	28
nzi	28
sva	28
baz	28
nuo	28
unc	28
ubm	28
lĝo	28
tog	28
voz	28
hip	28
mbu	28
fuŝ	28
uls	28
iaĵ	28
svi	28
rra	28
vja	27
sag	27
uĝo	27
imb	27
ull	27
ess	27
ugh	27
ogu	27
maĵ	27
uvi	27
hoj	27
ded	27
nak	27
jma	27
tef	27
feb	27
ŝev	27
dav	27
gne	27
gut	27
ibl	27
kej	27
ovl	27
tif	27
nsf	27
big	27
sip	26
nap	26
ajf	26
gap	26
luj	26
lke	26
hos	26
its	26
laf	26
cor	26
kha	26
gef	26
taz	26
gol	26
tpa	26
ehe	26
nĉa	26
nsk	26
kju	25
izz	25
you	25
nuf	25
peo	25
rry	25
ĥan	25
aŝu	25
nch	25
row	25
geo	25
obj	25
jol	25
jal	25
nai	25
tto	25
ĉen	25
eit	25
zel	25
riu	25
isc	25
dau	25
koh	25
abu	25
nav	25
inm	25
ulm	25
nfl	25
igx	25
tap	25
ĉiĝ	25
ĝit	25
veb	25
ekm	25
bst	25
lvj	24
lkf	24
zzi	24
wit	24
joĉ	24
sug	24
guþ	24
uþo	24
tti	24
ekc	24
lĝu	24
oĉa	24
mmo	24
ŝov	24
aps	24
iar	24
ŝaf	24
kdo	24
loz	24
lal	24
pia	24
oig	24
die	24
tez	24
kfl	24
cho	24
upt	24
kav	24
zol	24
amf	24
mmy	23
ltz	23
ady	23
aar	23
eos	23
adv	23
raŝ	23
zoo	23
nuj	23
tau	23
vuo	23
egm	23
azu	23
iĝe	23
mda	23
kac	23
uns	23
fus	23
uks	23
ais	23
ŭno	23
ems	23
iĉu	23
goc	23
aŭb	23
veg	23
ovs	23
zim	22
ŭdu	22
agd	22
dli	22
adj	22
tja	22
alĉ	22
mbe	22
bap	22
ruz	22
luf	22
lei	22
vra	22
zec	22
rtp	22
sfe	22
ebi	22
eke	22
anf	22
ful	22
apl	22
jaj	22
ŝmi	22
arp	22
ĝig	22
aal	21
ewi	21
erj	21
gda	21
xis	21
ndl	21
urh	21
sxi	21
ifl	21
dac	21
afr	21
cea	21
aud	21
ofr	21
cal	21
rij	21
bei	21
isl	21
fej	21
ael	21
lĉe	21
hat	21
nuk	21
ldu	21
oll	21
roa	21
zad	21
mec	21
ebe	21
epu	21
enb	21
sme	21
saĵ	21
gaa	20
uaf	20
oac	20
wil	20
feo	20
hur	20
jur	20
eev	20
ekh	20
tlo	20
uar	20
sii	20
oha	20
bub	20
ŭta	20
naĥ	20
iit	20
fat	20
ual	20
zek	20
nub	20
mie	20
cul	20
eŝi	20
dak	20
anz	20
udr	20
aŭm	20
zeb	19
ilb	19
smu	19
eau	19
ĉik	19
jfa	19
uob	19
onh	19
atj	19
maq	19
iod	19
faŝ	19
bsu	19
nks	19
jti	19
seĝ	19
reh	19
orĝ	19
diu	19
sea	19
oju	19
ŭan	19
jig	19
neo	19
ĉaĵ	19
iøi	19
zat	19
afl	19
lep	19
lsi	19
okk	18
duf	18
peĉ	18
abb	18
bba	18
lls	18
agŭ	18
gŭa	18
lex	18
orj	18
zak	18
kiz	18
sht	18
ljo	18
lof	18
lĉi	18
nny	18
ŭtu	18
ged	18
elĉ	18
ght	18
rŝu	18
opu	18
lha	18
qui	18
lkl	18
zof	18
bib	18
oĉi	18
ŭir	18
got	18
kod	18
sho	18
bme	18
sfa	18
rer	18
urk	18
fem	18
gem	18
ain	18
oge	18
nei	18
olŝ	18
aaa	18
ŭti	18
kma	18
irl	18
maĉ	18
gho	18
vej	18
øin	17
sew	17
cuk	17
omk	17
obĉ	17
bĉj	17
dĉj	17
uck	17
æiu	17
itl	17
nlo	17
sbu	17
duŝ	17
dvi	17
nag	17
gnu	17
kau	17
lŝp	17
sut	17
psu	17
ntf	17
oŝi	17
tka	17
aĥe	17
vua	17
kid	17
cem	17
ipt	17
lki	17
fiz	17
ois	17
rbr	17
otu	17
dov	17
liu	17
ŝnu	17
dur	17
cad	17
tha	17
kpa	17
rfu	17
zii	17
uĉo	17
iec	17
dap	17
efl	17
ear	17
kog	17
dea	17
isd	17
rle	17
nzo	17
ske	17
exi	16
ŝĉi	16
wor	16
yss	16
opp	16
ony	16
ziv	16
vru	16
nck	16
dru	16
rah	16
amm	16
þaj	16
mdu	16
ĉok	16
mop	16
piz	16
kho	16
stm	16
ppe	16
cke	16
sev	16
tku	16
dii	16
pus	16
nlu	16
nĉj	16
iĥa	16
hez	16
nbe	16
eul	16
þat	16
keg	16
ieg	16
tii	16
aŭu	16
rja	16
ŝvi	16
aos	16
uĉa	16
ghu	16
haj	16
hei	16
nsv	16
aŭo	16
dot	16
lre	16
tse	16
laa	15
moe	15
oom	15
sty	15
ejŝ	15
jŝĉ	15
rks	15
dje	15
pau	15
joa	15
ozk	15
zko	15
zeo	15
oui	15
ŭvo	15
aju	15
low	15
aid	15
ŭaj	15
caĵ	15
zac	15
our	15
kno	15
rch	15
joh	15
soi	15
oif	15
oŝo	15
sco	15
efk	15
uca	15
agl	15
oin	15
jup	15
oez	15
lij	15
uĝu	15
oid	15
unĉ	15
eim	15
bti	15
nĉu	15
lgl	15
mea	15
ĵal	15
nic	15
ked	15
jra	15
suĉ	15
kai	15
eid	15
øis	15
rre	15
asm	15
tma	15
ajh	15
jho	15
nsm	15
ufa	15
ŝak	15
anø	15
ija	15
ekb	15
fta	15
tko	15
rkl	15
tep	15
gxo	15
ŭst	15
mno	15
nre	15
eak	15
lii	15
ŝig	15
áng	14
onw	14
nwo	14
edĉ	14
cky	14
imm	14
mml	14
mle	14
she	14
oar	14
tho	14
aŝl	14
owi	14
iac	14
lou	14
aon	14
zus	14
onĉ	14
kpe	14
ruj	14
aop	14
iaf	14
muk	14
raý	14
taý	14
ĉem	14
toŝ	14
ift	14
miĥ	14
inb	14
asf	14
lao	14
vap	14
mlo	14
aiv	14
asc	14
ruu	14
gik	14
gxu	14
elb	14
arf	14
pup	14
tiø	14
aŭp	14
opl	14
aŭk	14
stv	14
eol	14
rpl	14
lfi	14
kfu	14
nbr	14
kpl	14
svo	14
vem	14
ŝpr	14
dka	14
kud	14
iøo	14
ofa	14
ŝve	14
fli	14
koĉ	13
hto	13
ŝli	13
iov	13
hut	13
utt	13
idp	13
vao	13
æio	13
hof	13
vaŝ	13
ĝui	13
koz	13
ĉeo	13
gea	13
evs	13
zmu	13
gei	13
mao	13
kaý	13
efr	13
ohn	13
uĝe	13
ŝra	13
arv	13
eck	13
cre	13
jmi	13
ead	13
bma	13
ech	13
beo	13
uen	13
faŭ	13
uec	13
buf	13
vle	13
oca	13
nŝi	13
moz	13
tuz	13
iøa	13
ŝel	13
led	13
rŝo	13
unh	13
deŝ	13
bop	13
pso	13
ĉig	13
daĝ	13
ŝok	13
rpu	13
vam	13
sts	13
tuo	13
tve	13
baj	13
mfi	13
neŭ	13
nog	13
xxx	13
ooo	13
seb	13
bán	12
uly	12
lys	12
műn	12
űnc	12
chh	12
hha	12
hau	12
jea	12
álv	12
leĉ	12
eĵe	12
nah	12
yak	12
aok	12
puj	12
tce	12
idv	12
way	12
ahm	12
øus	12
unj	12
mue	12
isu	12
fim	12
woo	12
olm	12
stl	12
usu	12
ulh	12
itm	12
amk	12
dze	12
osf	12
ŝof	12
nhe	12
pej	12
lmi	12
fue	12
okl	12
wer	12
lge	12
tov	12
olb	12
rst	12
ŭzi	12
øas	12
afm	12
fmo	12
riŝ	12
lgo	12
baĉ	12
gie	12
rri	12
tvi	12
olk	12
elg	12
ĝet	12
viŝ	12
ott	12
ajp	12
tod	12
irt	12
oĉd	12
ĉdo	12
bee	12
eem	12
ĥon	12
uĉi	12
mbl	12
dip	12
geg	12
kka	12
iii	12
mse	12
fib	12
onr	12
sso	12
stk	12
ogn	12
noz	12
gaĵ	12
ksk	12
ŝut	12
ufl	12
otr	12
eeg	11
peĵ	11
nth	11
hmm	11
unŝ	11
zva	11
ray	11
nnl	11
nuŝ	11
cra	11
cow	11
wen	11
nhu	11
jfo	11
owa	11
dpu	11
baa	11
stf	11
ĥer	11
cle	11
azm	11
ĝua	11
eer	11
utm	11
elc	11
uic	11
inĝ	11
hio	11
aýd	11
oer	11
ovn	11
tib	11
emj	11
ĥao	11
gid	11
eel	11
aut	11
lŝe	11
iav	11
koi	11
laz	11
isŝ	11
sŝi	11
kip	11
nod	11
ĉus	11
itk	11
bek	11
dma	11
dei	11
uet	11
lkr	11
seo	11
cki	11
buo	11
kni	11
ngh	11
uŝe	11
tiz	11
lvu	11
tno	11
que	11
ogl	11
ĉif	11
ncy	10
joz	10
utc	10
wia	10
tsb	10
rnh	10
ojf	10
opf	10
bao	10
ics	10
sau	10
ltf	10
ĵer	10
emk	10
nou	10
feg	10
mmm	10
giu	10
suj	10
kdu	10
mic	10
aýe	10
aan	10
ntk	10
efu	10
ĉiv	10
nŝt	10
ĥej	10
uce	10
jza	10
muŝ	10
now	10
iej	10
goe	10
iuf	10
edr	10
kaĝ	10
aĥi	10
ŭse	10
aŭc	10
oml	10
akf	10
vez	10
ssi	10
toĉ	10
ejl	10
teu	10
tsc	10
vom	10
mvi	10
fei	10
vlu	10
ŭba	10
wal	10
eig	10
cus	10
umf	10
meb	10
ipk	10
eaj	10
duj	10
sdi	10
ubu	10
iok	10
ghe	10
ĉof	10
ŭig	10
ams	10
mog	10
ĝat	10
imn	10
ŭmo	10
aĵe	10
tob	10
ejt	10
dba	10
urz	10
osu	10
npl	10
elr	10
ulk	10
ngx	10
kpr	10
mre	10
orŝ	10
act	10
nmi	10
anp	10
aby	9
hmk	9
nkh	9
sys	9
yst	9
ciĥ	9
yuk	9
jef	9
xiu	9
ije	9
tty	9
feĉ	9
ooj	9
uje	9
moh	9
kua	9
isb	9
fto	9
mai	9
aiz	9
atm	9
ail	9
ejz	9
evg	9
vge	9
juv	9
boĉ	9
hap	9
ekĝ	9
eha	9
jag	9
uop	9
wel	9
kku	9
fut	9
gov	9
ŝil	9
oon	9
ĝec	9
bou	9
bag	9
sxa	9
lho	9
oen	9
kkv	9
ŭis	9
opt	9
ips	9
lbr	9
jpi	9
faz	9
eĉo	9
igm	9
daý	9
rsh	9
xan	9
haa	9
ŝtr	9
ofl	9
aýz	9
juk	9
nfr	9
rkr	9
jla	9
app	9
zum	9
unb	9
izu	9
tav	9
kbr	9
deĵ	9
uss	9
ndv	9
biĝ	9
kmo	9
rsu	9
sie	9
iŝa	9
edb	9
nro	9
ock	9
ŭma	9
xav	8
uef	8
ŭit	8
ĝuu	8
aqj	8
qju	8
laĥ	8
ffy	8
kae	8
acl	8
yan	8
mei	8
eij	8
akn	8
okh	8
laŝ	8
moĉ	8
lgv	8
sjo	8
eps	8
pst	8
fko	8
osl	8
yer	8
hae	8
maa	8
ikf	8
muĝ	8
jad	8
sbo	8
ovj	8
duc	8
sez	8
sih	8
suv	8
acx	8
ebb	8
ĝim	8
kuv	8
nib	8
atĉ	8
ĥaj	8
mjo	8
gag	8
mim	8
rcu	8
eĥo	8
biz	8
eac	8
ŝko	8
vte	8
wat	8
aun	8
hew	8
eĉa	8
siv	8
bog	8
odk	8
dko	8
aya	8
oit	8
kkr	8
ĥin	8
pog	8
mdo	8
efp	8
jmu	8
vop	8
lkv	8
ueb	8
koo	8
cez	8
ŝaĵ	8
ceo	8
pha	8
iŝi	8
sib	8
tch	8
irp	8
ŭul	8
aug	8
gim	8
keb	8
ĉak	8
vaĉ	8
shu	8
bud	8
iea	8
ýzi	8
ngt	8
ziu	8
ush	8
unm	8
zep	8
nba	8
ĉeĥ	8
rvj	8
vju	8
ŭde	8
tba	8
fug	8
gau	8
uch	8
mfe	8
aĥa	8
ŭbr	8
ŝka	8
nle	8
bia	8
lsk	8
vre	8
ukl	8
obu	8
iag	8
ŝma	8
hem	8
ifr	8
nip	8
ĵor	8
iŝe	8
teĥ	8
eĥn	8
oĉe	8
edp	8
nef	8
aјo	8
jik	7
bry	7
rya	7
eĝl	7
ĝla	7
buj	7
uhu	7
þon	7
ity	7
beu	7
udl	7
wag	7
avs	7
ŭru	7
hey	7
rly	7
lyc	7
kfi	7
jej	7
oet	7
oŝe	7
rtk	7
doĉ	7
hop	7
eŭg	7
ŭge	7
eny	7
ltl	7
tij	7
lgi	7
jdi	7
æin	7
nau	7
jec	7
tĉo	7
gue	7
vlo	7
ols	7
dfa	7
hre	7
ŭco	7
ndb	7
ikk	7
apd	7
pdo	7
gib	7
aue	7
oŝk	7
ivt	7
buk	7
col	7
oln	7
loo	7
ipu	7
oco	7
vod	7
aŝk	7
gun	7
eĉu	7
tje	7
hus	7
oaĵ	7
ziø	7
noi	7
eil	7
ndp	7
dpa	7
nds	7
ŭpl	7
aĉm	7
ĉme	7
kim	7
xaj	7
uxr	7
onz	7
nza	7
ahe	7
ekg	7
ueg	7
rmt	7
paĵ	7
ior	7
sst	7
vib	7
rgl	7
cam	7
wol	7
doz	7
ecu	7
iph	7
owe	7
ilg	7
gmo	7
rbl	7
ŝaĉ	7
otl	7
pka	7
jdo	7
jpa	7
mtu	7
msi	7
jis	7
mja	7
nih	7
gac	7
rsv	7
unf	7
nup	7
mii	7
omn	7
iak	7
kub	7
elĵ	7
lĵe	7
juz	7
jet	7
ŭfl	7
iau	7
upu	7
bta	7
ufu	7
ĉeg	7
kzo	7
ezn	7
inĉ	7
ĝko	7
ceg	7
eĥa	7
iŝk	7
øon	7
rzo	7
iaĉ	7
eet	7
muf	7
rsp	7
faĵ	7
zeg	7
jiĝ	7
eĵo	7
nbu	7
gxa	7
ŭve	7
rou	7
hah	7
ulf	7
agh	7
ijn	6
pee	6
hnk	6
huw	6
uwa	6
agt	6
cuc	6
rye	6
rnd	6
ziz	6
guy	6
who	6
job	6
mof	6
jae	6
aec	6
baý	6
lck	6
pii	6
beĉ	6
mki	6
lms	6
uaĥ	6
aŭh	6
ŭhi	6
sey	6
ayb	6
etŝ	6
dge	6
xjo	6
amz	6
mzo	6
ŝek	6
irŝ	6
rŝl	6
ktp	6
msa	6
aji	6
osc	6
fjo	6
jod	6
vei	6
phe	6
muj	6
teh	6
ets	6
sde	6
gst	6
uft	6
twa	6
aff	6
gve	6
eof	6
ook	6
ejs	6
ivk	6
zod	6
out	6
ilf	6
giz	6
umv	6
ŝib	6
iŝt	6
noc	6
ŝed	6
mla	6
icu	6
lee	6
clo	6
nøi	6
uiz	6
dop	6
kao	6
tpe	6
tai	6
how	6
atc	6
lĉj	6
ŝeb	6
own	6
irb	6
urr	6
fep	6
dag	6
sok	6
uej	6
ŝik	6
ŝue	6
nze	6
nss	6
umt	6
oĉu	6
nij	6
gte	6
gab	6
lsh	6
uŝt	6
avl	6
rug	6
kuj	6
oor	6
rho	6
rsc	6
ojd	6
olg	6
ith	6
gip	6
hik	6
bec	6
agx	6
sob	6
ilt	6
lel	6
sxt	6
xte	6
nts	6
beg	6
rtn	6
tne	6
ahi	6
mpt	6
ŭze	6
kiv	6
þan	6
anv	6
aøo	6
liø	6
aýr	6
ĝil	6
ĝok	6
anl	6
onl	6
dog	6
gob	6
rtv	6
pne	6
eŭm	6
abd	6
neu	6
chr	6
ŝad	6
nhi	6
urŝ	6
agp	6
gpo	6
smi	6
uts	6
nŝl	6
rza	6
aĵi	6
ĵis	6
mdi	6
vum	6
vot	6
goi	6
roe	6
ŭpa	6
keo	6
war	6
gxe	6
xem	6
ĝeg	6
irv	6
gom	6
rgr	6
ĉip	6
ĥni	6
iap	6
iev	6
het	6
dmo	6
vip	6
pem	6
alz	6
jnŝ	5
ĥai	5
may	5
ybe	5
epd	5
pde	5
æia	5
tŝe	5
ŝef	5
ýdu	5
acy	5
urá	5
rái	5
yev	5
ihn	5
rkk	5
kki	5
idg	5
afn	5
fnu	5
cxj	5
rcy	5
pma	5
kei	5
oeb	5
bbe	5
soe	5
nuv	5
taĥ	5
ĥik	5
coi	5
kĝo	5
dbu	5
brr	5
oph	5
chm	5
kyr	5
oas	5
rys	5
rgs	5
chn	5
ŝki	5
sri	5
vka	5
icr	5
jhu	5
oĥi	5
ĝuo	5
ýdi	5
mev	5
ntj	5
kuo	5
rmd	5
cti	5
ejd	5
cur	5
gfi	5
hab	5
akz	5
scu	5
ncl	5
ipp	5
ĥae	5
jaa	5
oop	5
ŝuf	5
ŭko	5
mta	5
aŭŝ	5
sfi	5
moi	5
rmb	5
zju	5
nuz	5
kea	5
amv	5
ĉek	5
ttu	5
atf	5
iah	5
jtu	5
exa	5
ĵar	5
ejp	5
þia	5
ibm	5
sja	5
xoj	5
hee	5
gud	5
ppo	5
olp	5
ehr	5
inr	5
hig	5
mps	5
bav	5
fga	5
sss	5
ubj	5
eus	5
mso	5
cta	5
ils	5
ŭaŭ	5
zno	5
heh	5
pip	5
ŭka	5
esl	5
sca	5
had	5
isr	5
egl	5
niø	5
jli	5
fuþ	5
sfu	5
liŝ	5
dne	5
nøo	5
ĝaĉ	5
cci	5
ntl	5
uak	5
ivr	5
lĝe	5
och	5
hep	5
eap	5
eut	5
hri	5
gua	5
fiĝ	5
koŝ	5
oŝm	5
tsi	5
deĉ	5
ŝtm	5
see	5
tpr	5
ŝet	5
udk	5
uxd	5
sky	5
xas	5
hai	5
ugn	5
ood	5
emf	5
mfa	5
epl	5
uus	5
siu	5
vof	5
gec	5
rru	5
ikc	5
asb	5
kmi	5
zej	5
peb	5
lai	5
ohe	5
ŭla	5
tid	5
oak	5
inp	5
cxe	5
jle	5
kof	5
ŝej	5
roŝ	5
ekŝ	5
hes	5
arz	5
emr	5
tui	5
ĉec	5
pum	5
lfu	5
aĵa	5
iem	5
cum	5
sfl	5
ads	5
dsk	5
dpo	5
ŝam	5
evt	4
vti	4
pré	4
rév	4
éve	4
msu	4
rdf	4
pou	4
fuh	4
uhr	4
biŝ	4
eik	4
mau	4
hmo	4
yri	4
nym	4
ymu	4
esd	4
ewe	4
ftw	4
waf	4
nbk	4
oĉk	4
ĉki	4
hne	4
miy	4
iya	4
yaz	4
hay	4
yao	4
asr	4
ŝiv	4
boĝ	4
dna	4
æar	4
noĥ	4
goh	4
þoj	4
sév	4
évi	4
gny	4
umŝ	4
mŝt	4
vav	4
asú	4
ĝoŝ	4
bik	4
fpe	4
ngf	4
dee	4
vep	4
cop	4
ĥos	4
sro	4
egp	4
ĉaĉ	4
ŭni	4
zal	4
ieu	4
tah	4
gui	4
vuj	4
kge	4
nuu	4
ŭgi	4
miŝ	4
atp	4
ŭŝa	4
doe	4
lks	4
ksm	4
akh	4
fkv	4
eog	4
ngd	4
gdi	4
iha	4
iŝu	4
teĉ	4
dow	4
jap	4
rty	4
nnu	4
laq	4
rĉj	4
pse	4
eŭd	4
kaþ	4
aþi	4
bbi	4
aĉg	4
ĉgu	4
jot	4
too	4
ltk	4
aol	4
iml	4
usj	4
krj	4
bha	4
tĉa	4
jog	4
dja	4
gop	4
hib	4
azk	4
zkr	4
kdi	4
emc	4
mce	4
rkv	4
eiĝ	4
mdm	4
mfl	4
ndm	4
doh	4
iuc	4
mde	4
odl	4
ŭgo	4
aŭĉ	4
poo	4
pss	4
jnf	4
dju	4
fip	4
ndk	4
rtb	4
doc	4
tva	4
shl	4
hlo	4
mka	4
leŝ	4
eŝo	4
sui	4
exc	4
auc	4
fiv	4
bac	4
umm	4
ŭat	4
zot	4
olr	4
dlu	4
neh	4
nkf	4
idl	4
tiĉ	4
eob	4
utn	4
ŭsc	4
bok	4
deu	4
aĝk	4
voŝ	4
oŝp	4
nof	4
cai	4
ldk	4
øos	4
ĉej	4
æas	4
uvu	4
sli	4
kja	4
off	4
erĝ	4
biĉ	4
ĉko	4
ioa	4
eok	4
lĉu	4
eek	4
kay	4
nkm	4
efv	4
boh	4
jeg	4
rkt	4
ugf	4
gfo	4
ect	4
jnu	4
irs	4
icp	4
sai	4
inl	4
oug	4
ows	4
tfa	4
vaf	4
snu	4
fii	4
nbi	4
bid	4
dou	4
eur	4
nra	4
dva	4
ŭos	4
gaĝ	4
ctr	4
isĉ	4
sĉi	4
mra	4
itp	4
nŝe	4
ŭme	4
uth	4
sif	4
vko	4
mee	4
hoh	4
ops	4
com	4
ttr	4
sua	4
ĝho	4
oth	4
øan	4
viø	4
iøu	4
viu	4
cxa	4
xri	4
kii	4
umn	4
jov	4
nvu	4
sod	4
јoj	4
paý	4
neĉ	4
vov	4
ubp	4
onm	4
ĝdo	4
lpt	4
ntm	4
dpi	4
eĉe	4
erz	4
tsu	4
icx	4
kpo	4
npu	4
jre	4
iob	4
jke	4
xon	4
asx	4
sda	4
saĥ	4
uct	3
aml	3
zes	3
jdu	3
aty	3
xra	3
osr	3
jao	3
gpu	3
yea	3
eah	3
øuu	3
kev	3
ĝiz	3
fiæ	3
iæe	3
vaa	3
lgu	3
joe	3
ĉij	3
mef	3
uzl	3
zli	3
kss	3
teŭ	3
ogg	3
ggl	3
kbo	3
okd	3
izj	3
jum	3
cot	3
ndf	3
rmm	3
ibc	3
bcu	3
gih	3
ehm	3
wev	3
ntù	3
cuj	3
ajä	3
jän	3
änk	3
nkä	3
ŭce	3
heĝ	3
ĵoŝ	3
oŝr	3
vau	3
ilĉ	3
rgp	3
gpl	3
edm	3
wne	3
ĥeĝ	3
ĝak	3
seŭ	3
evĉ	3
vĉe	3
jez	3
zuo	3
reø	3
eøe	3
øej	3
þin	3
udh	3
dho	3
þiø	3
edd	3
ddy	3
piŭ	3
tkv	3
zaý	3
sao	3
erĵ	3
rĵb	3
ĵbi	3
sxp	3
xpa	3
ebh	3
itĉ	3
bhe	3
mmh	3
omj	3
ouv	3
cub	3
piv	3
lŝo	3
brj	3
ĝlo	3
goa	3
moo	3
fob	3
esb	3
sbe	3
cht	3
cdo	3
ndn	3
dno	3
dib	3
imf	3
ĉuk	3
tfe	3
ulj	3
kow	3
amd	3
poi	3
lfg	3
jut	3
utv	3
atv	3
egh	3
nao	3
ctu	3
usl	3
ltv	3
avb	3
psa	3
xce	3
iĥo	3
fif	3
oĝu	3
ĝur	3
hns	3
riĥ	3
iuv	3
knu	3
wei	3
stj	3
ĵen	3
lch	3
fpr	3
eft	3
moĵ	3
sre	3
shp	3
hpa	3
pea	3
nøe	3
mve	3
uþi	3
oel	3
ajm	3
moa	3
bsi	3
dve	3
ŭtr	3
idn	3
uĉe	3
eræ	3
uav	3
ntn	3
ppu	3
puc	3
ucc	3
obb	3
bbl	3
omŝ	3
gog	3
kbe	3
lhu	3
acp	3
ayl	3
ĝof	3
umk	3
idk	3
iqu	3
iĉk	3
huŝ	3
ŝri	3
mĉa	3
vii	3
ues	3
kgr	3
tpu	3
puf	3
fve	3
odr	3
kne	3
uzm	3
tfi	3
ict	3
gij	3
ĥab	3
bce	3
fka	3
ĥar	3
ufr	3
juo	3
ltp	3
cpa	3
cjo	3
eph	3
asŝ	3
ltn	3
oek	3
ndt	3
ikh	3
zie	3
urj	3
juŝ	3
toc	3
edf	3
voŭ	3
eav	3
utf	3
jml	3
sno	3
edw	3
ecx	3
bam	3
asv	3
ous	3
bko	3
suz	3
zaĉ	3
ĥno	3
nsŝ	3
sŝa	3
sle	3
oun	3
jde	3
inh	3
umr	3
nŝu	3
eju	3
lru	3
cic	3
sna	3
ilh	3
gof	3
hid	3
idr	3
ŭku	3
ngs	3
zob	3
hoi	3
skp	3
ŝaŭ	3
eaŭ	3
ipd	3
kfa	3
rŝt	3
ogh	3
rll	3
tŝi	3
aĝp	3
ŝtk	3
bau	3
oir	3
tlu	3
taf	3
esh	3
ŝus	3
god	3
þut	3
maø	3
hte	3
pci	3
uum	3
ojk	3
loa	3
atb	3
peĝ	3
tso	3
ĝor	3
rĵu	3
ahu	3
xul	3
sxu	3
rth	3
lza	3
euz	3
eaĉ	3
aŝv	3
ubk	3
iĝf	3
ĝfe	3
zbi	3
piĉ	3
rzu	3
idm	3
ĝir	3
skt	3
nop	3
ejb	3
olh	3
øoj	3
miø	3
naý	3
arĥ	3
rĥi	3
piŝ	3
azt	3
uĉu	3
ieb	3
oal	3
etn	3
kŝa	3
bdo	3
koa	3
kib	3
ipn	3
pno	3
tst	3
aft	3
jhe	3
voc	3
zag	3
jmr	3
fai	3
ŭna	3
isg	3
kĝe	3
ojl	3
ouz	3
wig	3
dst	3
say	3
tuc	3
any	3
kag	3
whe	3
kpu	3
ikm	3
eth	3
wan	3
rrr	3
onb	3
swe	3
bui	3
ŭsi	3
aas	3
ĝpe	3
aqu	3
vob	3
uxs	3
xsk	3
deh	3
sei	3
yos	3
hea	3
ney	3
kmu	3
ceb	3
xia	3
xig	3
chw	3
uuu	3
cou	3
jri	3
puk	3
zzz	3
bob	3
rze	3
ait	3
cvo	3
oĝl	2
kzu	2
woj	2
ojc	2
jci	2
ngm	2
ozj	2
zjm	2
jfi	2
weh	2
hrm	2
mcd	2
plá	2
lát	2
áti	2
lji	2
jiĉ	2
rró	2
rón	2
lfk	2
fkl	2
ĉri	2
ŭad	2
rmh	2
mho	2
iĉn	2
ĉna	2
nkk	2
eĵd	2
ĵda	2
fov	2
ŭĉe	2
ĥov	2
ueu	2
cov	2
idb	2
dbo	2
ŭŝt	2
oct	2
nct	2
hoe	2
vbe	2
skŭ	2
kŭa	2
imk	2
cæl	2
æli	2
kiĥ	2
ĥot	2
tiŝ	2
noĵ	2
oĵo	2
xio	2
wul	2
ims	2
aĥo	2
ĥoj	2
ĵuk	2
mpf	2
pfe	2
egg	2
gge	2
coz	2
aró	2
róg	2
tni	2
zed	2
fee	2
eip	2
ipz	2
pzi	2
ftr	2
oĵa	2
ĵae	2
aev	2
raĥ	2
otg	2
tgu	2
þul	2
mby	2
þir	2
goz	2
øer	2
dry	2
kaø	2
þve	2
þit	2
tuf	2
zip	2
dup	2
nĝk	2
noe	2
iŝv	2
ýro	2
oan	2
edv	2
cei	2
eic	2
cao	2
ýri	2
fth	2
akæ	2
kæe	2
æen	2
ræa	2
aĵŝ	2
ĵŝa	2
øen	2
otm	2
prĵ	2
ĵev	2
diŝ	2
mŝi	2
ŝiŝ	2
akb	2
ndĉ	2
lix	2
mae	2
cpo	2
jim	2
tay	2
ylo	2
jmt	2
ŭeb	2
bdi	2
cec	2
riq	2
goĵ	2
oĵk	2
ĵki	2
qul	2
oap	2
hud	2
uds	2
dso	2
ozp	2
zpe	2
uaŝ	2
aŝr	2
ĝid	2
rmĉ	2
zlo	2
llf	2
ŭus	2
kth	2
iŝf	2
ŝfu	2
yor	2
new	2
acq	2
cqu	2
why	2
nŝp	2
udv	2
hou	2
ouŝ	2
coŝ	2
bmo	2
etk	2
cug	2
gdr	2
orz	2
abc	2
zaĥ	2
ibn	2
bni	2
ssr	2
kdr	2
ĉur	2
lni	2
bdu	2
lmd	2
cek	2
avc	2
vcj	2
ŭon	2
ĥig	2
ŝem	2
jmb	2
igb	2
gbr	2
ŭkc	2
epc	2
pce	2
fof	2
ŭne	2
oby	2
spj	2
pju	2
vse	2
fog	2
ĥaĝ	2
eaf	2
daǔ	2
aǔr	2
ǔri	2
tju	2
afg	2
ubg	2
bgr	2
dfi	2
huf	2
lgx	2
joy	2
oyc	2
yce	2
bow	2
wst	2
guj	2
xdi	2
kyw	2
ywa	2
owd	2
wde	2
dwa	2
esn	2
udó	2
lsd	2
gaĉ	2
ukr	2
ley	2
ujt	2
mbk	2
niĉ	2
ĝib	2
doo	2
ooh	2
dai	2
hhh	2
sec	2
ikp	2
hov	2
ltt	2
dkr	2
ĵam	2
icc	2
tli	2
tci	2
etp	2
okv	2
ŝpi	2
hed	2
ivn	2
irf	2
nsn	2
ekj	2
uil	2
anŝ	2
itb	2
pam	2
mto	2
uoz	2
sap	2
iaĝ	2
eml	2
mli	2
rmp	2
ncf	2
cfi	2
ĥem	2
ŭtp	2
utb	2
ryk	2
pdr	2
boŝ	2
sze	2
lmr	2
isł	2
wis	2
eaĵ	2
tow	2
tvo	2
fti	2
eeĥ	2
eĥi	2
vog	2
zok	2
eŝe	2
akp	2
tke	2
ĝob	2
tfr	2
rtt	2
eĝh	2
etl	2
elh	2
gdo	2
zha	2
øit	2
gtr	2
aøi	2
riø	2
uþa	2
taø	2
opc	2
jkr	2
itc	2
tbl	2
evr	2
uid	2
itd	2
tdo	2
btr	2
bua	2
jxa	2
asl	2
sxe	2
ŝru	2
xit	2
ĝeb	2
ĵaŭ	2
dle	2
lŝt	2
otŝ	2
liq	2
upl	2
lah	2
ŭav	2
inz	2
loi	2
zuk	2
uŝk	2
eod	2
kfr	2
zov	2
atn	2
rzi	2
dpe	2
jbo	2
hev	2
ĝot	2
sth	2
eiv	2
dlo	2
æal	2
aæa	2
ĥit	2
ztr	2
jaĉ	2
law	2
iaý	2
hok	2
laæ	2
ary	2
ĥol	2
gto	2
noĉ	2
aor	2
bii	2
edl	2
ovk	2
vac	2
tze	2
sra	2
rae	2
huo	2
aua	2
cat	2
rgh	2
omg	2
mgr	2
bpa	2
msp	2
etz	2
hta	2
ŭmi	2
ŭaĵ	2
ĥor	2
aah	2
sgl	2
dob	2
kŝv	2
ahh	2
tme	2
slu	2
meh	2
ums	2
tza	2
nkp	2
ĵan	2
roĥ	2
lŝu	2
ods	2
bpr	2
ovg	2
goo	2
amh	2
jui	2
bod	2
aly	2
tmi	2
ĉma	2
efm	2
fmi	2
wee	2
yin	2
yes	2
unn	2
utl	2
esm	2
mst	2
muc	2
lce	2
eff	2
lvp	2
vpl	2
sŝu	2
paq	2
dpr	2
sxl	2
xlo	2
iyo	2
ots	2
xda	2
cru	2
iic	2
yas	2
uyo	2
etw	2
acd	2
ehi	2
tou	2
ouc	2
bay	2
ats	2
voi	2
eds	2
izm	2
zme	2
owh	2
puĉ	2
cks	2
ups	2
eye	2
ícu	2
tee	2
ppa	2
roy	2
emt	2
roh	2
reŭ	2
tbi	2
ŭur	2
kek	2
siĥ	2
ejk	2
rlu	2
wie	2
ajx	2
jxo	2
xar	2
anb	2
xam	2
ahn	2
hwa	2
dwi	2
mme	2
nly	2
inŝ	2
ulĉ	2
tga	2
aed	2
udp	2
oss	2
iho	2
rjo	2
jee	2
izk	2
gaf	2
gpr	2
gav	2
cpe	2
ldm	2
tĉj	2
ksh	2
duz	2
odn	2
ezm	2
dla	2
gsa	2
ĵec	2
toz	2
fpo	2
gok	2
bve	2
oms	2
gii	2
vst	2
zea	2
iĝs	2
ŝab	2
keĉ	2
aĝb	2
fuj	2
ŭsp	2
ŭbi	2
fvi	2
rdp	2
ucp	2
esj	2
ntp	2
njk	2
amg	2
adz	2
gev	2
scr	2
fec	2
uie	2
roŭ	2
ajk	2
was	2
igŭ	2
irn	2
olj	2
dré	2
ció	2
ión	2
pef	2
mud	2
mip	2
puo	2
esf	2
udm	2
oup	2
hac	2
ĝaŭ	2
lzo	2
oĝd	2
aim	2
pko	2
tsk	2
iek	2
vur	2
luĉ	2
neŝ	2
uer	2
erq	2
rqu	2
ŝen	2
orh	2
fái	2
áil	2
ncv	2
jnb	1
irĉ	1
rĉl	1
ĉle	1
neĥ	1
eĥl	1
ĥlu	1
odc	1
dco	1
coc	1
ksl	1
heb	1
bef	1
cod	1
kik	1
thc	1
hcn	1
lps	1
jaĥ	1
aĥt	1
ĥto	1
bmw	1
ezg	1
zgr	1
juĉ	1
uĉk	1
sfr	1
hŭl	1
aad	1
ioo	1
oob	1
rms	1
sdn	1
adŭ	1
dŭa	1
ssb	1
sbi	1
aav	1
ohh	1
rgb	1
gbl	1
rts	1
ŭar	1
iaq	1
aŝh	1
ŝhe	1
plr	1
lro	1
peŝ	1
eŝt	1
plt	1
gix	1
ixn	1
shc	1
hcr	1
cro	1
oaj	1
raw	1
awn	1
fly	1
acb	1
cbl	1
cce	1
aĵv	1
ĵve	1
opv	1
pva	1
rnj	1
rtc	1
ŭob	1
ekĵ	1
kĵe	1
tpi	1
adf	1
dfe	1
ŭfe	1
ldĉ	1
ejv	1
jve	1
rĉb	1
ĉba	1
ŝum	1
ĉaŝ	1
bju	1
toĝ	1
aĵu	1
ĵuo	1
apv	1
pve	1
iuz	1
kep	1
vnd	1
beh	1
eji	1
ezr	1
zru	1
dof	1
jaŭ	1
ĵaz	1
fuf	1
ltj	1
nfj	1
mav	1
gsu	1
uŝd	1
ŝdo	1
utp	1
ibé	1
amŝ	1
mŝĉ	1
mkl	1
ukm	1
iĥu	1
ĥua	1
fry	1
ryd	1
yde	1
ery	1
okf	1
hek	1
isz	1
dpl	1
oĉr	1
ĉre	1
sła	1
ław	1
sło	1
łoc	1
cof	1
rax	1
axj	1
cão	1
aph	1
irr	1
ruĉ	1
wic	1
ŭmp	1
jha	1
euc	1
iju	1
ĥis	1
cun	1
jaĵ	1
imr	1
mro	1
llj	1
bsp	1
ndh	1
dha	1
boc	1
uĝk	1
ĝio	1
ŝaŝ	1
nĝp	1
ĝpr	1
itŝ	1
hob	1
maĥ	1
iof	1
lmk	1
ĝpa	1
lph	1
std	1
tdr	1
rtf	1
mri	1
eĝb	1
ĝbu	1
uap	1
ŭsu	1
ntv	1
akj	1
rhi	1
oue	1
vhu	1
iud	1
rµi	1
µig	1
tüb	1
übi	1
otf	1
biv	1
pbh	1
rix	1
ixa	1
xaĵ	1
key	1
æee	1
iŝm	1
izh	1
rtg	1
tgo	1
ugt	1
leø	1
eøa	1
buæ	1
uæe	1
æej	1
aæe	1
æet	1
þis	1
arø	1
røa	1
øaj	1
gaý	1
ýre	1
jaø	1
laý	1
arw	1
rwa	1
æam	1
aøa	1
aýl	1
ýli	1
wre	1
mab	1
otc	1
tuu	1
uŝf	1
ŝfa	1
ŝuk	1
tyn	1
yno	1
ntc	1
meĉ	1
ujz	1
urc	1
oec	1
eho	1
lsn	1
ffa	1
fop	1
nzu	1
xet	1
uxt	1
xto	1
uzj	1
xau	1
xdo	1
xev	1
evk	1
egx	1
agf	1
ssu	1
cli	1
ilz	1
utk	1
iiu	1
ukf	1
amĉ	1
uvr	1
epj	1
pja	1
vue	1
ief	1
aýs	1
ýse	1
ĵem	1
inĥ	1
nĥo	1
avk	1
pke	1
tql	1
qlu	1
plə	1
ləl	1
əli	1
qol	1
liə	1
lək	1
pdi	1
ozŝ	1
zŝi	1
vnj	1
eŝu	1
ĉid	1
oŝa	1
gnj	1
urĉ	1
ĉep	1
lĉo	1
tnu	1
pkn	1
irh	1
lmm	1
mmu	1
opj	1
asĉ	1
sĉa	1
lco	1
ræo	1
æos	1
þas	1
æef	1
haý	1
aýt	1
ýte	1
liæ	1
iæa	1
adl	1
diø	1
æir	1
tkr	1
loĉ	1
zop	1
vaј	1
ŭaј	1
anæ	1
næo	1
æoj	1
elæ	1
læe	1
æer	1
piø	1
ciø	1
øet	1
æim	1
þer	1
aýg	1
ýga	1
aýu	1
ýen	1
elþ	1
lþu	1
æie	1
diæ	1
iæi	1
æis	1
atw	1
þok	1
aýi	1
hug	1
poa	1
aýa	1
ýan	1
nøa	1
reæ	1
eæi	1
æiø	1
ýra	1
ýda	1
øia	1
gaø	1
aæi	1
æig	1
ýza	1
øuo	1
ekþ	1
kþa	1
kiø	1
kbl	1
ĉaј	1
poĥ	1
oĥo	1
ogs	1
gse	1
јus	1
jku	1
iŝl	1
ŝla	1
oŝn	1
jnk	1
zaј	1
utj	1
jat	1
myd	1
yda	1
jtl	1
zde	1
bug	1
ugr	1
rbs	1
ŭso	1
fku	1
muĵ	1
uĵi	1
ĵik	1
boe	1
ĥia	1
ŭĉo	1
rbd	1
ovd	1
vdi	1
soo	1
kaј	1
oag	1
jmm	1
uŝm	1
ŝmo	1
aui	1
lsr	1
ubc	1
bch	1
buc	1
hms	1
ojh	1
lts	1
apf	1
pfa	1
dfr	1
irĝ	1
ftu	1
daù	1
aùr	1
ùri	1
htu	1
olc	1
hme	1
dbe	1
dbi	1
kuc	1
chj	1
hjo	1
psh	1
heg	1
hif	1
ksv	1
hef	1
olĥ	1
lĥo	1
ĥoz	1
hoo	1
lew	1
uhm	1
lbi	1
muĉ	1
evd	1
vdo	1
zze	1
hŭa	1
anh	1
idd	1
ddi	1
icm	1
cma	1
soh	1
nbl	1
ncĉ	1
cĉa	1
pku	1
zib	1
rbb	1
iuh	1
uho	1
atĝ	1
tĝu	1
aĝh	1
npi	1
mti	1
lsl	1
toa	1
eĝd	1
kkn	1
vea	1
uzh	1
nuĝ	1
ndy	1
rdv	1
ouw	1
uwe	1
iup	1
ĉim	1
slŝ	1
kda	1
ĉiz	1
eŭk	1
bka	1
zte	1
oeg	1
ĝod	1
ŭbo	1
ŭzu	1
oĥa	1
ŝle	1
jfu	1
dzp	1
zpa	1
piu	1
mkv	1
kaǔ	1
mju	1
edt	1
aŭj	1
ŭju	1
jug	1
vga	1
pao	1
loc	1
ocs	1
csa	1
awa	1
iai	1
eom	1
mhi	1
hnn	1
hni	1
jom	1
tue	1
acj	1
ĉol	1
ogm	1
ĵaj	1
omv	1
uzĝ	1
zĝi	1
rĉm	1
etc	1
rgm	1
try	1
ppy	1
ncm	1
cmo	1
boy	1
oys	1
rld	1
nyi	1
cry	1
ryi	1
wok	1
tss	1
asd	1
vgv	1
umd	1
hui	1
zwa	1
wav	1
udy	1
waa	1
koĝ	1
kee	1
iĝp	1
edn	1
ocu	1
eib	1
ffr	1
rey	1
luŝ	1
ijk	1
jox	1
oxe	1
zoi	1
erw	1
rwo	1
ŭgr	1
sge	1
bue	1
caĉ	1
bem	1
kaa	1
sbl	1
mct	1
rsx	1
oad	1
kiy	1
ory	1
yut	1
eii	1
uji	1
jii	1
suy	1
kih	1
aum	1
two	1
ruy	1
riy	1
miw	1
iwa	1
mij	1
ijy	1
jyo	1
wad	1
sah	1
yep	1
yur	1
yoj	1
oic	1
isx	1
xei	1
huh	1
xec	1
ĝag	1
jns	1
hry	1
ysl	1
daz	1
rds	1
bew	1
ewa	1
ntí	1
tíc	1
ŝav	1
hog	1
jou	1
eep	1
ŭom	1
ĝoh	1
oav	1
jsb	1
vbo	1
avt	1
eot	1
zzr	1
ntg	1
tge	1
oil	1
roĵ	1
oĵe	1
veh	1
kba	1
uĝh	1
ĝha	1
aĉt	1
ĉta	1
anr	1
ndg	1
okm	1
uml	1
mlu	1
ngb	1
gbo	1
ĥil	1
asg	1
sgi	1
irc	1
cca	1
vni	1
ĉom	1
agg	1
gga	1
kŝr	1
ukn	1
yrö	1
ksb	1
rdr	1
ovz	1
vze	1
ojm	1
uov	1
iĥe	1
rsm	1
wim	1
uŝb	1
ŝbo	1
toŭ	1
vim	1
ŭĉu	1
eŝc	1
ŝce	1
aik	1
mmi	1
seh	1
dsp	1
meĥ	1
iiv	1
ilä	1
aht	1
hti	1
söd	1
öde	1
rtä	1
täl	1
älj	1
rrl	1
rlä	1
län	1
änd	1
css	1
jtĉ	1
jxu	1
xus	1
xes	1
lcx	1
xer	1
osx	1
lsx	1
xal	1
avm	1
vma	1
xee	1
rgx	1
pij	1
ijx	1
xir	1
uxv	1
xvo	1
hlt	1
prl	1
lln	1
zah	1
lfs	1
fss	1
ssc	1
lĉp	1
ĉpa	1
wab	1
ttk	1
swi	1
win	1
ych	1
eĝr	1
ĝra	1
taј	1
egt	1
apb	1
pbu	1
euj	1
nĝt	1
ĝte	1
ezt	1
zta	1
јur	1
rmf	1
mfu	1
ueh	1
mpk	1
hwi	1
wse	1
tsd	1
stg	1
loh	1
ohm	1
hma	1
rnf	1
foe	1
amr	1
udw	1
nsb	1
ŭtv	1
emv	1
mvo	1
eif	1
ifk	1
thl	1
ndj	1
paz	1
hna	1
ebs	1
rgd	1
rns	1
lkc	1
ŭbt	1
lzb	1
zbe	1
vli	1
ivm	1
vme	1
lng	1
enw	1
nwe	1
rih	1
ntd	1
tdi	1
jok	1
eej	1
yax	1
axc	1
xch	1
iĝl	1
aaj	1
guz	1
ezl	1
zle	1
saĉ	1
etf	1
isĵ	1
sĵe	1
aŝp	1
duu	1
izp	1
zpl	1
tpo	1
zka	1
jmf	1
ugp	1
ukp	1
ŭlu	1
kpi	1
baf	1
ugk	1
gko	1
møl	1
øll	1
fje	1
oos	1
ené	1
tps	1
nry	1
fef	1
ltĉ	1
uln	1
lnu	1
fag	1
ibt	1
doy	1
oyl	1
yle	1
nax	1
mcg	1
cgr	1
aĝn	1
ĝne	1
ilp	1
rŝv	1
miu	1
zma	1
rbc	1
aap	1
juu	1
icd	1
cdi	1
igs	1
umj	1
beĵ	1
idj	1
djo	1
ĵeg	1
xen	1
asn	1
ngw	1
gwa	1
mcl	1
ghl	1
hli	1
haf	1
ffi	1
obv	1
tzr	1
zro	1
tkt	1
kaû	1
сxu	1
brŝ	1
eaz	1
cde	1
ŝac	1
acĵ	1
cĵo	1
jfl	1
ŝim	1
buu	1
jeb	1
mih	1
ohr	1
baĝ	1
etm	1
ŭok	1
ĥir	1
ktl	1
ŭtk	1
bkl	1
ivs	1
ŭpe	1
ĉeb	1
ĉup	1
ĝba	1
nzn	1
znr	1
zez	1
oĝĉ	1
ĝĉa	1
guf	1
ojp	1
jpl	1
gay	1
yli	1
biĵ	1
iĵo	1
gez	1
bah	1
eŭo	1
ŭoj	1
sŝr	1
ĵom	1
ffl	1
ŝec	1
ktk	1
ĝaј	1
ikŝ	1
peс	1
eсa	1
hup	1
cpu	1
idz	1
luu	1
acv	1
cva	1
uŝŝ	1
ŝŝt	1
cpr	1
aŝĥ	1
ŝĥa	1
jka	1
mgi	1
giĉ	1
rky	1
kya	1
yek	1
heo	1
sba	1
lna	1
jlu	1
kuu	1
loŭ	1
oŭt	1
naf	1
jbl	1
oŭl	1
ohs	1
hse	1
ŭtm	1
ŭin	1
taa	1
ajĝ	1
jĝa	1
mfr	1
ĵap	1
ehh	1
cés	1
ésa	1
bié	1
ién	1
rió	1
iód	1
ódi	1
voy	1
zki	1
ckt	1
izq	1
zqu	1
okz	1
ejf	1
jfe	1
nju	1
lds	1
mús	1
úsi	1
imó	1
món	1
atk	1
ldh	1
dhe	1
cve	1
ejg	1
jgo	1
ŝne	1
oĵd	1
ĵde	1
ivd	1
vda	1
oŭŝ	1
ĥul	1
rzz	1
ĝek	1
ruĵ	1
uĵo	1
fea	1
odz	1
ngn	1
lay	1
yba	1
rĝu	1
slt	1
ofp	1
saŝ	1
stp	1
adt	1
ĥal	1
mŝu	1
onó	1
nóm	1
ómi	1
réu	1
ïžö	1
žöí	1
öíž	1
ížì	1
žìô	1
ìôè	1
erí	1
ría	1
nté	1
cau	1
ecc	1
ará	1
ráb	1
ábi	1
rox	1
oxi	1
xim	1
ráp	1
ápi	1
ezd	1
zdo	1
fau	1
itg	1
osé	1
ajá	1
ttl	1
aví	1
víc	1
dvd	1
vds	1
lax	1
axa	1
mys	1
ysp	1
frg	1
ulz	1
lze	1
mcm	1
phy	1
hyl	1
ylu	1
hiq	1
acc	1
koe	1
oef	1
huy	1
uyg	1
yge	1
mbé	1
béc	1
éci	1
mah	1
lzh	1
zhe	1
haw	1
awk	1
wki	1
ntá	1
tás	1
ást	1
cuá	1
uán	1
ánt	1
odh	1
utó	1
tót	1
ótr	1
oot	1
thr	1
hra	1
zab	1
hec	1
pow	1
nsw	1
iff	1
xcu	1
awy	1
wye	1
fuk	1
vou	1
acr	1
cav	1
joi	1
mtr	1
nĉt	1
ĉte	1
ksr	1
jeŝ	1
taŝ	1
lbl	1
ĵaĉ	1
uŝp	1
rmv	1
ŝuj	1
ŝaĝ	1
ŝor	1
sjn	1
ĥio	1
ptr	1
ucy	1
tev	1
rfr	1
ieĝ	1
vud	1
més	1
ésc	1
ŭbŝ	1
bŝl	1
syl	1
ylv	1
ncr	1
nrt	1
uĉm	1
ĵak	1
iĝd	1
ĝda	1
ubv	1
piĵ	1
iĵa	1
esq	1
squ	1
ŭpr	1
akd	1
ucu	1
oao	1
rtl	1
rbf	1
bfo	1
zom	1
ivh	1
vhi	1
eop	1
isn	1
juc	1
upc	1
coa	1
reĵ	1
eĵu	1
fih	1
kue	1
fua	1
icf	1
cfo	1
epk	1
heŭ	1
jed	1
omd	1
udb	1
auf	1
ufv	1
jko	1
baĥ	1
aĥn	1
gak	1
udĉ	1
dĉi	1
vki	1
znj	1
vlj	1
ŝke	1
ŝlu	1
zup	1
upp	1
ĥas	1
ŝob	1
wsk	1
ojr	1
ikn	1
ltc	1
mmk	1
otz	1
tzn	1
zna	1
bev	1
dnj	1
igz	1
gza	1
ŝku	1
nĝh	1
aŝn	1
ŝno	1
taщ	1
isy	1
anm	1
buq	1
uqu	1
aii	1
jue	1
uup	1
mpŝ	1
pŝt	1
huv	1
hii	1
iik	1
ŝeg	1
gae	1
ioe	1
sym	1
ymp	1
ĵek	1
oŭp	1
ĵez	1
tux	1
uxo	1
rex	1
vah	1
yen	1
nŝo	1
aŭĵ	1
ŭĵu	1
ĵug	1
etg	1
tgr	1
lkm	1
zni	1
noy	1
oye	1
yel	1
ĵej	1
chs	1
hss	1
afh	1
fha	1
rew	1
ktf	1
ohi	1
tŝa	1
otk	1
lŝn	1
mge	1
ubŝ	1
bŝo	1
zmo	1
vut	1
oŝu	1
ŝur	1
tmu	1
ozn	1
zne	1
icv	1
umĵ	1
mĵe	1
aye	1
rmk	1
jpu	1
ecl	1
oĉt	1
ĉto	1
ulb	1
luh	1
uha	1
eab	1
abh	1
fhe	1
áit	1
glé	1
zif	1
dúc	1
úch	1
mpú	1
fhé	1
héi	1
éin	1
thn	1
hní	1
nío	1
íon	1
onĥ	1
aej	1
otb	1
tbe	1
ĥes	1
ĥet	1
rræ	1
cái	1
clú	1
súi	1
úil	1
mha	1
réi	1
éim	1
dái	1
áin	1
bhr	1
reá	1
ovm	1
vmo	1
aot	1
ĥop	1
img	1
mga	1
anĥ	1
ntо	1
tоj	1
aĝd	1
icl	1
idt	1
dtr	1
kĝu	1
ĝbe	1
ŭor	1
nyd	1
ydi	1
unq	1
nqu	1
ibg	1
bge	1
oiv	1
iew	1
peŭ	1
sou	1
rĉe	1
ajc	1
jcb	1
cbe	1
eug	1
