je	7737859
da	4962459
na	4248770
ra	3835515
li	3828557
ne	3777393
mo	3728719
ti	3645813
am	3585638
st	3104523
ni	3082995
to	3068823
ta	3052978
ko	2964246
sa	2908717
re	2731641
ka	2542940
te	2536679
po	2534723
va	2518088
im	2468672
ov	2384320
la	2370359
pr	2360108
ma	2303010
vo	2274910
no	2239635
an	2234049
ja	2085272
al	2083068
ij	2033668
ri	2031434
za	2030920
se	2016576
vi	2000356
bi	1858450
en	1849794
at	1823585
ak	1805944
em	1773171
is	1757286
oj	1749063
od	1735706
it	1730942
di	1721979
ad	1678595
av	1674076
ro	1659529
mi	1659137
do	1608016
拧t	1596775
ed	1561343
ve	1558110
ar	1539367
aj	1526749
os	1516817
in	1482901
or	1469433
de	1452096
og	1434797
on	1422264
il	1421703
om	1409809
si	1398012
me	1388413
lj	1368000
ol	1303306
nj	1285700
el	1262235
et	1233852
er	1194583
ao	1190173
lo	1187382
ju	1170287
le	1166400
ob	1156779
ek	1117447
tr	1110512
as	1078537
es	1077481
go	1067710
a拧	1043430
ga	970935
sl	965666
啪e	957408
io	940520
ci	933019
sv	915983
pa	912625
i拧	903810
zn	902258
ba	890255
ji	880371
e拧	870089
iz	860794
ic	850595
膰e	836389
ik	835306
su	819031
bo	789989
br	779443
ku	760202
ru	747596
tv	740025
az	728412
id	716858
ot	704304
ce	684951
eb	660492
ok	658652
iv	646467
ud	619863
dn	597011
nu	592370
sp	586898
vr	584656
ca	584394
ut	578585
e膰	563750
dr	560944
ih	560661
be	559862
sk	557050
du	547336
gu	540248
o啪	538011
sm	535694
膷i	532112
ac	529912
膷e	529906
gl	528705
lu	514573
zi	509682
kr	508422
pu	502003
pi	501536
us	497004
ki	488540
ir	474001
dj	468614
op	465990
啪i	455134
tu	453257
oz	452402
ur	437623
jo	433617
拧a	427262
ev	424955
up	411053
拧e	409674
eg	407775
ke	406520
o拧	406106
ap	393352
膰i	391500
i膷	382552
mu	377452
ec	373344
pe	372325
a啪	371835
ub	371629
kl	366796
膷a	363596
膰u	358102
gr	353780
un	341355
bu	340608
ha	339871
a膷	337740
ze	336416
ig	331499
rn	330583
nd	323390
uj	322346
ez	322114
zv	311161
cu	304291
u拧	303606
ho	298989
sn	293087
nt	292096
u膷	291687
vn	291239
ug	289859
pl	289081
um	287406
o膰	281320
vu	278271
ag	276281
vd	273922
tn	267232
hv	256488
uz	256143
uk	251959
so	251675
vj	251554
rt	250173
eo	240374
ej	239643
ab	238358
膰a	234261
zg	233767
tk	233638
sr	231375
ep	227939
拧i	227661
zb	226665
ul	221721
o膷	219302
he	212667
zo	211938
e膷	209709
bl	209140
uc	206436
啪a	206431
oc	201526
u膰	199097
dv	198712
i膰	197446
膷n	194064
gd	194050
uv	193969
rv	190302
au	189701
ns	189390
膽e	189231
u啪	188448
jn	183059
膷u	182637
mr	182211
vl	180976
ge	172886
sj	172390
mn	170663
拧l	170167
zu	163184
a膰	159533
gi	157526
zd	156248
ln	155050
ah	154477
o膽	145078
jd	141762
ip	140948
kv	137622
nc	137105
rs	136843
拧k	135459
fi	131938
jk	131584
膷k	128464
rk	126863
zm	123047
zl	122276
膽a	122149
oh	122013
a膽	121733
dl	120344
kt	119808
mj	118584
啪d	118341
rl	117874
rd	112709
jt	110320
ml	109072
ng	106806
hi	106205
d啪	103899
r啪	103804
co	103665
ch	102950
sh	101034
ks	100872
fo	98255
ck	97603
nk	96692
uh	96599
js	95808
ll	95263
ds	94296
rz	93362
r拧	93181
啪n	91655
膽i	90057
rm	89792
ie	89567
e啪	88761
uo	87683
膷o	87053
mp	83019
拧n	81354
dm	80941
ht	80911
gn	80414
rc	80396
fe	79780
ai	79088
fr	77710
ef	77600
fa	76550
e膽	75305
tp	74839
ea	73820
啪u	73375
ia	69347
cr	66670
rg	66493
bj	65914
ps	65440
hr	65179
kn	63450
bn	62910
th	62128
膽u	61476
cn	61419
ou	61318
tl	61125
tj	61099
拧u	59303
jm	59049
nn	55355
拧o	55262
dg	54458
ib	52152
i膽	50334
jb	50001
ts	49789
mb	49740
hu	48610
db	47222
pt	47187
of	46877
rb	46703
af	46407
zr	44319
ey	44111
eu	44001
oo	43597
膰n	43435
sc	42380
if	41808
lt	41594
u膽	41544
i啪	40962
mc	40166
ua	39891
oi	37684
lm	36688
ry	36493
ls	36464
ee	35450
tt	35102
eh	34775
ei	34621
pj	34454
rp	33614
kc	33469
ay	33375
ld	33309
vc	33247
wa	33240
ss	33132
rr	32374
jv	30635
ly	29437
hn	29259
mm	28770
fu	28720
nz	28073
hl	26141
啪o	25695
oa	25281
啪b	24933
ny	24897
n膷	24827
ii	24775
wi	23963
ae	23906
dz	23217
rh	23175
nf	23135
ms	23098
ow	23058
jc	22669
r膷	22394
p拧	22291
ui	22268
拧膰	22085
啪j	21844
fl	21798
g膽	21743
oe	21237
膽o	21051
jl	20798
ph	20630
dy	20345
cl	19848
we	19567
ue	18593
pn	18340
ya	18071
mk	17733
ew	17607
lk	17462
by	16017
my	15772
yo	15709
vs	15656
ty	15492
tm	15356
yl	15293
km	15278
ex	14929
啪r	14531
j膷	14499
aa	14080
wo	13419
rj	13392
lc	13210
pc	13185
gh	13017
ft	12856
nr	12838
bb	12684
写邪	12615
k膰	12571
ff	12534
yj	12500
vk	12450
dd	12363
iu	12309
mt	12020
zj	11764
lv	11752
lf	11582
lb	11577
ye	11454
cv	11440
v拧	11386
bz	11053
褬械	11049
ky	10972
啪l	10775
yn	10667
oy	10518
拧p	10261
hm	10259
k拧	10094
膷l	10029
pk	9730
膰o	9561
qu	9549
薪邪	9417
tc	9356
aw	9247
cj	9235
cy	9164
nv	8943
褉邪	8873
薪械	8865
rf	8788
ax	8515
屑芯	8492
谢懈	8445
v膷	8434
p膰	8021
jg	7991
邪屑	7875
bs	7798
褌邪	7794
gs	7725
ct	7675
pp	7665
wh	7571
jz	7562
膷j	7484
jp	7265
薪懈	7190
n膽	7178
泻芯	7164
uf	7079
膷v	7065
gg	6867
褉械	6780
sy	6682
褋褌	6679
gt	6499
褌械	6481
nl	6392
褌懈	6376
褌芯	6155
zz	6151
褋邪	6118
懈屑	6079
胁邪	6017
泻邪	5940
sf	5899
锌芯	5846
uu	5774
nh	5607
m膷	5471
hy	5428
cc	5419
拧m	5343
拧v	5307
yd	5289
芯胁	5277
锌褉	5265
sb	5250
r膽	5211
lz	5209
屑邪	5189
lg	5185
tz	5134
gm	5126
yu	5123
胁芯	5085
nb	5085
谢邪	5079
啪v	5077
lp	5056
写械	4893
褋械	4884
拧膷	4875
薪芯	4843
ys	4823
p膷	4817
fb	4747
xi	4657
wn	4648
械屑	4518
拧c	4475
胁懈	4425
褕褌	4379
胁械	4350
蟹邪	4320
邪泻	4269
写懈	4264
邪谢	4252
ox	4195
xa	4185
gv	4174
邪薪	4162
hh	4127
褉懈	4056
bd	4042
kh	4011
dw	3998
斜懈	3957
写芯	3917
械薪	3916
邪褬	3897
ix	3869
邪写	3830
芯写	3824
邪胁	3709
芯褬	3693
褉芯	3692
mf	3656
屑械	3642
屑懈	3597
sw	3547
邪褉	3530
懈褋	3514
邪褌	3514
械写	3512
jr	3389
ws	3387
褬邪	3339
芯谐	3293
懈褬	3279
cm	3238
芯褉	3228
谢械	3223
m拧	3190
懈褌	3155
yr	3144
芯褋	3095
芯屑	3082
懈薪	3076
褋懈	3038
懈谢	2964
np	2927
褌褉	2920
tw	2854
r膰	2846
xe	2824
芯薪	2817
dp	2761
芯斜	2747
邪褕	2726
谢芯	2720
械褌	2716
褯械	2698
械泻	2693
邪芯	2648
j拧	2627
yi	2610
械褉	2609
dh	2572
芯谢	2544
械褕	2503
lh	2438
懈褕	2435
n啪	2405
邪褋	2368
褋谢	2312
xt	2300
械谢	2274
kg	2269
wc	2242
谐芯	2242
dc	2211
k膷	2197
ym	2195
卸械	2186
fn	2182
斜邪	2181
斜褉	2169
蟹薪	2167
谐邪	2166
膷m	2148
懈蟹	2125
褋胁	2122
md	2118
拧拧	2116
械褋	2087
锌邪	2071
懈泻	2065
gz	2013
cg	2011
tf	1995
褋褍	1980
bv	1966
yt	1960
jj	1912
褉褍	1912
泻褍	1907
dk	1880
fs	1868
zh	1866
膰k	1863
xo	1857
hs	1849
n拧	1834
sd	1765
kk	1761
懈褑	1746
hk	1741
py	1738
懈芯	1728
rw	1726
wl	1720
cd	1698
械褯	1694
yc	1683
邪蟹	1675
m膰	1653
l膷	1653
iy	1651
褔械	1633
dt	1613
yb	1613
yw	1605
wr	1604
vg	1603
bm	1600
褍写	1591
ux	1591
gy	1577
褌胁	1577
斜芯	1577
械斜	1556
褑懈	1547
hw	1541
斜械	1538
d拧	1535
tb	1533
懈写	1521
nw	1513
褬褍	1505
uy	1498
啪m	1493
wy	1465
写褉	1461
褔懈	1442
芯泻	1429
lr	1426
zy	1415
gw	1391
褋锌	1388
懈胁	1387
gb	1378
芯褌	1375
懈褏	1374
谢褍	1366
写褍	1359
胁褉	1358
褮械	1343
hj	1336
kw	1332
xu	1331
褋屑	1322
泻懈	1322
褋泻	1320
wu	1294
jh	1286
薪褍	1272
芯卸	1271
褯褍	1270
卸懈	1270
cs	1268
褕邪	1257
褭t	1243
褍褌	1237
懈褔	1230
谐褍	1220
bt	1215
谐谢	1211
df	1209
啪膽	1206
写薪	1197
nm	1196
aq	1175
锌褍	1174
锌懈	1172
wk	1157
拧r	1149
褕械	1141
蟹懈	1134
褔邪	1125
jf	1119
bc	1113
tg	1105
pf	1096
vy	1095
泻褉	1095
邪卸	1085
芯褕	1084
械胁	1081
褌褍	1076
iq	1066
yp	1055
kb	1047
邪褔	1042
fy	1032
褯e	1026
gf	1017
谐褉	1017
芯锌	1009
锌械	1008
kj	1008
褍褕	990
l拧	980
懈褉	978
褑械	977
褍锌	968
褍褉	958
褍褋	944
pd	943
斜褍	940
褑邪	935
xy	926
褬懈	926
yk	923
褍斜	919
懈褯	908
邪褮	896
褬芯	895
芯蟹	890
泻械	889
a褭	883
fg	882
屑褍	878
sq	869
fm	861
gp	859
褍褔	857
懈谐	856
忙e	854
td	851
褯懈	845
蟹胁	843
械谐	838
bh	836
芯褯	828
卸e	824
邪锌	819
褭褍	808
冒e	803
邪褑	800
写a	798
暮藝	793
褭械	789
kf	788
褏邪	771
i褭	763
hc	762
mv	762
褍褬	752
褍屑	751
泻谢	748
薪褌	743
hb	742
lw	741
mz	740
械芯	736
褋薪	726
kd	721
胁写	718
cq	717
kp	717
褍谐	717
械蟹	713
褣械	713
械褬	712
pm	704
胁薪	701
褏芯	700
gj	698
sg	697
e褭	694
xx	694
褮邪	692
pb	691
褉薪	682
hd	668
褯邪	668
冒a	667
茅e	665
猫e	656
胁褍	652
褉a	652
谐写	647
茅i	647
cb	646
褕懈	642
芯褭	637
e忙	636
薪写	635
褍泻	631
褍薪	628
o冒	620
邪褯	612
cp	607
wt	604
猫i	602
褭邪	602
yv	598
膮t	596
锌谢	596
mg	592
褍蟹	589
褉e	587
褏胁	581
xp	574
薪a	574
械褔	573
褍褯	568
褋褉	566
械锌	560
e卸	560
褔褍	556
写胁	555
茅a	555
褉褌	553
邪谐	552
褔薪	550
褍卸	550
邪斜	550
xl	547
a冒	547
mw	541
s膷	539
薪褋	536
懈i	535
芯褔	535
xf	533
vt	532
蟹芯	530
mh	526
褌薪	523
褮懈	521
f眉	519
wd	518
蟹械	515
rq	511
木e	508
o褯	507
褉胁	501
褏械	500
蟹谐	500
蟹斜	498
芯褣	496
i茅	492
械褭	491
薪e	489
zs	487
眉h	480
褔泻	480
械褮	477
褍胁	474
卸邪	470
盲e	468
屑o	467
sz	467
d邪	465
eq	462
忙i	459
褋芯	459
wf	455
褭e	453
膷t	452
wm	451
j啪	451
s芒	449
l啪	447
芒m	446
u茅	445
褣懈	442
zk	441
fc	439
qi	436
褉泻	436
褬写	434
gk	433
fk	432
邪褏	428
褭a	425
屑薪	423
i猫	423
e盲	420
褬褌	414
褍谢	412
褭懈	410
a屑	409
yf	409
泻o	409
i懈	409
a膮	406
邪褣	406
褯i	406
iw	398
懈a	392
锌o	391
a褯	389
邪褭	388
懈e	388
蟹褍	386
褌泻	386
屑褉	384
fj	382
械褑	381
o胁	381
wb	381
褕泻	378
a茅	377
i膮	375
褉褋	374
盲钮	374
冒i	373
zt	372
斜谢	371
qa	371
褑褍	369
暮木	368
猫a	365
忙u	364
谐懈	363
褌a	363
蟹写	362
vz	357
褎懈	356
褌e	355
褌o	352
褕谢	350
褋a	344
泻a	344
zp	343
t膷	341
泻胁	340
nx	339
谢薪	339
卸写	336
膽s	336
茅n	334
vp	330
褣邪	329
泻褌	329
a猫	328
u猫	328
o褉	326
r茅	325
邪褍	325
e冒	324
yg	324
薪褑	323
蟹a	320
o褭	320
胁o	317
a懈	316
褉卸	316
懈锌	312
蟹屑	311
薪o	310
a褉	309
谐械	308
芯褏	307
胁a	307
o忙	306
蟹谢	304
i冒	302
n膰	302
褮褍	299
hf	299
cz	298
膷c	297
拧j	297
写e	297
泻褋	296
屑a	294
pv	291
o写	290
o卸	286
邪m	285
uq	285
卸u	283
hp	282
械卸	281
n械	280
写谢	280
u懈	279
gc	278
褬薪	277
o猫	277
e膮	276
卸i	276
e猫	275
褬泻	272
忙a	272
m芯	269
s邪	268
zw	268
o盲	268
t拧	268
盲艜	267
褉写	265
谢a	264
藝t	261
懈j	260
fd	259
r邪	258
o茅	257
膽艜	257
zc	256
写屑	255
e褉	251
铆艜	250
a暮	250
猫n	250
膽啪	249
nq	249
a谢	248
e薪	247
n邪	244
o谐	243
uw	243
写褋	243
褉o	242
冒u	241
械褣	241
vm	241
胁e	240
褔芯	239
卸a	237
褵械	236
o懈	236
褍褏	235
cf	234
e写	234
褉褕	234
d膷	233
a写	233
褋e	232
胁褭	231
盲u	230
褉蟹	230
bk	230
猫u	230
褕芯	229
褭i	229
褯a	228
木i	228
褉谢	226
hg	226
懈n	226
u卸	225
xb	224
u褭	224
膰t	223
铆暮	223
pg	222
o毛	219
木暮	219
膰l	219
t邪	219
e茅	217
u忙	216
薪泻	216
wg	215
e艅	215
xw	214
谐薪	214
a褌	214
e屑	214
写褮	213
a薪	213
a胁	213
k芯	212
l膰	211
a泻	210
yh	210
o褋	210
屑e	209
i盲	209
臎卯	208
i暮	207
a卸	207
wp	206
盲i	205
d褯	204
o屑	204
j膽	203
rx	201
卸薪	201
褎褉	201
艌艜	200
a盲	200
艅艌	199
艡t	198
茅u	197
d械	196
褕褍	195
懈褮	194
o膮	193
褣褍	193
yz	193
jy	192
械褎	192
e褯	192
u盲	192
褍褑	192
o木	191
u冒	191
褎芯	191
眉n	189
艌暮	189
h膰	188
褎邪	188
vv	188
铆膷	187
xv	186
r械	186
xc	185
bg	184
n茅	183
褭薪	182
懈o	182
薪谐	182
谐褣	181
t械	181
u褯	181
e懈	181
啪g	180
斜e	180
褕薪	179
膽暮	179
bp	178
毛膷	178
膹膽	178
茅o	177
k么	176
s茅	176
oq	176
i卸	174
e褌	173
膰s	172
艜臎	172
茅l	172
懈褭	172
锌褋	172
膮e	171
写o	171
褵芯	170
臋卯	170
i忙	167
a忙	167
褍芯	166
褯薪	166
啪t	166
臋艜	166
褎械	166
艅o	165
谢o	165
e暮	164
屑褭	164
m眉	163
s铆	162
k邪	162
枚r	161
芯褑	161
懈斜	161
屑锌	161
芒艜	161
膹卯	160
vh	159
懈褣	159
艌膷	159
o暮	158
s膰	157
褬屑	156
卸褍	156
褉屑	156
e谢	155
o薪	155
褍褣	154
褏懈	154
谢褌	153
懈u	153
褏褌	151
m茅	150
谐o	149
l茅	149
褉斜	148
茅s	148
pz	148
毛艜	148
芯v	147
茅r	147
艅暮	146
褑褉	146
贸n	145
膮a	145
艅a	144
bw	144
m邪	144
褭l	144
g枚	143
芯褮	142
猫o	141
d茅	141
v邪	141
褌锌	139
a褔	138
斜a	138
屑谢	138
bf	137
锌a	137
v芯	137
t茅	137
o斜	137
褉谐	137
褵懈	136
kz	135
谢e	134
芯n	133
a褕	132
邪d	131
艅艜	130
毛暮	130
j褍	130
芒膷	130
膽膷	130
艌卯	129
盲暮	129
胁谢	129
膷臎	128
卯芒	128
a褋	128
a木	128
芒暮	128
懈k	128
邪l	127
a毛	127
e泻	127
褉褑	126
o谢	126
芯邪	125
眉r	125
褬褋	125
ww	124
e褕	124
膽n	124
谩n	124
茅k	124
p芯	124
z邪	123
邪k	123
芒卯	123
n芯	122
xm	121
褏褉	121
a艡	121
膷r	121
h茅	119
铆n	118
猫k	118
暮铆	118
拧b	118
艜芒	118
臎艜	118
艜铆	118
铆a	117
d芯	117
写谐	117
艜木	117
邪褎	116
p茅	115
械d	115
g拧	114
褔e	114
v械	113
xh	113
谩r	112
盲卯	112
暮臎	112
铆卯	112
藕e	111
钮i	111
褕褭	110
芯r	109
褯d	108
莽艜	108
l铆	108
械m	108
膷铆	108
械n	107
艜盲	107
r铆	106
e艡	106
斜薪	106
l械	106
卯膽	106
褌褋	106
邪v	106
屑斜	106
t芯	105
l芯	105
邪n	105
卯木	105
褬斜	104
芯m	104
m械	103
邪t	103
泻薪	102
薪褔	102
艜臋	102
木a	102
褌谢	102
写斜	102
f茅	101
o泻	101
e褋	101
膷艌	101
屑褑	100
j懈	100
qe	100
膽卯	100
懈卸	100
vb	99
莽a	99
褬谢	99
m谩	98
qq	98
谐a	98
e斜	98
泻褭	98
盲膷	98
v膽	97
锌褌	97
斜o	97
枚n	97
褉锌	97
卸斜	97
艜膽	97
卯盲	96
a蟹	95
艜毛	95
s械	94
臎暮	94
i艡	94
卯艅	94
膮i	93
暮盲	92
芯g	91
褕褯	91
m贸	90
臎膷	90
谩s	90
c茅	90
拧s	90
芯褎	90
s拧	90
锌褕	89
褎谢	89
b拧	89
毛e	89
暮艌	89
qo	88
r芯	88
o褌	88
褯n	88
暮臋	88
锌褭	88
褮e	88
钮e	88
艅膷	87
木艜	87
r枚	87
xs	87
yy	87
n莽	86
褉i	86
d木	86
r褯	86
卯毛	86
卯臎	86
j膰	86
毛i	85
e谐	85
芯褍	85
vx	84
b膷	84
膷木	84
u膮	84
芯b	83
泻e	83
邪r	83
谩膷	83
蟹褉	83
褍邪	83
械t	83
褌褬	82
r盲	82
褭n	82
拧d	82
邪s	82
l邪	82
暮膽	82
e藕	81
r褭	81
膰m	81
dx	80
褋褏	80
褏褍	80
械褏	79
j盲	78
眉l	78
谢褋	78
莽o	77
艡艌	77
褬胁	77
卯膬	77
木n	77
膷艅	77
暮毛	76
卸n	76
t膰	76
d芒	75
fp	75
褮芯	75
褌屑	75
拧h	75
芯l	75
懈褎	75
褍褭	75
a褮	75
膰j	74
褭k	74
艜艡	74
盲a	74
薪蟹	74
斜褭	74
拧f	73
e蟹	73
卯铆	73
u暮	73
艜艌	73
xr	72
褯r	71
械k	71
艌膽	71
谢写	71
毛卯	71
膷d	70
藝e	70
膮l	70
啪暮	70
g芯	70
i褬	69
械膰	69
i艅	69
藝a	69
褑芯	69
褋褬	68
g眉	68
膷毛	68
卯谩	67
g邪	67
芯d	67
茅m	67
u木	67
褉褔	66
膮k	66
锌e	66
暮艅	66
胁褋	66
膷臋	66
褏a	65
啪械	65
hz	65
褑a	65
艜艅	65
膰膷	65
木d	64
懈械	64
褭u	64
膷莽	64
芯s	64
茅p	63
卸褮	63
褉u	63
啪p	63
膹艜	63
l褬	63
钮a	63
懈邪	62
邪械	62
z膷	62
冒o	61
i贸	61
泻屑	61
a褑	61
枚m	61
褕a	61
褔a	61
艜卯	60
屑褮	60
pw	60
械邪	60
褑e	60
褯u	59
铆m	59
褕e	59
f拧	58
i芯	58
fh	58
斜褬	58
艜莽	58
臋贸	58
mx	57
膰械	57
毛a	57
褌褭	57
a锌	57
褕褮	57
g冒	56
械r	56
械l	56
膬卯	56
贸j	55
z谩	55
g茅	55
cw	55
膷艡	55
褉褏	55
褉褵	54
b邪	54
yx	54
茅t	54
膷盲	54
z拧	54
o艅	54
v膰	54
臋膷	54
煤s	53
褣芯	53
枚s	53
xd	53
p邪	53
谩膽	53
谢斜	53
藕u	53
暮啪	53
kq	52
茅j	52
莽铆	52
胁褑	52
谩艜	52
褭写	51
jw	51
o艡	51
u铆	51
邪拧	51
艡r	51
褭o	51
谢泻	51
暮艡	51
艅毛	51
么d	50
f谩	50
膬艜	50
o褕	50
屑褋	50
邪褵	50
膷卯	50
暮芒	50
膷芒	50
泻褑	50
h拧	50
膬毛	50
械褍	50
t谩	49
毛l	49
vf	49
枚膷	49
艅膹	49
r眉	48
d铆	48
b芯	48
膰暮	48
褑泻	48
褮a	48
艡艜	48
s煤	47
膽d	47
褎褍	47
n谩	47
褏谢	47
啪k	47
膷f	47
械拧	47
艡a	47
o蟹	47
d枚	46
械b	46
邪懈	46
膰拧	46
艅e	46
锌薪	46
膽贸	46
j枚	46
g膷	45
lq	45
m懈	45
褑胁	45
械s	45
褯芯	45
芯k	45
a艅	45
r贸	45
茅d	45
i褯	45
褯o	45
邪z	45
贸s	44
邪g	44
e木	44
艅臋	44
z啪	44
膷枚	44
褯j	43
艣e	43
褏o	43
艅芒	43
屑屑	42
茅c	42
u艡	42
媒k	42
艡e	42
贸膹	42
贸膽	42
啪s	42
媒m	42
谩暮	42
卯臋	42
zf	42
褬u	42
膽j	42
m枚	41
谐褬	41
褋褑	41
忙n	41
l膽	41
r暮	41
b茅	41
褋o	41
褏薪	41
c铆	40
屑泻	40
么m	40
褭褋	40
t贸	40
褤褭	40
贸盲	40
褉褭	40
膷膰	40
b枚	39
芒t	39
盲g	39
褕褕	39
褬褔	39
u谩	39
盲r	39
褭芯	39
谢屑	39
t眉	39
fw	39
拧z	39
芯啪	39
臋膽	39
枚d	39
媒n	39
谩卯	39
胁泻	39
铆贸	39
tx	38
卸褬	38
j艡	38
泻褮	38
k枚	38
拧械	38
wz	38
褣e	38
木贸	38
i钮	38
o锌	38
谩t	37
艅贸	37
d媒	37
薪褎	37
lx	37
暮谩	37
盲艣	37
臋暮	37
艡暮	37
艌芒	37
毛贸	37
褍j	37
hq	36
o藕	36
枚暮	36
膷b	36
藝l	36
t铆	36
莽膷	36
贸艅	36
卯艌	36
h械	35
莽e	35
眉s	35
i藕	35
屑褌	35
钮k	35
枚艜	35
钮u	35
膹暮	35
n懈	35
褍褮	35
铆s	34
i褉	34
h枚	34
膬贸	34
谩l	34
卸褉	34
盲膽	34
l谩	34
褵邪	34
膷艖	34
艣暮	34
蟹o	34
钮n	34
褌褮	34
艡i	33
r芒	33
u藕	33
b械	33
z膽	33
v茅	33
m媒	33
贸臎	33
a谐	33
褉褉	32
蟹e	32
i牛	32
木u	32
qr	32
膽t	32
褬i	32
牛i	32
e褮	32
k媒	32
芒贸	32
r谩	32
e胁	32
膹膷	32
d膰	32
膰邪	31
褬蟹	31
褍懈	31
褔屑	31
e褑	31
褉褎	31
膷s	31
藕a	31
s枚	31
褬褑	31
木膷	31
拧暮	31
锌褑	31
j茅	31
贸谩	31
牛e	30
c拧	30
xn	30
p膽	30
藕i	30
fv	30
盲贸	30
膹贸	30
c膷	30
n盲	29
茅v	29
d褣	29
褕褉	29
b啪	29
屑i	29
卯啪	29
艅臎	29
m铆	29
铆o	29
膰r	29
r木	29
谐e	29
莽卯	29
媒z	29
艜膬	29
暮n	28
vw	28
斜蟹	28
谢褎	28
艖艜	28
i毛	28
茅g	28
艡l	28
褯泻	28
褵褍	28
z茅	28
qb	28
啪贸	28
n铆	28
o褔	28
膽l	28
莽芒	28
l眉	28
膷邪	28
膮n	28
艖卯	28
膽b	28
s媒	28
d暮	28
藝i	28
谢胁	28
褭卸	28
艅铆	28
艜膹	28
gq	27
s膽	27
锌泻	27
wj	27
铆k	27
械g	27
t褉	27
d眉	27
暮膬	27
盲铆	27
拧邪	27
c膰	27
芯懈	27
h芒	26
m暮	26
艖暮	26
邪啪	26
谐褌	26
屑褎	26
p褭	26
谩v	26
卯膰	26
fx	26
暮莽	26
芯膰	26
盲n	26
l媒	26
a褍	26
芒膽	26
木o	26
暮拧	26
u褉	26
贸艌	26
e毛	26
d膽	26
褣a	26
艡膷	26
膰c	26
r膮	26
a斜	26
枚z	25
a褏	25
j泻	25
眉g	25
n冒	25
胁褔	25
写褭	25
芒o	25
m啪	25
xk	25
卯艡	25
褎褌	25
膷膽	25
写褏	24
泻褕	24
屑褕	24
l贸	24
k盲	24
n媒	24
膬膽	24
j褌	24
n芒	24
拧艜	24
谩b	23
u莽	23
褬d	23
p忙	23
屑褔	23
xj	23
d谩	23
r煤	23
邪膷	23
胁褕	23
膹毛	23
贸木	23
dq	23
gx	23
邪b	23
i木	23
媒r	23
藝k	23
膰d	22
h邪	22
m煤	22
j写	22
c械	22
h莽	22
hx	22
g膰	22
k眉	22
艜拧	22
h眉	22
媒s	22
o褑	22
卯膹	22
艌贸	22
芯t	22
芯芯	22
卯莽	22
膷啪	22
铆艌	22
媒y	22
膷械	22
谩d	21
茅x	21
g贸	21
s谩	21
s艡	21
bx	21
h盲	21
芯械	21
铆枚	21
木艌	21
r媒	21
械褵	21
胁褬	21
e褤	21
褭泻	21
膽芒	21
拧忙	21
暮膹	21
媒l	21
啪膷	21
u毛	21
j械	21
a牛	21
膷膬	21
艜艣	21
谢褑	21
m薪	20
膷g	20
c贸	20
z眉	20
e艌	20
v谩	20
铆d	20
r猫	20
媒牛	20
膬o	20
r冒	20
贸艡	20
g啪	20
膷h	20
膮u	20
褉褬	20
褕锌	20
p啪	20
t媒	20
薪褵	20
蟹褬	20
啪膰	20
芯z	20
t毛	19
艜贸	19
偶e	19
膷拧	19
卯t	19
膮o	19
泄r	19
k械	19
拧么	19
膽r	19
写褬	19
枚l	19
艜膰	19
褔胁	19
a褣	19
盲l	19
膰v	19
泻褯	19
贸毛	19
芯p	19
wv	19
薪胁	19
艣膷	19
暮卯	19
臎膽	19
拧贸	19
贸臋	19
膰膰	19
煤i	18
qw	18
贸m	18
艌o	18
煤n	18
卸褭	18
e褔	18
莽盲	18
褎o	18
藝n	18
p谩	18
械z	18
kx	18
贸b	18
械v	18
啪啪	18
写蟹	18
薪褣	18
拧g	18
啪艜	18
e褣	18
j薪	18
臋毛	18
褍械	18
艜枚	18
褬褏	17
木盲	17
啪邪	17
枚t	17
艅u	17
眉t	17
r莽	17
l泄	17
v膮	17
n眉	17
zq	17
膰艜	17
p盲	17
木卯	17
贸铆	17
b膰	17
铆j	17
h芯	17
褯b	17
d贸	17
脽e	17
么膷	17
u牛	17
t啪	17
o褣	17
眉c	17
卸芯	17
谩贸	17
膽艌	17
褕褔	17
械懈	17
g械	16
褣i	16
i谩	16
l艜	16
zx	16
褔褮	16
芯拧	16
艅i	16
忙o	16
谩m	16
械膷	16
h谩	16
艧a	16
褉褣	16
贸膬	16
qs	16
铆b	16
卯拧	16
眉b	16
a藕	16
牛u	16
褔谢	16
莽膬	16
褬锌	16
莽暮	16
膽铆	16
膬盲	15
泻谐	15
艡k	15
n膬	15
暮r	15
艣u	15
t么	15
懈褍	15
褬谐	15
s啪	15
b膬	15
暮艣	15
膽媒	15
藝u	15
褕胁	15
膽臋	15
c谩	15
褔褬	15
i褤	15
褮褋	15
艡铆	15
m盲	15
芒铆	15
褉褮	15
啪c	15
e钮	15
k牛	14
褏e	14
t懈	14
铆拧	14
谐屑	14
wq	14
a膹	14
薪褏	14
啪拧	14
bq	14
pq	14
c媒	14
枚膽	14
yq	14
z芯	14
臋芒	14
膰g	14
臎贸	14
毛u	14
木b	14
莽媒	14
k茅	14
h膷	14
贸芒	14
褍褎	14
y媒	14
o褏	13
暮j	13
猫v	13
a卯	13
r艡	13
px	13
啪z	13
艅卯	13
木j	13
c芒	13
铆v	13
膽膰	13
j谩	13
贸r	13
i脽	13
褕屑	13
枚g	13
藕n	13
膽k	13
r么	13
艌铆	13
艡n	13
芒拧	13
膷膷	13
r懈	13
m臎	12
v暮	12
芒盲	12
o偶	12
艡d	12
v铆	12
a褎	12
枚h	12
卸j	12
褬b	12
牛m	12
u艅	12
暮枚	12
盲t	12
f膷	12
r艜	12
p艡	12
a莽	12
臋艅	12
薪褉	12
v褭	12
艌毛	12
n猫	12
么暮	12
褋褎	12
l芒	12
膽艅	12
t盲	12
卸胁	12
谐褋	12
k啪	12
u褬	12
p械	12
褋斜	12
邪c	12
z械	12
m钮	12
艜啪	12
懈褵	12
艣艜	12
褌i	11
q茅	11
褔o	11
盲f	11
e帽	11
j艜	11
e脽	11
褔褌	11
qt	11
y膷	11
写泻	11
訒e	11
膬膮	11
膮s	11
膽g	11
媒c	11
枚b	11
a艧	11
啪冒	11
qv	11
谩毛	11
b眉	11
褵o	11
艂暮	11
j铆	11
枚k	11
膽z	11
膷p	11
k芒	11
铆r	11
盲艅	11
t芒	11
邪p	11
z膰	11
臋艌	11
铆艅	11
v啪	11
e锌	11
o钮	11
暮g	10
t煤	10
煤a	10
帽a	10
f铆	10
a煤	10
莽u	10
j谢	10
v盲	10
l枚	10
臎谩	10
sx	10
mq	10
j芒	10
xz	10
芒n	10
贸啪	10
艂a	10
卯艖	10
c邪	10
枚贸	10
艣贸	10
膽m	10
r艌	10
猫l	10
莽贸	10
么t	10
褵斜	10
藕暮	10
拧膽	10
斜写	10
膷么	10
膬暮	10
莽毛	10
膽拧	10
艜谩	10
艌臋	10
牛t	10
艡v	9
艅s	9
芒c	9
艧i	9
铆g	9
z贸	9
d么	9
艖芒	9
煤l	9
邪u	9
m膬	9
j屑	9
暮l	9
啪f	9
p媒	9
泻写	9
褋褋	9
j膬	9
褌褏	9
铆盲	9
h么	9
枚e	9
k忙	9
偶c	9
艅木	9
fz	9
w拧	9
褍a	9
膷膹	9
o芒	9
膬铆	9
qn	9
邪膰	9
贸l	9
膽v	9
艅膽	9
褑褮	9
b谩	9
茅b	9
c膬	9
褍褵	9
盲芒	9
wx	9
l盲	9
贸莽	9
芒a	9
c钮	9
r膬	9
o艣	9
j眉	8
膰盲	8
膹d	8
r疟	8
疟l	8
艂艜	8
g毛	8
i艖	8
艖i	8
枚c	8
m么	8
m牛	8
锌褏	8
g褉	8
u芯	8
褉褯	8
藝b	8
拧卯	8
毛臎	8
枚a	8
膽莽	8
藝h	8
s膬	8
褍o	8
胁褮	8
膰f	8
j猫	8
艜艖	8
暮么	8
褎e	8
膬木	8
o膬	8
卸o	8
t枚	8
械c	8
铆l	8
薪卸	8
艡臋	8
谢褔	8
械啪	8
臎拧	8
藝s	8
贸膰	8
s芯	8
a艂	8
芒艅	8
毛铆	8
a钮	8
膷钮	8
i邪	7
邪i	7
屑蟹	7
贸p	7
j胁	7
j锌	7
n臋	7
铆膬	7
m膽	7
么n	7
k卸	7
f邪	7
褎褬	7
褭褑	7
卸褣	7
i膬	7
o牛	7
钮o	7
n煤	7
泻褎	7
斜j	7
膽械	7
膽p	7
铆t	7
拧茅	7
e艣	7
p煤	7
啪h	7
褭m	7
拧铆	7
眉d	7
o褍	7
薪谢	7
臋a	7
媒膽	7
e牛	7
牛a	7
木臋	7
fq	7
藝o	7
械械	7
褎薪	7
膽艡	7
艖膷	7
拧盲	7
臎艅	7
木铆	7
n褉	7
邪h	7
芯膽	7
艌艅	7
膬膷	7
m褉	7
膰p	7
卯枚	7
贸枚	7
t陋	6
褎斜	6
o莽	6
莽h	6
d艡	6
b盲	6
盲木	6
褯t	6
k褭	6
臋s	6
j斜	6
k膮	6
vq	6
懈l	6
械p	6
qc	6
泻泻	6
毛n	6
褍褍	6
谐胁	6
膽膽	6
褭斜	6
p膮	6
o褎	6
藝z	6
y谩	6
艂e	6
s贸	6
猫j	6
m褭	6
写褑	6
眉m	6
n艡	6
斜胁	6
c么	6
褬褵	6
艡u	6
z芒	6
qh	6
贸艖	6
膹艌	6
谩e	6
z枚	6
褬n	6
h铆	6
臎毛	6
褌r	6
盲c	6
j贸	6
谩谩	6
褭褕	6
莽谩	6
e褎	6
j褋	6
a艣	6
膹o	6
盲s	6
么艜	6
膽臎	6
tq	6
牛l	6
z媒	6
b媒	6
褌h	5
膬e	5
w枚	5
m藛	5
艅j	5
o卯	5
锌写	5
盲k	5
臎枚	5
褯l	5
s疟	5
疟r	5
膽毛	5
t艡	5
褑屑	5
薪褕	5
芯褵	5
f膬	5
艣a	5
a褤	5
褕o	5
臎铆	5
膽c	5
锌褬	5
g盲	5
g煤	5
邪膽	5
qz	5
cx	5
谩p	5
i艂	5
n褯	5
o铆	5
膽膹	5
t胁	5
g芒	5
藝盲	5
k暮	5
g么	5
膬r	5
膰z	5
膽枚	5
膽膬	5
z铆	5
枚p	5
茅z	5
木艅	5
拧w	5
膰啪	5
芯膷	5
褬t	5
帽o	5
u钮	5
薪屑	5
眉z	5
铆铆	5
臋t	5
j邪	5
啪w	5
p猫	5
谢谐	5
p懈	5
e铆	5
褑o	5
e褍	5
拧猫	5
铆臋	5
暮膰	5
膰谩	5
谐褮	5
胁谐	5
木臎	5
a铆	5
么贸	5
e褏	5
o褵	4
碌g	4
膬g	4
械x	4
铆c	4
v毛	4
y莽	4
o暖	4
g莽	4
qy	4
暮s	4
暮k	4
u芒	4
卯n	4
煤艅	4
蟹j	4
褌写	4
d藕	4
么p	4
艜艜	4
偶i	4
暮d	4
盲臎	4
偶d	4
qp	4
w盲	4
藝c	4
偶g	4
偶j	4
眉膽	4
膽眉	4
f媒	4
泻锌	4
r褉	4
褌斜	4
啪铆	4
qx	4
k谩	4
谩k	4
a偶	4
藝v	4
g暮	4
铆啪	4
木r	4
膬t	4
藝m	4
褑薪	4
薪斜	4
a脽	4
褤卸	4
p芒	4
芒毛	4
膷艣	4
媒莽	4
盲毛	4
贸z	4
t艜	4
膽邪	4
艂o	4
n臎	4
褣u	4
谐蟹	4
拧啪	4
褭p	4
v懈	4
卯艜	4
卯么	4
s眉	4
锌褔	4
臋o	4
毛o	4
毛艅	4
木l	4
膰藕	4
p么	4
茅q	4
膽盲	4
y膰	4
艡毛	4
屑褬	4
k膽	4
xg	4
眉牛	4
d臎	4
n褭	4
n钮	4
盲d	4
a眉	4
艂b	4
牛s	4
啪毛	3
c臋	3
枚f	3
艡o	3
尾r	3
l暮	3
煤e	3
f贸	3
牛莽	3
g膬	3
s臎	3
b艂	3
褬k	3
偶k	3
e贸	3
贸w	3
p贸	3
么l	3
煤r	3
艧t	3
u褣	3
艖毛	3
冒j	3
偶q	3
膹枚	3
b膽	3
膮p	3
褮o	3
偶m	3
藝偶	3
n木	3
v么	3
芒艧	3
莽i	3
u艣	3
么膽	3
膷谩	3
褵屑	3
jq	3
艖铆	3
艅眉	3
煤d	3
偶n	3
c莽	3
莽莽	3
艜膷	3
膬k	3
枚w	3
m卸	3
l么	3
褬m	3
械f	3
f械	3
芯u	3
膽艖	3
臋拧	3
i帽	3
c煤	3
臋铆	3
臋啪	3
o氓	3
眉莽	3
艜么	3
茅茅	3
r臋	3
牛o	3
芒d	3
i械	3
谩u	3
h贸	3
n枚	3
谩j	3
偶z	3
k贸	3
褬褮	3
卸屑	3
泻褬	3
懈懈	3
r卸	3
褌褑	3
盲谩	3
谩拧	3
暮艖	3
艅枚	3
毛盲	3
艅艖	3
v芒	3
褎a	3
褵e	3
谢褕	3
n卯	3
a臎	3
o谩	3
臎膹	3
t膽	3
卯艣	3
v猫	3
藝r	3
j膮	3
藕卯	3
o脽	3
褋写	3
褭c	3
膰h	3
膹艅	3
褬s	3
谩c	3
屑写	3
谩木	3
艡卯	3
艡贸	3
褣褉	3
p暮	3
艣o	3
a褬	3
莽臎	3
膰铆	3
暮贸	3
么卯	3
y啪	3
暮膷	3
藝p	3
藝暮	3
臎l	3
臎j	3
r毛	3
n毛	3
拧藝	3
藕o	3
m芒	3
e艧	3
褏屑	3
褭褭	3
铆芒	3
艂卯	3
贸暮	3
o膹	3
牛眉	3
膮膰	3
蟹褏	3
y艣	3
n贸	3
牛媒	3
屑谐	2
艜a	2
膹m	2
钮暮	2
芒u	2
贸t	2
膰w	2
b么	2
m褣	2
s胁	2
胁m	2
b泄	2
i艧	2
h褣	2
谩g	2
i艜	2
木莽	2
毛t	2
m忙	2
t褍	2
褣o	2
褎锌	2
锌j	2
j褑	2
偶v	2
偶t	2
藝g	2
偶y	2
木m	2
芒k	2
卯贸	2
偶s	2
脽贸	2
贸么	2
眉艌	2
么谩	2
t卯	2
f艜	2
艜b	2
j脿	2
g木	2
d盲	2
枚u	2
褮褑	2
r褬	2
膷z	2
o褤	2
褬c	2
s褬	2
芯h	2
f盲	2
脽u	2
谩h	2
牛n	2
褵褉	2
v贸	2
煤k	2
t暮	2
暮h	2
屑r	2
芯i	2
h艡	2
贸v	2
p艖	2
l膬	2
ql	2
拧q	2
b臎	2
贸d	2
猫m	2
盲m	2
贸卯	2
艌拧	2
g艂	2
艣卯	2
艌膹	2
褬褎	2
写锌	2
o褮	2
褔j	2
j褵	2
e莽	2
毛艌	2
艌a	2
a艌	2
臎o	2
盲膬	2
艌e	2
臎a	2
谩z	2
枚v	2
谢褏	2
么毛	2
褑锌	2
b铆	2
铆膰	2
拧艡	2
艌艣	2
写褌	2
胁褵	2
d褬	2
芒l	2
媒i	2
褏褬	2
j褭	2
茅f	2
m猫	2
帽e	2
u帽	2
艖贸	2
i卯	2
木膽	2
y盲	2
z盲	2
k膬	2
膬艂	2
谢锌	2
b芒	2
臋艡	2
膹拧	2
艂贸	2
j煤	2
卯r	2
p卯	2
d卯	2
n暮	2
n写	2
写褣	2
藝q	2
g膮	2
毛臋	2
斜褑	2
s盲	2
t藝	2
e膬	2
藝y	2
铆莽	2
艡艣	2
褌褔	2
盲j	2
膮m	2
盲o	2
么r	2
眉k	2
臋n	2
拧钮	2
v煤	2
t钮	2
v卯	2
膷暮	2
艜暮	2
i臎	2
谐褎	2
卯o	2
d褭	2
铆e	2
膬c	2
膹c	2
m艡	2
艜i	2
qm	2
牛膬	2
偶拧	2
啪卯	2
t艌	2
i暖	2
i臋	2
盲盲	2
薪褬	2
蟹褮	2
d艣	2
h膬	2
钮s	2
斜褋	2
褋褔	2
枚芒	2
m膮	2
谩铆	2
a臋	2
芒e	2
膹e	2
艧v	2
膹臋	2
n膮	2
谐褏	2
y艂	2
艣m	2
臋c	2
谐褤	2
褤胁	2
g媒	2
艣i	2
臋p	1
贸k	1
l煤	1
媒d	1
眉j	1
x谩	1
膷芯	1
械i	1
械u	1
械h	1
z褬	1
h褌	1
屑l	1
芯c	1
械膽	1
膽芯	1
膰么	1
臎k	1
臎啪	1
褭褉	1
斜褮	1
褭褌	1
褯v	1
l卸	1
褕褑	1
木膬	1
p眉	1
毛枚	1
艂u	1
t莽	1
懈v	1
褭r	1
r褤	1
懈c	1
l懈	1
薪锌	1
a褵	1
j褉	1
j蟹	1
褋j	1
m褍	1
谢谢	1
斜y	1
卯m	1
o臎	1
e芒	1
o枚	1
e臋	1
谩a	1
j艌	1
t褋	1
胁胁	1
泻斜	1
z艖	1
艖n	1
m艖	1
艖k	1
n艖	1
艖f	1
藝藝	1
贸g	1
猫猫	1
l卯	1
膹膬	1
y枚	1
枚艡	1
艅d	1
d艖	1
d膮	1
铆p	1
b卯	1
斜褵	1
褬褕	1
褵褌	1
胁屑	1
l臋	1
臋m	1
脽m	1
蟹褭	1
贸h	1
d膬	1
膬j	1
谩i	1
b艜	1
e訒	1
褮泻	1
膰膽	1
枚膹	1
盲艌	1
贸贸	1
褑褋	1
芯f	1
褬v	1
啪褬	1
屑k	1
b褬	1
褌v	1
j芯	1
脽l	1
膰芒	1
臎暖	1
暖艅	1
g艅	1
l艅	1
u臋	1
a艜	1
卸t	1
煤p	1
s卸	1
i氓	1
卸k	1
褭褵	1
艌i	1
t臎	1
泻褵	1
l猫	1
贸a	1
褔写	1
a帽	1
啪臋	1
贸艣	1
膰贸	1
e臎	1
胁蟹	1
木k	1
钮l	1
艂w	1
s暮	1
钮v	1
y暮	1
褮褉	1
褑褏	1
锌锌	1
l茂	1
茂o	1
屑褯	1
薪褯	1
p茂	1
茂e	1
褎褎	1
尾a	1
o艂	1
艂膮	1
膮c	1
碌m	1
u贸	1
锌褮	1
艌艖	1
g铆	1
臎i	1
艌r	1
z艜	1
臋r	1
卯g	1
臋e	1
艜r	1
b暮	1
谩y	1
冒n	1
v枚	1
艡s	1
y眉	1
眉p	1
臋膬	1
膰木	1
芒枚	1
a膬	1
枚拧	1
铆f	1
k褎	1
n谋	1
谋m	1
o臒	1
臒l	1
g褣	1
偶r	1
艡膹	1
芒艡	1
艌臎	1
毛谩	1
膽谩	1
艣l	1
钮j	1
偶o	1
h膽	1
藝d	1
f芒	1
枚y	1
褏褕	1
卯艂	1
贸拧	1
蟹泻	1
i艌	1
訒u	1
q膰	1
w膷	1
p毛	1
毛r	1
s猫	1
g猫	1
偶p	1
茅拧	1
莽膰	1
膹煤	1
煤暮	1
铆h	1
r臎	1
o藝	1
t暖	1
艧c	1
谩f	1
疟s	1
毛k	1
f么	1
煤b	1
u藝	1
e膹	1
艂s	1
拧膹	1
褭s	1
p莽	1
暮b	1
j冒	1
t臋	1
m莽	1
褬褬	1
k毛	1
d钮	1
h钮	1
s钮	1
莽艅	1
臋膹	1
膹铆	1
煤t	1
膬藝	1
膹a	1
莽z	1
b贸	1
拧芒	1
煤m	1
d煤	1
z煤	1
啪藝	1
谢褭	1
e卯	1
藝谩	1
铆z	1
i么	1
么s	1
膬牛	1
膬u	1
h啪	1
l莽	1
铆艖	1
莽膽	1
铆么	1
褬褉	1
谢卸	1
艖e	1
x铆	1
艡g	1
膹茅	1
膰钮	1
v艜	1
艜t	1
m卯	1
艜s	1
么q	1
n牛	1
膬m	1
芒i	1
i铆	1
膰b	1
褯褉	1
毛j	1
牛贸	1
u艖	1
艖b	1
屑胁	1
盲艖	1
木芒	1
铆膽	1
铆藕	1
卯膷	1
眉f	1
艜e	1
l艌	1
暮艜	1
木谩	1
褎褑	1
艂膷	1
臋枚	1
膷艂	1
毛膹	1
w眉	1
艜u	1
o艜	1
暖a	1
卯d	1
z艂	1
脽a	1
m毛	1
褋谐	1
c枚	1
邪邪	1
褏褋	1
褌褕	1
谢蟹	1
qd	1
i膹	1
l褤	1
褤f	1
芒牛	1
膬z	1
z膬	1
c牛	1
冒膷	1
冒d	1
g臋	1
l牛	1
斜泻	1
臋臋	1
卸谐	1
c膮	1
k懈	1
么啪	1
木毛	1
艖艌	1
臎艣	1
卯j	1
h褤	1
褤t	1
c啪	1
膮v	1
么b	1
艖艖	1
p膬	1
j臋	1
臋盲	1
a枚	1
l藝	1
藝拧	1
j褔	1
褵a	1
褋t	1
t锌	1
艡芒	1
冒v	1
偶a	1
芒s	1
r藛	1
藛m	1
褔斜	1
t艂	1
d艂	1
s艂	1
臋艂	1
l膮	1
膮d	1
z艣	1
d臋	1
l茫	1
眉i	1
t膬	1
v臎	1
h媒	1
z么	1
锌斜	1
谐斜	1
r膵	1
膵a	1
偶l	1
g谩	1
m疟	1
胁r	1
藕艜	1
臋艣	1
艡拧	1
褯褋	1
偶h	1
盲莽	1
r忙	1
么膰	1
莽眉	1
暮t	1
t膮	1
艂y	1
z莽	1
谐褭	1
贸藕	1
藕谩	1
t谐	1
胁褳	1
胁褩	1
褩c	1
c谐	1
胁褨	1
褨m	1
p卸	1
i莽	1
莽b	1
媒t	1
媒p	1
j媒	1
s莽	1
jx	1
v酶	1
酶r	1
木v	1
f暮	1
a谩	1
芒r	1
u膹	1
卯c	1
