ne	12140336
to	11570266
je	9816917
se	9707273
st	9190365
te	8583699
ch	7929474
po	7417625
em	7337970
le	7331721
ta	7256901
na	6995633
en	6548869
ro	6517539
la	6335521
js	6328050
do	6065631
al	6044974
ak	5998397
ho	5779942
pr	5743970
že	5582422
ou	5356435
no	4973935
li	4856241
ov	4657236
ra	4596703
ko	4464443
an	4455634
ní	4406387
by	4398487
ně	4356770
ře	4324921
at	4152632
de	4126481
ím	4072501
si	4053666
od	4040747
me	4007099
el	3697660
co	3625356
lo	3600426
ni	3551887
ed	3419907
os	3391392
za	3381210
ej	3359421
ěl	3331671
př	3313095
mi	3252823
dě	3207101
il	3186204
ám	3183883
va	3124039
om	3112408
ka	3054387
ob	3053488
ti	2930081
mo	2925939
ce	2910619
ná	2887064
it	2857378
hl	2850428
dy	2831694
oh	2828180
er	2817900
ad	2810533
tě	2792912
ja	2778756
rá	2774017
ud	2769859
ku	2717020
mě	2709619
ve	2688118
es	2674899
vá	2638153
pa	2611225
in	2600359
kd	2589469
ot	2586870
sl	2558147
dn	2518079
ol	2492524
vě	2376963
am	2325096
ví	2310508
av	2291996
vy	2279334
mu	2268671
ří	2260847
vi	2243349
ma	2242243
as	2240575
et	2240254
má	2217113
on	2205846
ec	2190571
vo	2180850
ít	2174818
bu	2135129
eb	2117794
ic	2035178
ji	1955466
ys	1941371
tr	1932844
ek	1928076
ar	1919024
še	1900531
jí	1895053
tu	1863232
or	1829890
bo	1815063
da	1801588
eš	1800454
us	1796524
uj	1789226
oj	1783467
ok	1782619
yl	1781746
ři	1772787
ky	1770148
ci	1753788
di	1672364
át	1650944
sk	1643362
lí	1641201
ád	1628665
ty	1595973
lu	1577545
id	1569578
so	1562352
lá	1550102
dí	1544681
tí	1493984
oz	1481135
du	1480770
my	1479253
oc	1469654
mů	1465293
ab	1419176
re	1418342
be	1404214
is	1403036
ev	1381258
ož	1353686
ný	1352295
ez	1350841
né	1348288
íš	1341394
če	1337101
sí	1332215
nu	1331415
kl	1327196
už	1289158
br	1282170
sm	1276884
ha	1272048
ze	1269236
dá	1249736
op	1236340
já	1232459
án	1213394
oč	1209342
ík	1208996
ut	1208608
aj	1208376
hn	1206011
tř	1201796
ik	1197476
ět	1184006
ší	1168767
zn	1166776
sp	1164330
kr	1163085
kt	1162658
tv	1160049
áv	1159985
ac	1136207
ká	1135747
ru	1133298
ás	1126522
yc	1124859
áš	1123052
íc	1118363
sv	1095604
ap	1087231
pe	1077396
jo	1076849
ep	1071746
ál	1068986
iv	1067653
ůž	1054229
tn	1041457
he	1035522
jd	1027590
sn	1018796
vš	1012790
sa	1006299
ži	1002676
tá	1000299
ěk	999855
vn	989885
mí	978414
ri	974160
ěj	962190
dl	957141
ěc	953739
vý	948295
ba	932710
vé	930393
eč	925220
uv	918012
hc	908263
aš	895093
hr	893681
nt	878996
ah	871415
až	865166
dr	855914
či	848048
ke	845244
ny	828841
št	825095
pl	822500
ln	807360
ly	801171
hu	782417
yž	752811
ml	742999
ck	738294
čn	737889
uk	728170
pi	725845
eh	721751
ry	718140
čí	709794
bl	705079
ké	698874
cí	695428
éh	694917
ůj	693083
zd	690312
lé	676870
ač	675979
up	673781
žn	666785
čk	666570
rt	659377
ši	658834
tk	656501
ež	648052
há	645827
oř	644409
bř	643102
zp	642052
ie	639966
tl	637619
bi	630388
ív	626729
mn	624354
kn	623138
vr	616450
ký	612599
pá	612585
ým	609652
zá	608711
im	607821
ěd	602684
bě	593764
lk	589859
ur	584974
uc	583146
eď	581178
az	579462
dv	576006
nd	573654
ém	572072
ží	569473
áz	569377
řá	568964
zk	563277
ác	556051
ul	547684
rý	542280
nc	539278
ís	539230
žd	538365
vl	537676
rv	535049
bý	526485
um	525732
ič	522152
ht	521914
rn	519159
nk	518505
yb	518432
uh	512864
vz	511310
hy	509482
šl	509068
vů	505678
zv	500673
ča	500050
vd	498315
rd	494911
jt	485591
ýt	484700
su	482560
íl	476174
ju	474331
ěn	467667
ýc	466801
ij	466198
uš	457252
un	451381
té	451331
zi	450614
pu	448980
yp	448184
au	447924
ct	445296
áž	444504
dk	441496
zí	434354
žu	425112
ll	424621
jm	417141
ré	416582
zl	412701
tý	406207
eř	404414
kv	403219
vu	401753
yt	398082
jn	392476
mé	390920
zm	390542
pě	386478
nn	385603
kž	380682
bí	380672
ák	376635
fa	375376
íd	373690
pí	373417
zo	372826
ng	371187
iš	366753
ěs	366351
ár	361738
žá	355038
yš	352388
pů	348881
ns	346196
ub	344683
rk	344186
ge	344111
lý	342682
mr	338641
ip	338231
fo	332702
yn	331622
šk	323829
zb	321087
sy	319066
dů	317442
iz	313218
ds	312288
ěř	310317
ín	308617
ca	308335
ůs	304212
áp	303823
dp	298837
uč	297980
ír	291451
ůl	289205
ga	285298
zu	284727
rm	284603
hi	281323
sh	277533
sc	277272
ěž	276849
yh	275771
th	275305
eo	273332
eu	273238
rž	270123
íz	259857
fi	257592
ia	253234
ex	252567
zt	250854
oš	244719
dc	243989
jď	243552
rs	242947
íb	242588
áh	236935
ir	235794
ea	234704
io	233137
sá	231590
zr	231475
fe	230408
uz	228151
íh	227239
pt	225846
gr	224758
mý	216322
zh	215268
én	215141
rů	215075
ař	213648
hv	213597
sr	211391
gi	211021
pš	208707
vž	206948
ag	205507
yd	205423
dé	204596
íž	204592
lm	203665
bn	201059
ps	200179
šp	198994
ář	196878
jš	195757
aň	193565
go	192393
nč	192275
ěz	191182
ey	191091
rz	190759
dý	189093
lš	187816
ěm	187141
pn	186053
fr	185028
iň	183249
rc	181830
vk	180961
ěh	178739
og	177570
ať	176765
ay	173487
šn	172882
oo	172702
ki	172212
čt	171228
zů	169857
ih	167938
ls	167784
yk	167164
ee	166858
eg	166759
rg	165910
ig	165181
ef	163676
ai	161493
gu	161382
ii	160442
tt	159565
ům	157241
vs	156143
ků	155922
rl	155172
íč	155095
čl	154522
cu	154521
ův	154485
dř	152868
ib	152230
bá	151421
vř	151313
áč	151204
ša	150328
rč	149971
wa	149539
yč	147487
rr	146051
íp	145023
ss	139096
mp	136824
cn	135954
uf	135670
ym	135013
žk	134239
mř	132740
zř	132608
ža	132136
ýh	131508
dm	131035
kh	130893
ňt	129729
xi	128240
čá	125490
áb	124469
tc	124104
šť	123597
tů	123323
ďt	122799
ěr	122569
jl	121550
zy	119648
ow	119097
lb	118693
of	118684
yř	118325
vt	117992
ůb	116779
ér	115376
fu	115196
yo	114257
zj	113577
mm	111112
eň	110558
žo	109654
ld	109486
nů	109393
iž	109347
nž	108238
vč	107600
lt	107444
ěš	107291
mb	106488
wi	105264
hý	105066
tš	104376
ýv	103582
yr	103434
rh	101775
kř	100352
ýš	100019
af	99066
dt	98159
mh	95820
šu	95505
íř	95299
ts	94737
if	94065
we	93983
ýd	93449
úp	93025
py	92890
řa	91776
dd	91673
ťa	90979
ei	90952
áj	90840
uď	90712
kc	90235
ěč	89754
ýb	89687
lh	89373
hů	89017
ěv	88809
ét	88564
lů	88547
rš	88542
rp	88385
hé	86995
íj	85612
nh	84806
iá	84412
cl	84285
ms	83638
nf	83614
hř	81968
dh	80734
čo	80515
ph	80147
ču	79869
bj	78749
ew	78734
yz	78274
bc	77908
oň	76182
uř	74319
sb	74014
ék	73643
žt	73607
oe	73332
fá	73211
ua	72923
mk	72796
fl	72714
gl	72171
hm	71605
dš	71258
út	70591
oď	70477
mt	70214
wo	70123
ůz	69544
yj	69459
mc	68922
ax	67700
lc	66681
jv	65396
nz	65048
ců	64354
bs	62838
šé	62554
ue	62145
éf	61240
ús	61220
oa	61048
bv	60908
ae	60811
ýs	60576
úž	60559
ya	60555
gh	60317
pc	60296
tm	59870
és	59817
db	59564
rb	58646
ďm	57925
ff	57772
ye	57366
gn	56008
ýk	54950
oi	54743
ón	54585
ló	54544
úč	54370
ňu	54038
yť	53750
tb	53609
ui	53582
sť	53532
ýl	52901
cy	52772
bb	52677
cr	52510
šo	52208
řo	52134
yv	52068
pk	52063
km	51473
yu	49949
vc	49319
iu	49093
ks	49034
dč	49021
dj	47892
oy	47871
ug	47745
mž	47463
bů	47371
ýr	46878
aw	46865
ůr	46060
qu	45955
lv	44824
ůk	44792
zc	42706
rf	42127
řs	40882
ňo	40203
éd	40073
wh	39613
cv	39428
jc	39365
ýz	39169
xu	38600
bč	38577
aď	38137
ťá	37675
gy	37600
ůh	37575
éč	37527
jz	37161
lč	36861
ťt	36295
lž	36134
ao	36046
tč	35986
řu	35747
zz	35650
zs	35086
jč	34541
yi	34022
ií	33894
jk	33893
pp	33771
ox	33271
bk	33138
lf	32886
aa	32239
žb	31984
nr	31821
uá	31710
ýp	30989
ěp	30650
ůd	30643
pé	30539
šš	30512
ýn	30504
sů	30341
nš	30214
gg	30110
nv	29213
ép	29034
gá	28856
úk	28531
ďá	28240
řk	28092
bt	27613
čů	27458
óz	27376
xt	27308
ěť	27238
wn	26766
ód	26752
fé	26439
čc	26311
žs	26300
ěď	25810
jh	25482
bd	25482
cc	25065
gs	24644
xp	24453
ix	24252
éz	24205
xe	24145
hk	23983
fy	23910
řn	23887
hd	23821
iď	23489
cé	23323
dž	23318
nb	23045
kó	22870
lz	22694
úd	22183
šá	22049
xy	21797
šv	21749
ié	21499
íň	21261
éž	20979
žš	20935
eá	20800
řb	20681
ýč	20521
sd	20517
ió	20370
pč	20217
pý	20035
dg	19978
řt	19682
sé	19565
uť	19482
vh	19300
ft	19036
dw	18727
éc	18654
ňa	18619
él	18564
ún	17941
úr	17885
tz	17849
žr	17784
cá	17574
ňá	17254
jb	17243
rť	17206
xo	17147
úř	16920
nj	16827
úc	16725
cm	16639
vp	16470
gt	16368
nl	16339
žl	16211
ťo	16195
úm	16155
fb	15997
dz	15894
sw	15763
lp	15647
kk	15579
év	15491
vó	15378
tw	15227
xa	15051
eť	14995
žů	14692
jp	14378
žc	14272
sf	14225
cp	14153
zý	14132
jr	13985
rí	13801
zč	13727
ws	13641
úz	13616
ťu	13204
ňs	13133
vb	12879
zš	12725
hh	12674
řm	12581
ňk	12575
fí	12574
uo	12367
ýj	12306
oť	12262
šm	12195
jů	11944
bh	11787
lň	11778
yg	11761
gé	11648
mč	11420
éř	11394
sý	11366
žň	11217
ěi	11119
ux	11074
yf	10987
zó	10907
sj	10828
aú	10791
šc	10641
iř	10449
lg	10377
zé	10278
uň	10175
wy	10117
md	10046
mó	9828
pó	9690
bé	9660
žv	9618
ůn	9563
řů	9452
wl	9326
wr	9280
bz	9232
úl	8861
kč	8856
úv	8717
mš	8698
ůc	8694
úh	8206
ěň	8019
řv	8018
uu	7875
ďa	7862
eú	7767
ůč	7757
xí	7723
ór	7714
áá	7671
ťk	7669
ýž	7521
uy	7477
fk	7464
žh	7450
ňů	7437
jé	7416
hč	7386
zú	7365
yw	7289
jó	7253
rw	7249
ůř	7042
nó	6946
mf	6930
vm	6833
tó	6823
ďk	6749
bž	6690
lr	6673
cg	6656
sň	6619
df	6429
gm	6389
ól	6343
pň	6251
gů	6242
kš	6126
hs	6070
gw	6028
iy	5950
ýř	5873
rň	5864
šr	5771
cd	5655
ró	5644
čb	5634
iť	5612
iq	5584
wk	5561
tg	5446
lj	5441
čm	5260
hw	5218
cz	5213
žď	5207
dň	5141
rj	5138
ůň	5123
bš	5114
íť	5099
ďo	5027
yň	4946
kw	4923
nw	4877
éé	4817
gd	4804
aq	4802
gř	4782
ľe	4737
čs	4717
sq	4593
jú	4518
hň	4509
tf	4442
šň	4366
ůš	4336
vň	4282
jf	4272
cs	4242
cq	4099
éb	4066
rď	4061
hť	4058
éš	4029
zň	3940
xc	3917
hb	3885
fg	3880
pj	3816
ág	3791
gb	3779
sg	3775
lw	3766
vj	3710
fn	3709
gó	3657
zf	3650
ťm	3593
wu	3592
bó	3548
eq	3538
šs	3534
fó	3518
ób	3512
nm	3459
lě	3449
ňm	3413
sč	3408
fř	3396
xl	3375
dˇ	3317
gp	3267
nď	3241
wt	3240
áň	3239
jj	3212
xk	3205
ůt	3168
kp	3134
mň	3131
kb	3108
fů	3102
ég	3075
gí	3075
kg	3047
np	3036
hž	3031
žé	2957
bm	2927
óm	2864
só	2864
gf	2832
jž	2829
mz	2794
fs	2759
pb	2758
řč	2719
xx	2710
cb	2702
pm	2667
óó	2662
čň	2538
žm	2525
iw	2488
kz	2470
bň	2450
tp	2435
íí	2428
kě	2417
šů	2405
kú	2403
sz	2350
mw	2329
pd	2323
řl	2314
fm	2299
tj	2287
óg	2206
kj	2175
gk	2152
wd	2136
xn	2114
rq	2111
řp	2106
áu	2090
yď	2042
fň	2031
čé	2014
tň	2007
wb	2004
ój	1976
kf	1971
iů	1894
ďu	1881
qi	1878
áď	1870
td	1859
éj	1842
čp	1821
yů	1809
xm	1782
wm	1782
eů	1776
ąe	1769
fú	1731
ňc	1712
pf	1703
mú	1663
dó	1639
wf	1633
nx	1632
mv	1616
xf	1609
řc	1524
kň	1517
rě	1510
mj	1499
hj	1441
mg	1407
xh	1407
hó	1400
hf	1385
dú	1360
oá	1347
hí	1331
ůů	1328
ťe	1308
tú	1306
rx	1271
bp	1249
fc	1245
xb	1227
íg	1190
ýu	1189
cf	1176
zg	1169
sú	1129
ée	1129
oľ	1128
ót	1109
zž	1099
új	1063
nq	1061
yy	1056
čr	1047
óc	1039
wc	1035
xs	1028
hp	1024
žp	1021
rú	1019
uq	1010
čč	1006
pz	990
úb	988
eą	984
íi	979
šč	975
ůľ	964
éď	957
nì	954
qa	943
vą	924
yx	923
xů	922
eľ	919
tˇ	916
jě	910
ˇr	907
ůi	906
eí	904
ąí	892
ía	865
pg	861
uľ	848
íď	847
gc	845
óž	840
xw	832
fü	828
aą	820
gv	820
uw	813
mü	807
íą	806
oq	801
ňe	798
wp	794
ľi	789
ìl	786
pť	778
dì	765
áą	759
øe	758
yú	756
iú	755
kí	742
üh	738
gö	738
úú	732
aľ	731
pú	727
ün	725
áť	723
fě	718
ör	715
hě	712
ăą	683
áf	674
xé	653
qe	645
ąt	645
lú	645
nť	644
ýf	636
ós	631
ˇt	630
ío	621
nç	614
eó	614
bw	610
ŕm	610
tì	607
gj	607
ďs	605
wě	601
ůp	600
řš	597
ýň	596
mì	593
fj	589
uí	583
ço	576
pø	575
ýý	569
žj	566
fd	558
bú	557
iý	554
ďc	550
sž	545
ww	533
jť	533
ąi	531
ái	531
yľ	529
íf	527
pv	524
mô	522
zw	517
vú	516
éo	508
aó	506
ľí	505
nú	503
vì	500
xv	499
ül	496
ĺž	485
ür	483
hú	481
šó	475
rŕ	473
ěb	470
řr	465
vŕ	462
ľn	461
mù	459
hg	456
ťi	454
có	453
rü	447
cj	446
vg	445
rö	438
øí	431
ľa	430
qt	429
dď	425
ńo	422
ľd	421
mŕ	419
jň	419
że	414
aá	414
ďe	413
eń	409
ľu	409
wg	401
éa	389
qq	384
vv	383
dť	381
tť	375
íe	373
gz	371
ią	364
oú	364
øi	362
ué	361
óv	357
ôž	354
jö	352
üs	351
nă	351
jg	348
ël	348
ťů	345
ĺą	345
rř	345
aí	344
pw	340
ąl	339
hö	336
nŕ	336
ön	335
šě	332
ić	325
zď	322
jü	322
ťě	322
fp	320
úš	320
řh	320
ŕt	320
řd	317
kľ	316
në	316
sř	314
èe	312
uú	311
hz	308
ùž	300
oí	298
uą	298
ěf	297
jy	297
jw	296
qo	293
čv	293
gü	288
ňi	285
mö	283
pˇ	281
ìt	279
mä	278
ťs	277
të	274
fý	272
oè	269
íu	268
áľ	268
lŕ	268
yą	267
žy	265
cú	264
cň	262
fh	259
vă	258
rľ	258
dü	256
óh	255
ľk	255
éň	253
ók	252
čú	252
än	251
më	249
wů	248
sš	247
fv	246
čh	246
rä	244
öt	244
iń	243
dx	241
nä	239
fw	239
žč	239
ìj	239
ąk	238
uů	238
ça	235
ök	235
áa	235
ľá	233
jř	232
cw	232
tä	231
ŕd	230
ěě	227
tž	226
dä	226
dë	224
ěľ	223
vä	222
aů	222
öd	221
yá	221
tø	221
yí	220
ìc	219
iě	219
éť	217
oé	216
öm	216
ùj	215
qb	214
tx	214
ďi	214
wá	214
ďn	212
ît	209
ůe	207
bg	207
mx	207
íľ	206
dŕ	206
jä	206
ôj	204
eé	200
ań	200
hš	198
èi	197
pĺ	196
gú	196
iľ	194
ìk	194
eè	194
eě	194
lq	193
ťj	192
kö	192
cě	192
pž	192
sě	189
vù	188
dö	187
äu	186
žě	186
íá	186
aé	185
řj	185
zě	185
kŕ	185
lă	183
nî	183
tă	183
eï	181
ât	181
ˇˇ	180
ăo	179
čť	176
bf	176
ąp	176
är	175
cč	170
vë	170
îm	169
vx	168
ňě	167
ěo	165
vľ	164
gq	163
ŕš	163
èn	163
ďj	162
ńa	162
ră	160
èk	159
să	157
ŕs	156
jŕ	155
ăš	155
hâ	154
óč	154
šh	154
üd	153
ìd	152
ľo	151
lą	150
ˇm	150
čó	150
ˇa	150
oů	150
pą	149
èí	149
hq	148
oˇ	148
dă	148
vf	148
ła	148
ďů	147
aè	147
mă	146
nę	146
lü	146
ŕv	146
fč	145
ťí	145
vw	143
dq	143
ją	143
žg	142
ĺż	142
nř	142
ďp	140
ňd	140
óo	139
qá	138
ät	138
ąn	138
hx	137
eĺ	137
äs	137
xg	136
řě	136
tü	136
ťn	134
öl	133
qr	132
zq	132
xá	132
ěg	130
äg	128
ˇs	128
pä	127
ŕn	127
ąm	126
pŕ	125
ał	124
jă	123
tö	122
će	122
óp	121
ąa	121
tŕ	121
wz	120
bì	120
pù	120
ùl	117
řé	117
oń	117
kx	116
oą	116
dù	115
ľą	114
xd	114
ůf	114
hä	114
qw	113
ię	112
gš	112
ło	111
úa	111
wj	111
ěe	111
xr	111
pô	111
ˇá	111
yq	109
mę	108
üg	107
iè	107
ťr	107
ůu	106
žř	106
ˇj	106
üc	106
oó	105
ył	105
sö	105
áe	105
bø	104
oë	104
zx	103
øá	103
áo	103
lä	103
ęl	102
ďě	102
řî	102
ťp	101
üb	101
oø	101
vî	101
ŕl	101
üt	101
âş	100
aĺ	100
pì	100
ěa	100
dô	99
ľm	98
eý	98
áí	98
oż	97
ös	97
ët	97
tę	96
èa	96
hľ	96
hŕ	96
žó	95
óf	95
kä	95
ťť	95
aî	94
sü	94
lö	94
oĺ	94
úf	94
ňí	94
ôl	93
gě	93
ŕc	93
bü	93
čy	93
ìs	93
üa	92
uó	92
mĺ	91
ño	91
qc	90
vô	90
bä	90
ýą	90
ìn	90
uě	89
ùs	89
řž	89
eä	88
žú	88
mq	88
öh	88
zŕ	87
ěą	87
éu	86
kă	86
tą	84
lx	84
äl	84
žž	84
řy	83
cť	83
šú	83
lî	83
wq	82
jî	82
ľt	82
úť	82
gx	82
jï	81
pă	81
nľ	81
aç	81
šj	81
ŕž	80
nĺ	80
vę	80
ńt	78
ëc	78
ën	78
řř	78
vď	77
rô	77
äc	77
qv	76
ěu	76
eø	75
ďí	75
zť	74
aý	74
óu	73
nü	73
rą	73
äť	72
că	72
ŕp	72
tî	72
hü	72
dę	72
eñ	71
uń	70
ëk	70
iò	69
ŕr	69
üe	69
yý	69
čj	69
oä	68
sx	68
ńe	68
dî	68
îk	68
wí	68
ôm	67
ŕz	67
eˇ	67
ąd	67
óř	66
ąĺ	66
ďd	66
čš	66
ňy	65
ťc	65
wä	65
tĺ	65
ňť	64
ør	64
cš	64
gč	64
ìø	64
řň	64
äi	64
dľ	63
kù	63
rù	63
òt	62
qs	62
íy	62
îc	62
qh	61
sø	60
ŕí	60
fš	60
lť	60
vĺ	60
øg	59
bă	59
ùv	59
jø	59
ďr	59
ąă	59
ìž	59
ˇn	59
ˇo	59
fz	58
zù	58
kü	58
ˇu	58
řz	58
ľú	57
öf	57
óň	57
ýi	57
ěí	57
ľv	56
öp	56
ać	56
ăˇ	56
čě	56
ći	56
ęt	56
lř	56
ąu	55
aò	55
íě	55
ôs	55
äk	55
šd	55
öz	54
bx	54
px	53
fx	53
ùm	53
eò	53
ùb	52
aë	52
dą	52
áè	52
ôv	52
yó	52
eś	51
öj	51
żĺ	51
uè	51
ït	50
ìm	50
šľ	50
ođ	49
čd	49
yĺ	49
úi	49
ađ	49
äd	49
ńs	49
éi	49
óš	49
hă	49
oç	48
uç	48
kô	48
üz	48
sî	48
ög	48
îv	48
nù	48
ďz	48
źe	47
ęc	47
ëi	47
ňó	47
iä	47
uĺ	47
mî	47
ää	47
lď	47
aż	47
żd	47
ói	47
wv	47
oý	47
šy	46
ľb	46
pî	46
ëj	46
aø	46
ză	46
kĺ	45
añ	45
ůo	45
ąv	45
nň	45
cý	45
yè	44
öb	44
řý	44
żs	44
ďv	44
eç	44
ëß	44
ˇp	44
bˇ	43
rè	43
úľ	43
pâ	43
źá	43
xj	43
bö	43
wé	43
ŕk	43
mű	42
rĺ	42
ęd	42
óa	42
áø	42
aˇ	42
ěß	42
èl	41
ąs	41
žŕ	41
äm	41
ża	41
çe	41
đl	40
wł	40
öw	40
đa	40
ňš	40
bq	40
çă	40
mø	40
nè	40
ôr	39
ýo	39
ďh	39
ąo	39
ów	39
łe	38
ìz	38
ëm	38
ˇk	38
oě	38
ăł	38
zø	37
ëo	37
řú	37
mľ	37
èt	37
íè	37
vť	37
ìh	37
ës	37
sł	37
żj	36
uż	36
yé	36
ýť	36
ìv	36
žý	36
áě	36
ąc	36
ôn	36
ěˇ	36
bâ	35
űl	35
ąé	35
ŕŕ	35
ôt	35
ęk	35
úo	35
bë	35
ťv	35
cx	35
çi	35
bĺ	34
rç	34
łu	34
jx	34
śl	34
żc	34
hù	34
šî	34
ŕß	34
šb	33
ďy	33
vø	33
öc	33
îl	33
hø	33
çn	33
ăş	33
ďˇ	32
ýe	32
tô	32
ćo	32
rę	32
ëz	32
ëd	32
ňh	32
żp	32
fť	32
hô	32
sŕ	31
ŕe	31
nö	31
ły	31
ňn	31
qd	31
rű	30
úg	30
lù	30
îs	30
ęs	30
dĺ	30
úň	30
ży	30
wš	30
dø	30
èá	30
tù	30
ňď	30
ęn	30
ťß	30
ßt	30
íé	30
ńu	30
áˇ	29
qm	29
öe	29
ìš	29
ql	29
ˇv	29
żq	29
ăż	29
iś	29
ĺk	29
nˇ	29
gä	29
aś	29
xz	29
ůg	29
ťž	28
ţe	28
oò	28
ną	28
vè	28
ße	28
áy	28
ęj	28
iç	28
aä	28
ßs	28
ňj	28
qn	27
mť	27
ľs	27
tq	27
oś	27
bę	27
fö	27
bŕ	27
cù	27
ñe	26
íů	26
öv	26
žă	26
ąz	26
ük	26
éí	26
čß	26
cô	25
uï	25
ąr	25
vö	25
sĺ	25
ка	25
lľ	25
wx	25
sä	25
žz	25
čî	25
ôc	24
ĺs	24
pq	24
uý	24
uø	24
ţi	24
çí	24
żl	24
áý	24
ˇd	24
ił	24
śc	24
ôb	23
âq	23
yø	23
iĺ	23
jĺ	23
żn	23
ňú	23
sľ	23
uˇ	23
ŕh	23
ßj	23
iă	23
ˇb	23
wý	23
ěá	23
fŕ	22
mą	22
xq	22
fq	22
ąą	22
uă	22
lè	22
iñ	22
ña	22
ąá	22
úu	22
ùz	22
qů	22
ýg	22
bľ	22
óe	22
ýá	22
pę	22
ěé	22
áx	21
yö	21
üm	21
űz	21
św	21
šf	21
zę	21
eć	21
oł	21
łn	21
ˇř	21
hĺ	20
gž	20
pľ	20
bî	20
żv	20
sù	20
śm	20
ćr	20
ća	20
dź	20
řť	20
yś	20
ńc	20
şa	20
ßp	20
ßn	20
ڎa	19
tł	19
ňb	19
eă	19
lĺ	19
ďú	19
lô	19
öy	19
cę	19
äh	19
ką	19
zł	19
ďl	19
ĺľ	19
ůa	19
cž	19
îš	19
ýa	19
tè	18
wž	18
aï	18
iß	18
ŕi	18
vü	18
čř	18
zü	18
на	18
ńi	18
qy	18
zą	18
wü	18
tď	18
oï	18
čg	18
kť	18
dè	18
íø	18
íˇ	18
ńk	18
ęr	18
kø	18
ра	18
да	18
ďb	18
aě	18
ůď	17
uţ	17
úů	17
jˇ	17
ˇl	17
çu	17
eż	17
űs	17
eş	17
đi	17
ˇh	17
šg	17
ër	17
dł	17
šý	17
ćn	17
žî	17
mˇ	17
çç	17
ňz	16
nő	16
aź	16
kď	16
śn	16
jý	16
íń	16
äč	16
ëh	16
ůá	16
pë	16
ëř	16
ńá	16
øa	16
żr	16
cî	16
ťz	16
ťh	16
òo	16
ïm	15
ćk	15
ië	15
ňp	15
aü	15
řŕ	15
čz	15
čĺ	15
ťˇ	15
ňé	15
kˇ	15
ко	15
kq	15
ŕj	15
ìr	15
те	15
iţ	15
šř	15
ěy	15
vˇ	15
kţ	14
ær	14
îz	14
ĺc	14
éx	14
éľ	14
ľc	14
űj	14
то	14
ùk	14
śr	14
îb	14
yˇ	14
vć	14
ăr	14
óď	14
üp	14
zĺ	14
dӕ	14
ӕm	14
żh	14
čý	14
ßm	14
cř	14
żt	14
zî	14
úè	14
în	14
ŕb	14
îß	14
ân	14
źi	14
îd	14
læ	13
ĺv	13
üj	13
yç	13
ćí	13
čf	13
ěý	13
øl	13
ùr	13
úe	13
źn	13
żi	13
iş	13
ˇc	13
jq	13
šw	13
šž	13
ˇz	13
żo	13
çt	13
ýí	13
ßz	13
ăg	12
qk	12
âc	12
sď	12
cä	12
dű	12
źm	12
äf	12
lń	12
yń	12
şi	12
oź	12
äž	12
aţ	12
śk	12
òá	12
не	12
eî	12
ßv	12
bą	12
żm	12
çá	12
äz	12
şe	12
xš	12
yě	12
pű	12
bť	12
ìè	12
îr	12
ću	12
де	12
áw	12
là	11
ōt	11
sę	11
żu	11
đu	11
ôk	11
eł	11
oî	11
èo	11
îč	11
fä	11
qě	11
ак	11
ďž	11
gă	11
šz	11
ůí	11
wö	11
ôd	11
øk	11
ˇe	11
âl	11
őe	11
uä	11
gý	11
řĺ	11
aß	11
pü	11
òa	11
ję	11
áú	11
ěů	11
ен	11
та	11
đe	11
řg	11
ľů	10
żb	10
âˇ	10
hˇ	10
øb	10
üi	10
řľ	10
ęm	10
ůw	10
uć	10
ас	10
од	10
ск	10
äb	10
iŕ	10
ôz	10
oć	10
kł	10
äe	10
âż	10
áů	10
ťl	10
øu	10
ал	10
òu	10
üf	10
gł	10
éâ	9
kż	9
jà	9
ïá	9
tő	9
бу	9
lˇ	9
аш	9
èr	9
râ	9
òs	9
öi	9
ňl	9
ňž	9
bù	9
bć	9
ĺr	9
éq	9
zô	9
śi	9
wó	9
yć	9
aş	9
ľď	9
ąä	9
fľ	9
îj	9
üv	9
ëë	9
ŕë	9
tâ	9
dż	9
ĺl	9
éy	9
ść	9
он	9
ни	9
ож	9
śp	9
iˇ	9
ýé	9
ýy	9
ťd	9
éý	9
âř	8
řş	8
аб	8
уш	8
шк	8
úy	8
žü	8
qp	8
qz	8
sˇ	8
uź	8
řď	8
ĺˇ	8
îž	8
кр	8
аз	8
ąh	8
rˇ	8
uß	8
ňv	8
gň	8
rć	8
fă	8
úď	8
ęł	8
řf	8
zˇ	8
ýˇ	8
ст	8
ут	8
íò	8
íý	8
ßh	8
şâ	7
чт	7
ба	7
ŕč	7
bè	7
żk	7
ěï	7
nţ	7
fĺ	7
äa	7
šĺ	7
ол	7
ùh	7
éˇ	7
qí	7
yü	7
wč	7
čò	7
yă	7
ˇg	7
tć	7
şt	7
ťb	7
ýľ	7
iö	7
óx	7
yä	7
žĺ	7
ľr	7
cü	7
çl	7
ůý	7
tľ	7
äp	7
ĺb	7
žw	7
fž	7
jć	7
ľš	7
vű	7
śt	7
øo	7
ва	7
пр	7
ве	7
ет	7
по	7
ви	7
ма	7
ав	7
ňč	7
éá	7
ěń	7
ĺo	7
lę	7
но	7
kę	7
śe	7
ßo	7
óá	6
łż	6
qč	6
ľg	6
ńj	6
ты	6
rì	6
vq	6
iż	6
źd	6
pò	6
cç	6
áś	6
nô	6
śa	6
łm	6
ый	6
во	6
aă	6
gˇ	6
øn	6
ęp	6
mâ	6
đo	6
ňý	6
ľl	6
ĺt	6
ùc	6
äś	6
şd	6
ﬁl	6
ľň	6
ęz	6
űr	6
ĺn	6
ýů	6
qj	6
uś	6
че	6
мо	6
ру	6
ат	6
ри	6
ив	6
ит	6
ил	6
ву	6
ам	6
ле	6
от	6
ро	6
ńů	6
ěw	6
øs	6
łk	6
žť	6
ть	6
ąb	6
ťř	6
ˇž	6
oş	6
ßž	6
űp	5
ńë	5
oñ	5
şo	5
ťé	5
gë	5
pè	5
mń	5
şp	5
vź	5
üč	5
çü	5
ćt	5
fę	5
qg	5
rţ	5
ĺd	5
gę	5
űv	5
äź	5
xú	5
gĺ	5
üç	5
zń	5
ку	5
xž	5
ťš	5
ąj	5
cĺ	5
ĺg	5
çk	5
wą	5
šŕ	5
äy	5
śé	5
zè	5
éè	5
wň	5
ùd	5
нь	5
ки	5
ов	5
ши	5
бы	5
жд	5
hď	5
çj	5
íq	5
ůy	5
èc	5
uò	5
śí	5
ду	5
зд	5
др	5
го	5
ор	5
èu	5
ĺz	5
óż	5
jè	5
eź	5
žń	5
ćl	5
câ	5
uł	5
ąč	5
cą	5
łą	5
čë	5
ëž	5
ßu	5
ßb	5
ëí	5
ěë	5
ßd	5
ăi	5
ţa	5
hа	4
dś	4
名無	4
無し	4
赤鬼	4
úá	4
są	4
ây	4
gű	4
űe	4
qü	4
xě	4
ćµ	4
yź	4
ля	4
yţ	4
ţý	4
óź	4
gø	4
öä	4
ňß	4
áò	4
üy	4
çm	4
ôp	4
îp	4
ôň	4
эт	4
gâ	4
ťü	4
xó	4
żg	4
ßg	4
ső	4
źa	4
żz	4
áq	4
hł	4
vç	4
tç	4
jő	4
éø	4
ăn	4
ţo	4
öö	4
ès	4
èm	4
đˇ	4
óă	4
óú	4
éě	4
gľ	4
łg	4
ôi	4
sò	4
zű	4
ďť	4
üß	4
vś	4
ан	4
еч	4
со	4
уй	4
зв	4
гд	4
ры	4
ел	4
ме	4
áé	4
íú	4
ľj	4
şn	4
eđ	4
íó	4
tń	4
áł	4
ˇš	4
êt	4
íw	4
íx	4
ţă	4
zľ	4
за	4
ед	4
ик	4
ом	4
оя	4
вы	4
ла	4
сь	4
şr	4
xř	4
wď	4
ăa	4
ëv	4
dń	4
ĺe	4
ŕě	4
jś	4
oß	4
řw	4
ýě	4
ůť	4
hű	4
ňr	4
ďř	4
żą	4
pń	4
pö	4
uş	4
ßk	4
ńß	4
ßl	4
ßr	4
ăţ	4
lâ	4
łb	4
ąg	4
ůą	3
dæ	3
æm	3
øt	3
lу	3
òù	3
ùř	3
öç	3
şl	3
éą	3
ńü	3
сн	3
ны	3
еб	3
бя	3
зк	3
âa	3
ňx	3
äv	3
fô	3
éů	3
nź	3
ˇě	3
úń	3
üš	3
şä	3
rđ	3
ýç	3
jç	3
őr	3
hî	3
uę	3
łl	3
éw	3
rż	3
ŕú	3
èv	3
şĺ	3
çš	3
sű	3
rø	3
ød	3
gô	3
ем	3
оч	3
чё	3
ёт	3
ус	3
сс	3
ие	3
жа	3
ин	3
ар	3
ог	3
ну	3
мн	3
тс	3
ое	3
ия	3
ďš	3
ˇú	3
čń	3
sđ	3
lò	3
ďf	3
śv	3
ŕň	3
ìò	3
óů	3
gù	3
ýw	3
ˇď	3
ťú	3
ùn	3
łó	3
pł	3
ди	3
тк	3
ер	3
еш	3
ль	3
вс	3
тв	3
до	3
ос	3
ез	3
ид	3
мы	3
gď	3
шь	3
žä	3
şs	3
ñu	3
cŕ	3
jù	3
ĺp	3
ﬀe	3
òk	3
ďď	3
źí	3
rò	3
çő	3
ˇi	3
iï	3
ůź	3
áź	3
ňň	3
ŕř	3
zç	3
ďň	3
ąż	3
lű	3
łę	3
tű	3
bď	3
ˇy	3
ĺň	3
mà	3
čż	3
kć	3
òm	3
ëš	3
ůż	3
ďx	3
ěx	3
ľé	3
çß	3
ßa	3
áĺ	3
âi	3
ţu	3
íç	3
ŕţ	2
őv	2
mê	2
êl	2
ţâ	2
âţ	2
óľ	2
iô	2
xő	2
kş	2
žù	2
öa	2
łv	2
öš	2
jż	2
îw	2
yż	2
ăe	2
ĺó	2
pß	2
vđ	2
赤毛	2
jë	2
zä	2
čù	2
mè	2
öą	2
ńď	2
űó	2
ăó	2
úé	2
ňµ	2
µó	2
ăí	2
oă	2
ţf	2
şç	2
źw	2
lê	2
êm	2
űk	2
jľ	2
wę	2
qx	2
ôš	2
лд	2
лу	2
йс	2
из	2
би	2
лю	2
юк	2
зо	2
ап	2
пу	2
ай	2
ыб	2
еф	2
фо	2
сю	2
юд	2
ня	2
äj	2
ďż	2
mď	2
ïo	2
gç	2
cľ	2
xč	2
ìť	2
ćp	2
ąň	2
šń	2
rê	2
ąů	2
šò	2
òc	2
ìp	2
żá	2
ăt	2
ăl	2
ău	2
lł	2
ùt	2
źv	2
wř	2
łh	2
ńy	2
ăm	2
ůˇ	2
шу	2
св	2
ою	2
ая	2
ре	2
ке	2
чи	2
ды	2
ти	2
бр	2
ыл	2
ло	2
ад	2
нр	2
же	2
ыт	2
си	2
па	2
ьк	2
жи	2
бо	2
их	2
хо	2
ес	2
уд	2
са	2
şc	2
şv	2
gť	2
ťy	2
îi	2
ýď	2
uŕ	2
fë	2
úˇ	2
ôů	2
iﬀ	2
nﬂ	2
žf	2
ĺš	2
oô	2
yò	2
cö	2
vò	2
år	2
aŕ	2
ˇq	2
łs	2
ôť	2
fć	2
çď	2
âĺ	2
öu	2
gđ	2
éú	2
čľ	2
ïe	2
šx	2
eŕ	2
öx	2
äo	2
hę	2
nş	2
şm	2
çh	2
çb	2
çr	2
ˇf	2
oü	2
ăb	2
żž	2
uë	2
ťň	2
îh	2
łă	2
îř	2
űm	2
cł	2
łz	2
űh	2
śś	2
nâ	2
âł	2
ęś	2
źž	2
źu	2
pć	2
ćć	2
ćŕ	2
ŕă	2
ăđ	2
đü	2
äş	2
şž	2
şg	2
ˇč	2
źo	2
áŕ	2
čž	2
ýè	2
ąâ	2
ëč	2
âm	2
ďé	2
řù	2
üž	2
ěú	2
ýx	2
ťx	2
kì	2
òe	2
ˇż	2
ßč	2
ßš	2
ßc	2
kń	2
fу	2
уr	2
íć	2
éç	2
ĺi	2
îá	2
áç	2
ĺé	2
đĺ	2
ăh	2
ùp	2
wú	2
lć	2
ćb	2
äx	2
iü	2
ßç	2
óç	2
çä	2
ĺa	2
pś	2
mś	2
ął	2
eë	1
qf	1
hê	1
ês	1
rï	1
śá	1
ľh	1
óť	1
éń	1
èb	1
qé	1
èò	1
šù	1
øv	1
bń	1
êv	1
jń	1
ńě	1
yù	1
fò	1
ňf	1
íï	1
ùš	1
fê	1
řü	1
eü	1
đy	1
ţy	1
ˇw	1
íŕ	1
ßá	1
ľz	1
се	1
ей	1
йч	1
ча	1
ёб	1
пе	1
ев	1
ой	1
йд	1
ьч	1
аж	1
фи	1
кт	1
ег	1
жк	1
ех	1
сё	1
ящ	1
щи	1
им	1
уз	1
зь	1
ья	1
ся	1
еж	1
ец	1
гу	1
её	1
ац	1
ца	1
ыс	1
ок	1
ял	1
ые	1
ми	1
ий	1
дн	1
рё	1
ёл	1
ту	1
вк	1
зс	1
ул	1
лк	1
рш	1
рм	1
ьн	1
кв	1
иё	1
йт	1
жн	1
ук	1
сп	1
ли	1
юс	1
рл	1
сл	1
лы	1
ыш	1
иш	1
зн	1
аю	1
му	1
дв	1
рь	1
ыв	1
см	1
пс	1
тр	1
ух	1
хи	1
ию	1
ош	1
ещ	1
щё	1
бл	1
аг	1
рю	1
şh	1
ěñ	1
šñ	1
hñ	1
kñ	1
üo	1
ôo	1
rś	1
ůô	1
đx	1
žľ	1
dı	1
ın	1
îo	1
nś	1
úó	1
ìb	1
mæ	1
æn	1
oŕ	1
ĺč	1
wë	1
iﬁ	1
ﬁx	1
oﬀ	1
ﬂi	1
oﬁ	1
ﬁc	1
nﬁ	1
ﬁk	1
ﬁr	1
ﬂa	1
aﬁ	1
ﬁá	1
eﬁ	1
ìï	1
łr	1
kò	1
pź	1
bê	1
ľä	1
iù	1
gå	1
lå	1
ån	1
uș	1
și	1
sâ	1
tå	1
åh	1
hë	1
ŕá	1
nń	1
đž	1
bđ	1
ąď	1
hå	1
åv	1
őä	1
äˇ	1
ąŕ	1
µĺ	1
şą	1
şń	1
ńľ	1
ľć	1
żă	1
ěş	1
şí	1
łá	1
řç	1
çâ	1
çń	1
čô	1
eô	1
řô	1
ńó	1
óĺ	1
ďg	1
żí	1
íâ	1
řę	1
śo	1
úø	1
nï	1
ïa	1
zò	1
šˇ	1
ˇó	1
gą	1
čw	1
jđ	1
kź	1
iâ	1
őn	1
şı	1
ış	1
oğ	1
ğl	1
čŕ	1
çy	1
çč	1
xň	1
ˇé	1
iå	1
bæ	1
éż	1
ëň	1
ęv	1
ůä	1
îf	1
xî	1
űc	1
ˇä	1
źt	1
ťă	1
űb	1
nű	1
kű	1
bű	1
cś	1
óë	1
ëó	1
óń	1
ńô	1
ôń	1
ńç	1
čq	1
ăű	1
ěµ	1
µe	1
âč	1
ćm	1
ˇť	1
кá	1
ŕç	1
ťó	1
fű	1
rë	1
űg	1
yï	1
ĺu	1
łd	1
ôľ	1
fď	1
łŕ	1
ŕo	1
łž	1
äš	1
ŕy	1
cˇ	1
őé	1
qđ	1
qż	1
ćş	1
pő	1
ős	1
lđ	1
żű	1
nł	1
ąý	1
çý	1
iź	1
źý	1
čđ	1
đî	1
îí	1
jæ	1
æl	1
ľó	1
zà	1
àv	1
àl	1
àš	1
nà	1
àr	1
šç	1
çź	1
źą	1
ĺź	1
źź	1
źç	1
şb	1
łj	1
ęg	1
ůń	1
ńp	1
éó	1
ˇň	1
gŕ	1
mź	1
љa	1
ďč	1
hè	1
ùø	1
žò	1
řź	1
ęć	1
ćd	1
ëď	1
ťë	1
lţ	1
hő	1
ęx	1
tś	1
źy	1
zö	1
ùč	1
óy	1
âv	1
sô	1
řx	1
ŕa	1
óę	1
ęä	1
äě	1
ąć	1
óˇ	1
lì	1
fù	1
xù	1
ùè	1
ďw	1
qó	1
gő	1
őz	1
nđ	1
ˇí	1
âg	1
ňë	1
ťţ	1
ßř	1
ßf	1
çţ	1
ëě	1
ëţ	1
ßq	1
śß	1
áć	1
kу	1
уd	1
âľ	1
ľö	1
öć	1
ćł	1
łş	1
îď	1
ăç	1
çé	1
üŕ	1
ŕö	1
öô	1
ăs	1
µm	1
nø	1
ĺh	1
ľý	1
âď	1
ďë	1
ŕî	1
îă	1
ăď	1
ůě	1
äů	1
řđ	1
đř	1
đô	1
ôâ	1
ĺů	1
äć	1
ćä	1
ĺä	1
äâ	1
âé	1
ňđ	1
éî	1
îđ	1
tź	1
hç	1
eţ	1
oţ	1
ăc	1
mţ	1
mő	1
ˇx	1
ôč	1
čď	1
ďĺ	1
żf	1
mć	1
śň	1
ťč	1
iđ	1
eù	1
nī	1
šć	1
ęq	1
ăd	1
hć	1
ćg	1
sć	1
ćf	1
ëa	1
ůé	1
xý	1
íś	1
lﬂ	1
ﬂo	1
ẗv	1
mß	1
ůţ	1
žq	1
aö	1
hò	1
vâ	1
ćá	1
żw	1
đm	1
śť	1
hã	1
ãe	1
ôh	1
yş	1
úç	1
ëç	1
hą	1
áß	1
ßé	1
eß	1
úä	1
áô	1
áä	1
äó	1
ýß	1
ôß	1
çú	1
äí	1
áó	1
äý	1
ŕů	1
uñ	1
èg	1
lş	1
lç	1
ąµ	1
µa	1
úí	1
hź	1
xť	1
kő	1
őm	1
űt	1
űž	1
űř	1
ňˇ	1
áń	1
ćc	1
ćů	1
żę	1
łp	1
mł	1
bł	1
ół	1
łý	1
ōd	1
hō	1
ōg	1
sō	1
ōj	1
kū	1
ūs	1
bō	1
ōh	1
yō	1
yū	1
ūd	1
uő	1
őb	1
ëp	1
ýú	1
sï	1
íş	1
şk	1
ĺí	1
cı	1
ıy	1
şu	1
