an	1049245
ka	599002
ak	539310
ng	505469
ya	426759
da	412160
er	405085
ta	344644
la	326394
sa	311166
ah	308695
en	299678
pa	257759
me	254834
ma	254673
at	253206
ar	246311
in	234264
di	233389
se	220859
am	218575
tu	215173
ra	207147
ga	195491
be	193711
ay	193295
al	188032
ap	185260
ba	179438
na	178861
ia	175022
ke	170523
ti	169327
pe	168346
ku	163549
it	159967
em	155444
un	154693
ad	151828
ri	147832
te	141746
ha	141449
ny	140580
el	139404
uk	137264
as	131296
mu	127645
ni	125069
wa	124953
ik	123989
ja	122761
ua	118168
nt	114467
si	109317
ki	107445
aw	103563
au	102094
ai	94826
le	93066
li	91527
bu	91144
nd	87590
gi	84536
ek	80915
id	78564
lu	74616
mb	71876
il	65632
de	65025
hu	64338
su	63139
ol	62353
ca	60767
ag	60356
re	60156
ru	60033
bi	59402
mi	58821
mp	58473
ih	57801
es	57153
eb	55529
et	55330
or	55109
ir	53852
ep	51451
is	50355
ul	50340
us	50181
pu	48648
bo	48636
pi	47746
eh	47140
du	46656
um	44665
on	44425
ur	43926
ut	43649
uh	42532
gu	42190
im	42068
gg	41353
rt	39835
hi	37649
rl	36285
ju	35964
ud	35412
he	34694
rg	33547
gk	31977
rk	31448
ge	30759
nj	30072
ed	28440
ok	28126
st	28110
aa	27245
nu	25900
nc	25454
aj	25355
nn	25329
to	25248
up	24662
ab	24438
ne	24396
cu	24288
ji	22741
lo	22724
ro	21705
eg	21469
ci	21188
rj	20976
rs	20566
rn	20423
ko	20043
oh	19440
ce	19121
ib	16958
ub	16766
ac	16463
rb	15777
ip	15421
ye	15378
tk	15234
ks	14495
eo	14182
hk	13861
ej	13551
kk	13251
om	13240
ea	13237
nk	13139
kl	12817
ot	12704
rc	12680
rm	12608
ll	12553
je	12552
do	12540
sk	12373
po	12241
fi	12057
os	11708
ug	11573
af	11471
ec	11267
ho	11126
ch	11105
rh	11047
ey	11033
go	10960
so	10720
no	10679
kh	10474
rd	10383
yu	10361
ic	10049
gh	9798
mo	9328
ei	9178
th	8803
ui	8727
fa	8621
co	8517
sh	8420
ig	8347
tr	8094
kt	7969
lk	7923
od	7806
uj	7628
ie	7410
kn	7403
ck	7268
tn	6978
rp	6632
yi	6574
pr	6384
ns	6366
ve	6206
ew	6194
hn	6101
vi	6027
oo	5678
op	5662
ob	5433
fo	5390
uc	5357
yo	5241
ee	5151
hl	5122
sn	4993
ou	4989
jo	4912
wi	4788
gs	4721
sy	4660
iu	4634
if	4445
ow	4432
ry	4397
io	4326
gn	4301
br	4261
og	4164
gr	4093
gl	4009
rr	3924
ss	3923
tl	3833
pk	3830
sp	3737
tt	3654
ef	3629
pt	3519
ij	3473
oa	3412
za	3397
nm	3360
pl	3283
va	3243
nl	3238
bl	3199
av	3128
rf	3122
fk	3097
kr	3047
ev	3027
we	3022
ly	3000
mm	2836
fr	2821
np	2784
wo	2699
yg	2651
zi	2642
dr	2615
fe	2536
fu	2518
oc	2514
ln	2487
of	2467
hw	2261
dy	2236
ph	2149
km	2104
ov	2014
ld	2014
sc	1993
ae	1992
oy	1977
ty	1976
iz	1970
iv	1964
ky	1953
sl	1935
sm	1926
ls	1908
hm	1895
wh	1889
by	1866
lm	1800
ez	1779
bb	1691
dd	1685
mn	1683
ts	1656
oi	1639
lt	1629
az	1616
hs	1600
mk	1600
eu	1592
dk	1547
tm	1506
bk	1476
cr	1466
cl	1459
ex	1443
ff	1419
iw	1388
ue	1350
dn	1336
ps	1306
hr	1283
ml	1249
ii	1211
qu	1205
vo	1204
my	1189
oe	1145
pp	1135
ht	1123
uz	1098
fl	1089
ys	1087
ze	1068
tc	1034
pn	1003
ao	990
ct	982
dm	969
hh	964
hy	958
zo	954
yn	925
yl	915
kc	902
wu	895
lb	878
rv	867
nf	856
ft	831
mr	804
cy	791
bn	788
kd	754
ax	742
xi	733
ds	716
ms	704
kj	701
sw	695
dg	684
wn	668
uy	658
oj	650
dw	645
gm	634
uf	633
cc	632
lf	619
kw	590
rw	570
bs	560
lv	548
mc	544
lp	534
iy	520
zu	511
gj	506
lc	489
dl	484
tv	473
ox	466
tz	466
gt	456
zz	452
fb	430
ym	429
jl	420
nh	413
dh	409
tw	404
oz	402
bj	389
ix	387
nz	385
bt	373
nr	370
yd	370
yr	367
gy	362
yt	347
sb	346
zh	340
sr	336
iq	335
lh	321
gw	320
lj	315
xa	313
pd	310
uo	309
ws	306
py	291
kp	283
wl	282
kg	280
bh	277
nv	272
gp	268
pm	262
yc	257
nb	239
hb	226
xt	220
wr	215
yw	209
yp	208
vy	200
lg	197
gf	189
qi	186
dp	184
kb	184
sf	182
dc	179
fs	174
yb	174
aq	173
uu	167
jr	157
cg	156
ux	156
uv	156
db	153
hj	152
sq	148
cp	147
dt	146
lr	144
wk	143
tb	141
yv	138
fy	138
tg	136
uw	135
gb	134
jg	129
sg	128
zl	125
xp	124
sv	118
wy	118
mf	116
zy	113
cs	110
tf	108
xe	108
sd	108
yk	106
wt	103
eq	97
xo	97
hd	97
bm	97
gd	96
mt	96
vu	93
bd	93
ја	92
nw	92
rq	90
jh	89
dv	89
wd	88
yf	87
hp	86
df	84
mh	83
vs	82
ас	81
сk	81
fg	81
rz	81
cf	80
sj	79
td	78
cd	76
tp	76
vr	74
lw	72
cm	68
pb	67
mj	64
qa	64
vl	63
fm	61
zb	61
yh	59
nx	58
cn	57
fn	57
wc	56
mg	56
dz	55
fc	54
xy	54
bc	53
xf	51
dj	51
wb	51
lz	51
οh	50
hg	49
ón	48
vd	48
xc	48
аn	47
pc	46
оn	44
ѕt	43
gz	42
tj	42
cb	42
mó	41
sz	40
ém	39
hc	39
xu	39
іо	38
xx	38
lі	37
xl	37
еr	37
bg	37
zk	36
jj	36
kz	35
cq	35
jv	34
аh	34
md	34
сh	33
ww	33
kf	33
þi	33
оѕ	31
оо	31
mw	31
xm	30
zn	30
gе	30
pg	29
іl	29
wо	28
еy	28
qr	28
pf	28
jc	27
wj	27
gc	27
rо	26
zr	26
ás	26
hú	25
еn	25
оw	24
hf	24
ѕа	23
yx	23
mz	23
yz	23
jn	23
ηе	22
mі	22
ør	22
mv	22
yy	22
mа	22
zg	21
vk	21
nq	21
ηu	20
xh	20
аѕ	20
оt	20
zp	20
jø	20
іn	20
jf	19
ín	19
wm	19
xb	19
lá	19
іе	18
оl	18
nі	18
pw	18
bp	18
ζе	17
yі	17
βu	17
аg	17
yj	17
uq	17
zt	17
kv	17
cz	17
jk	17
xw	16
ρі	16
іt	16
tс	16
xv	16
gо	16
jw	16
má	16
lí	16
lа	16
vc	16
tá	16
ér	16
tе	15
τо	15
bq	15
оh	15
vt	15
zm	15
ól	15
ál	15
εа	14
αh	14
аm	14
ѕі	14
sé	14
fd	14
vn	14
hv	14
bw	14
hі	14
és	14
ít	14
aþ	14
lе	13
lо	13
ор	13
oq	13
án	13
hq	12
jt	12
ѕо	12
іg	12
ró	12
té	12
wf	12
gé	12
jp	12
vе	11
fé	11
vv	11
јu	10
vі	10
wg	10
gx	10
xr	10
þe	10
pj	10
zv	10
zd	10
ár	10
μe	9
аі	9
vg	9
gæ	9
æm	9
rå	9
rã	9
nþ	9
dа	9
оm	9
аr	9
dі	9
hо	9
ép	9
fа	8
іr	8
οо	8
αа	8
еm	8
ör	8
ña	8
sí	8
hе	8
rx	8
èr	8
én	8
jm	8
rè	8
õl	8
ké	8
tõ	8
jö	7
éj	7
iñ	7
βl	7
ѕѕ	7
eñ	7
nç	7
vp	7
rе	7
μа	7
qe	7
rа	7
ná	7
iþ	7
js	7
èi	7
ló	7
dé	6
jà	6
eó	6
εh	6
qc	6
ño	6
ço	6
rі	6
іѕ	6
іа	6
еl	6
рh	6
yе	6
еа	6
xd	6
ór	6
аb	6
ѕh	6
jy	6
bо	6
iè	6
ós	6
pü	6
lõ	6
hé	6
eþ	6
xn	6
lé	6
ée	6
μa	6
vá	6
ám	6
ré	6
zs	6
ír	6
vz	5
dì	5
fz	5
νо	5
ηm	5
еѕ	5
bа	5
tа	5
ví	5
оg	5
jd	5
zq	5
rä	5
bz	5
аd	5
kа	5
zí	5
ül	5
bó	5
vf	5
tã	5
în	5
ét	5
mé	5
rá	5
kö	5
öz	5
zá	5
ág	5
sá	5
hí	5
dõ	5
yú	4
úd	4
là	4
tí	4
dx	4
uа	4
оr	4
оа	4
zf	4
lè	4
äp	4
iã	4
pé	4
βо	4
сr	4
hа	4
аl	4
xs	4
zw	4
dó	4
õk	4
qo	4
bv	4
mо	4
аy	4
wа	4
gã	4
né	4
mx	4
lq	4
qb	4
nø	4
él	4
vé	4
оu	4
аt	4
dо	4
tü	4
uè	4
ék	4
ég	4
jé	4
yá	4
ös	4
õj	4
õv	4
еh	3
có	3
óm	3
qk	3
ås	3
βа	3
íc	3
èv	3
wq	3
uѕ	3
βr	3
ιn	3
ір	3
ро	3
νі	3
gа	3
εl	3
uâ	3
ün	3
υe	3
èk	3
wx	3
xj	3
câ	3
gτ	3
cj	3
μu	3
qs	3
kx	3
οk	3
nе	3
еt	3
bã	3
ãg	3
ãr	3
rö	3
üh	3
ql	3
ûl	3
ué	3
wp	3
fh	3
vj	3
át	3
cé	3
cw	3
ça	3
tâ	3
tă	3
ăn	3
fp	3
mí	3
þã	3
ãþ	3
аа	3
ât	3
dе	3
со	3
рѕ	3
са	3
aè	3
èu	3
aâ	3
iæ	3
vh	3
rõ	3
zó	3
ók	3
öl	3
оd	2
nѕ	2
аz	2
κn	2
іf	2
fе	2
ηі	2
рр	2
qf	2
ãª	2
ªt	2
zü	2
vw	2
βi	2
zx	2
fj	2
pè	2
hx	2
gq	2
tо	2
βе	2
аw	2
mе	2
sè	2
lþ	2
cž	2
že	2
rô	2
ôm	2
ív	2
hz	2
öd	2
yq	2
uг	2
øh	2
tq	2
gv	2
aï	2
ïd	2
tx	2
ηe	2
ηa	2
vb	2
cv	2
fw	2
rí	2
hä	2
än	2
lx	2
iţ	2
ţă	2
ră	2
âm	2
dă	2
aş	2
ăc	2
qv	2
qw	2
ãi	2
uþ	2
cá	2
év	2
gâ	2
ür	2
μе	2
sã	2
nã	2
оb	2
fо	2
yа	2
μо	2
ρh	2
іd	2
wе	2
nо	2
оy	2
kе	2
сl	2
tі	2
μі	2
іс	2
yо	2
èa	2
èn	2
eæ	2
æi	2
æe	2
iâ	2
oè	2
èe	2
oæ	2
bf	2
tö	2
ön	2
ún	2
ûn	2
üg	2
ái	2
éb	2
bõ	2
éd	2
zõ	2
tó	2
já	2
ák	2
éz	2
õt	2
ük	2
fü	2
rü	2
zö	2
áb	2
ói	2
dá	2
ドラ	1
ラえ	1
えも	1
もん	1
んの	1
のび	1
び太	1
太の	1
スペ	1
ペー	1
ース	1
スヒ	1
ヒー	1
ーロ	1
ロー	1
ーズ	1
宇宙	1
宙英	1
英雄	1
雄記	1
bü	1
iù	1
qd	1
rû	1
èm	1
μo	1
pμ	1
τb	1
εd	1
βa	1
τh	1
pv	1
εx	1
ηi	1
τo	1
mö	1
öt	1
px	1
aг	1
lг	1
wz	1
ãu	1
kå	1
år	1
mq	1
kæ	1
æv	1
ía	1
ñi	1
hø	1
øj	1
fæ	1
æn	1
rø	1
øv	1
kä	1
äm	1
mä	1
äd	1
威士	1
士忌	1
忌加	1
加冰	1
xk	1
jb	1
mă	1
ăi	1
ăd	1
lă	1
ăp	1
pă	1
ăr	1
nş	1
şf	1
ăs	1
şi	1
vâ	1
âr	1
vm	1
fv	1
và	1
ρu	1
âþ	1
nè	1
fã	1
ãd	1
âi	1
оi	1
þî	1
îñ	1
ãl	1
oþ	1
pâ	1
ân	1
pã	1
ηа	1
ιd	1
ао	1
αn	1
оk	1
ее	1
ер	1
ра	1
ρо	1
сu	1
ηо	1
τа	1
ѕс	1
ѕn	1
bе	1
аk	1
kо	1
оv	1
kр	1
іk	1
dѕ	1
αb	1
аu	1
ρе	1
vа	1
çа	1
оo	1
іu	1
τе	1
uα	1
αr	1
dι	1
ια	1
αν	1
νѕ	1
τη	1
ηε	1
οf	1
rι	1
ιѕ	1
ѕε	1
sа	1
оs	1
βі	1
οu	1
uс	1
ео	1
pі	1
еg	1
ах	1
хі	1
fř	1
řx	1
uç	1
vx	1
të	1
qy	1
dq	1
dã	1
ið	1
ða	1
ié	1
èl	1
æu	1
uæ	1
eâ	1
gð	1
ði	1
ãa	1
sâ	1
pó	1
óc	1
äk	1
lä	1
äb	1
vå	1
åt	1
dú	1
dû	1
sû	1
gû	1
mč	1
čn	1
hâ	1
öm	1
sx	1
gü	1
üe	1
nü	1
áv	1
cú	1
wv	1
aﬂ	1
ﬂg	1
lê	1
ên	1
să	1
ăo	1
úi	1
ão	1
sø	1
úg	1
fá	1
õn	1
üm	1
ád	1
áá	1
eá	1
gá	1
kõ	1
jü	1
ѕе	1
еw	1
lѕ	1
wі	1
zе	1
nа	1
μr	1
ρr	1
nс	1
сі	1
рі	1
νа	1
ае	1
ѕm	1
οκ	1
еj	1
τr	1
κw	1
κі	1
rѕ	1
añ	1
éc	1
fx	1
fأ	1
gó	1
bá	1
áj	1
üz	1
nö	1
ök	1
fö	1
yé	1
mû	1
ûs	1
õb	1
üt	1
pá	1
zé	1
pí	1
bû	1
jó	1
õe	1
õg	1
õú	1
út	1
pê	1
êt	1
