er	4617014
en	3874894
de	3711428
et	2976865
eg	2323384
je	1969921
re	1945141
te	1941540
an	1697796
ke	1690729
or	1578723
ne	1574220
me	1553189
ar	1501610
ha	1318719
kk	1292547
le	1261351
in	1228433
vi	1168800
ik	1154808
il	1114066
du	1109658
el	1041045
st	1028106
ve	1018316
tt	1007400
se	960914
sk	948369
om	945064
li	923276
nn	911282
ti	897585
ge	865582
fo	833531
al	807465
ng	804575
ka	764600
ll	753822
hv	752287
va	751685
he	687617
ed	684833
at	624325
ra	600397
ig	594903
es	590636
og	589076
is	540407
rt	521036
ta	513086
ør	506804
la	504959
ri	479924
nt	474986
nd	468218
ei	461895
it	455171
på	445242
un	439503
si	435247
ns	431764
ko	424834
ak	423901
be	423626
so	417248
tr	415205
am	398043
di	394592
gj	394367
pe	385799
da	384737
mi	384403
em	380880
år	378844
så	372925
mm	368841
ro	366448
ma	366049
dr	365480
av	360671
ba	360264
ut	352714
ss	351760
sa	351318
no	350886
rd	340492
on	325303
ol	313010
ld	312033
to	299016
kj	296506
bl	292170
ær	288157
vo	287422
pp	282554
lt	280630
jo	272568
rs	272353
oe	268648
id	264325
jø	264042
na	263862
kt	257788
ie	253966
as	252304
ja	251143
ag	247998
ek	247267
hu	236376
fr	232951
fa	223544
op	219385
ir	217600
nå	217516
br	217407
må	208295
ok	205732
ga	202104
ni	200200
ul	199163
dd	198272
os	197446
fi	194391
ku	194213
sp	190779
mo	190772
sl	185002
væ	182339
lo	180272
fe	178397
od	177177
ad	175857
pa	174822
us	174729
pr	174053
ls	172416
ho	169383
gå	166125
kl	165668
fø	159945
gr	159145
ov	158600
ur	156194
gi	153516
rk	152561
ru	150598
få	150120
sj	145126
nk	144602
rn	135608
ev	135388
ot	134628
rr	134495
ap	133910
kr	132219
sn	129337
rf	127557
bo	122234
iv	119382
dt	116456
lu	115984
rø	115743
pi	112945
lv	111463
ts	110497
ly	110041
gs	109923
hj	109346
rl	109190
ks	109168
ye	108104
ky	107949
gg	107113
go	106795
hø	105245
bi	102227
yn	102200
ry	100675
fl	99469
ob	99364
uk	95818
po	95370
gu	92172
ød	91782
ep	91405
yt	91029
yr	89226
tu	87519
ki	86994
lk	86216
sv	85535
åt	83545
øy	82398
sy	82218
yk	82170
dø	82147
rg	80920
hi	80109
pl	79805
ty	78759
gl	78741
ef	78538
im	77656
do	77121
yl	76962
ud	76099
gt	75502
ån	73930
rm	73805
sø	72782
ia	72560
vå	72326
ff	71613
ny	71286
sm	71136
tå	69423
ft	68871
lg	68695
lø	68600
lb	68368
øl	68307
ch	68027
bu	66414
mp	66084
bb	65925
kv	65007
ys	64945
øn	64823
pt	63028
my	60356
um	59454
mt	57846
øt	57813
øv	57379
rb	56484
lp	55884
ip	55317
gn	54092
ae	53727
mu	53290
by	53182
kn	51772
ds	51086
nu	50310
fu	50203
gh	50120
su	49261
åp	49135
øs	49123
ic	48760
lå	48629
vn	48606
eb	48603
øk	48337
th	48114
if	47951
jæ	47276
ca	46262
ab	45792
io	44986
ck	44203
tø	43753
rv	43609
af	42623
yg	42375
dl	41944
sh	41843
ue	41732
co	41262
ea	40951
tj	40428
of	40368
ju	40227
hå	40097
pu	39969
au	38400
ål	38214
mø	38177
dy	37819
rå	36918
ee	36243
tn	35870
ac	35747
nl	35060
ai	33935
eh	33838
øp	33474
yd	33433
pø	32076
tl	31785
øm	30877
ce	30715
nø	30039
mr	29521
fy	29064
gy	29058
ps	28720
rh	28603
ii	27743
vs	27413
nf	27262
ey	26553
ms	26179
bø	26041
ml	25722
vl	25387
læ	25106
up	24980
lm	24948
dn	24340
tv	24136
ay	24003
mb	23935
ug	23887
ou	23817
wa	23779
vd	23472
åd	23138
ua	22708
hy	22546
oo	22067
æv	21804
ås	21359
uf	21229
ub	20718
næ	19967
nh	19725
eo	19430
ow	19129
ex	18671
nc	18532
pn	18323
åk	18292
vt	18251
yp	18230
sc	18225
lf	18141
tf	18135
wi	17250
oh	17077
rp	16588
dv	16502
ib	15884
nv	15865
ah	15543
ph	15224
ym	15150
én	15000
sf	14777
we	14756
ci	14573
sb	13994
ya	13993
bå	13605
nb	13473
ew	13386
fj	13197
oc	12891
då	12726
oi	12379
sd	12336
ui	12280
øf	12166
lj	12146
uc	12076
nr	11637
yv	11470
ln	11023
hn	10968
oa	10635
cl	10286
gd	10235
gv	10119
eu	10099
oy	9978
yo	9935
pf	9566
ec	9529
vf	9523
tb	9289
åe	9211
pd	9160
cr	9083
uv	9065
za	9006
tk	8837
ji	8833
mf	8552
bs	8508
rc	8463
nj	8450
tm	8438
dj	8437
wo	8342
vu	8340
hr	8281
qu	7872
rj	7824
py	7813
iu	7759
dg	7591
md	7364
kå	7251
sr	7248
cu	7179
kø	7072
aj	6949
vr	6908
ræ	6842
aw	6813
kh	6528
vg	6423
tg	6406
yh	6347
bæ	6329
vø	6230
lh	6179
øg	6179
az	5908
iz	5867
ax	5847
dm	5801
ct	5693
tc	5635
dé	5538
lr	5386
dk	5327
cy	5313
mh	5300
mc	5297
sg	5290
wh	5223
uh	5210
gø	5204
ih	5032
sæ	4958
zi	4949
zo	4904
ze	4882
pg	4838
km	4791
df	4779
db	4741
xi	4736
tp	4643
ht	4617
nm	4601
tæ	4563
hæ	4552
cc	4544
mg	4471
øe	4451
bj	4338
aa	4336
iø	4303
vh	4284
åg	4229
æl	4183
fæ	4176
zz	4140
jå	4058
mk	4025
ez	3975
mv	3958
mn	3816
dh	3698
øb	3684
np	3684
ej	3603
vb	3567
yb	3533
tz	3504
vv	3503
pm	3493
wn	3467
td	3424
vm	3381
åv	3354
kd	3307
åh	3267
ao	3237
hm	3150
oj	3061
fb	3007
nz	2981
dw	2963
ox	2870
ix	2851
xa	2846
åf	2833
gb	2803
æs	2747
hl	2729
bn	2724
ws	2598
vj	2557
fs	2420
gm	2397
sw	2363
xt	2291
gf	2291
vp	2287
pk	2264
xy	2213
lc	2205
gk	2171
rw	2166
kg	2048
xe	1999
æd	1989
dp	1988
wl	1953
pb	1918
tw	1845
ij	1820
vk	1819
uz	1804
æp	1784
kb	1777
kf	1753
oz	1724
gæ	1657
iy	1635
hs	1594
yi	1587
uo	1577
ör	1563
pv	1463
rz	1449
yf	1418
yc	1270
zy	1253
uu	1239
øi	1226
yu	1198
wb	1176
cs	1144
yw	1137
kp	1133
är	1107
wr	1097
wy	1079
ux	1069
åb	1065
bd	1057
ré	1039
gw	1035
eå	977
iå	969
vy	933
hw	921
gp	901
hh	897
uj	889
ño	887
sq	873
åm	871
zu	854
eñ	853
cæ	848
fn	841
cm	836
dæ	832
uy	828
åi	822
nw	795
jö	793
wk	789
dc	758
ér	755
cg	737
rö	732
lé	731
åj	722
kw	717
lw	698
øh	688
mj	686
cd	668
fé	667
pä	663
iq	644
fg	640
ée	627
eq	621
aq	608
fm	598
hb	590
mé	588
xo	588
sä	580
té	578
wt	566
cq	551
pc	548
sz	543
hk	532
gö	531
bt	519
fk	514
né	497
òg	496
eø	490
cn	477
zh	469
èn	456
zl	450
öm	448
rq	441
lz	433
wu	426
xl	415
hd	409
jr	405
sé	400
jy	399
wd	396
hö	395
mæ	391
åå	390
pæ	390
yj	389
fö	384
gä	381
xp	377
pj	377
iw	375
nä	372
bh	369
mw	369
vä	369
wm	366
bc	354
ün	352
eæ	351
sö	349
dz	343
äl	339
cb	328
wf	323
xf	322
öd	312
js	311
fä	309
ét	307
bm	305
ön	303
nx	299
mä	297
än	294
pâ	287
mü	286
jk	278
zr	276
jä	275
öt	274
án	271
dè	270
ón	263
hé	261
üh	255
ös	254
âr	253
jé	249
fü	248
bw	244
fô	239
ôr	239
jp	237
æt	236
zm	236
lä	232
rä	228
mö	225
hf	223
iæ	222
éa	212
él	212
lö	210
rx	208
fd	206
æk	203
sâ	200
uø	198
xu	198
jd	197
ür	195
kä	195
sã	193
wc	190
hc	190
xc	189
xb	187
äs	187
pé	183
qa	181
jb	180
uq	178
cf	178
zg	177
zn	176
pã	171
és	170
æh	167
nq	165
cz	164
jt	162
má	161
nâ	159
uw	159
öl	158
äg	156
zk	155
bk	154
jj	153
cp	153
ät	153
rü	152
cv	151
åa	150
èr	150
pà	148
mó	148
wg	145
gâ	145
hä	145
xs	145
zt	144
ña	143
jn	141
dö	140
xh	140
zs	139
öy	139
là	137
tä	137
àr	135
uæ	134
fc	133
øø	133
ár	131
xv	130
wp	129
øj	129
ín	129
rè	128
éø	128
ül	126
iñ	126
jl	124
hg	124
ém	123
äp	122
fh	121
yz	119
zb	119
jf	118
öv	117
jã	115
éo	115
ææ	115
xx	113
zv	112
cé	111
ké	111
pá	110
fâ	110
mz	110
kæ	110
tá	108
åu	106
oq	106
nç	102
èv	102
zw	101
fp	100
sà	99
bä	98
bö	97
fã	96
ço	96
ió	95
hp	94
bp	93
vé	92
ök	92
nã	91
mâ	91
æn	91
ós	90
mà	90
ía	90
óg	89
sá	89
nà	89
bé	89
kö	88
fá	87
äu	86
øu	86
äd	86
nè	85
cw	85
lá	84
öb	83
zc	83
sí	82
öp	82
xw	81
zü	80
oå	80
ès	78
ög	77
øa	77
mã	76
ât	76
pw	75
qi	75
zp	73
iè	73
jg	72
vã	71
äc	70
ié	70
ná	70
zd	70
ró	70
öz	69
bg	69
yy	68
tö	68
tè	67
üs	67
nö	67
tí	66
hã	65
uå	65
øo	65
cø	64
åø	63
æf	63
xg	63
añ	63
jm	63
lq	62
jh	62
æg	60
tâ	60
gà	59
lè	59
àn	59
gü	58
lí	58
rí	58
qe	58
äk	58
bf	58
èe	57
gé	57
ân	55
éb	55
xm	55
kc	55
gã	54
vc	54
jc	53
hâ	53
zé	53
ás	53
dä	52
sú	51
nü	51
yx	51
rã	51
jv	51
æi	51
fv	51
ús	50
ór	49
oø	49
lã	48
áb	47
ué	47
éd	47
ép	47
èm	46
ça	46
ww	46
pö	46
pz	45
ên	44
jü	44
wj	44
ël	44
æe	43
øx	42
ão	42
vá	42
âp	42
dü	41
öx	41
ló	40
dq	40
bv	40
xd	40
ún	39
ál	39
ék	39
dã	38
éj	38
ég	38
fà	37
tx	37
cá	37
oë	37
åo	37
aí	36
há	36
ñe	36
xk	36
yø	35
aë	35
vâ	35
mí	34
ký	34
hz	34
gz	34
gc	34
éz	33
öh	33
gá	33
ùr	33
tã	33
át	33
öf	33
râ	33
qt	32
èt	32
ðu	31
öw	31
tü	31
lâ	31
xn	30
gq	30
iî	30
uí	30
aï	30
tó	30
öi	30
dí	29
qo	29
zj	29
æm	29
jà	28
uð	27
vx	27
üt	27
zá	27
ví	27
äm	27
ôt	27
zf	27
éc	27
aø	27
hx	26
äv	26
fw	26
ío	25
fó	25
ñr	25
aš	24
ša	24
jw	24
yå	24
oé	24
sè	24
uá	23
üg	23
gó	23
tà	23
fè	23
rê	23
íe	23
ûl	22
qh	22
âl	22
áp	22
ír	21
ów	21
cj	21
bq	21
ñn	21
và	21
éf	21
xr	21
óp	20
ôi	20
hà	20
bz	20
év	20
dx	20
fù	20
sü	19
kó	19
vw	19
cí	19
ók	19
qr	19
ää	19
âs	19
cô	19
àl	19
èl	18
ïs	18
óm	18
qs	18
hè	18
äf	18
vö	18
lü	18
bã	17
hü	17
ýl	17
øc	17
ád	17
kq	17
oñ	17
rá	17
bü	17
dá	17
íg	17
mè	17
wz	17
ýt	17
rû	16
ði	16
yà	16
îk	16
ám	16
có	16
zq	16
vñ	16
qv	16
ið	15
rú	15
xj	15
ët	15
üb	15
éi	15
üe	15
iö	15
sõ	14
õx	14
qg	14
aç	14
jù	14
aî	14
ñk	14
iã	14
wä	14
ís	14
êp	14
éu	14
mx	14
uñ	14
zx	13
tú	13
íd	13
qb	13
íl	13
lx	13
äe	13
ùd	13
êt	13
йn	12
hq	12
kã	12
yæ	12
ká	12
hù	12
àt	12
øw	12
ît	11
ße	11
fò	11
òr	11
ái	11
eé	11
wø	11
äj	11
àp	11
dù	11
rà	11
bâ	11
âd	11
ùl	11
ód	10
rç	10
fz	10
cã	10
äb	10
eó	10
mq	10
qy	10
hô	10
vq	10
lù	10
sì	9
ﬂe	9
ýs	9
öj	9
în	9
dú	9
kx	9
jè	9
ùy	9
aå	9
pó	8
cú	8
ën	8
áv	8
dó	8
oï	8
ïï	8
âe	8
ôm	8
wv	8
eä	8
sù	8
èg	8
üc	8
iß	7
äh	7
ïr	7
ﬂo	7
æu	7
pè	7
vè	7
ない	7
yá	7
já	7
cå	7
iá	7
fq	7
äo	7
tê	7
ák	7
ql	7
âk	7
ík	7
ít	7
äi	7
íc	6
この	6
sе	6
lò	6
eë	6
なら	6
só	6
qc	6
ïc	6
kâ	6
pq	6
äy	6
dà	6
sx	6
hí	6
bá	6
rý	6
tô	6
fx	6
jó	6
eü	6
éh	6
öe	6
às	6
oí	6
cê	5
さよ	5
よな	5
そし	5
して	5
yq	5
rð	5
èc	5
oû	5
ût	5
sû	5
qp	5
bó	5
ôn	5
lú	5
îl	5
gû	5
tù	5
ﬂu	5
ﬂy	5
kü	5
êr	5
dê	5
úl	5
gx	5
hó	5
æa	5
õr	5
rô	5
qn	5
ól	5
ùm	5
ùs	5
ùk	5
öc	5
ní	5
iâ	5
éx	4
ië	4
zø	4
üz	4
世界	4
いな	4
あっ	4
iš	4
šn	4
dâ	4
ûr	4
áj	4
iç	4
dý	4
yè	4
px	4
zú	4
áx	4
äx	4
eï	4
åc	4
ím	4
àe	4
kè	4
gè	4
fê	4
νi	4
éy	4
âc	4
nú	4
úm	4
zå	4
vz	4
ýn	4
àk	4
wü	4
ív	4
った	4
üd	4
kz	4
ùt	4
nù	4
eö	4
eè	4
të	4
ài	4
eí	4
tq	4
ià	4
lý	4
zè	3
îc	3
nî	3
îm	3
ób	3
yú	3
úd	3
iù	3
ýb	3
dë	3
úa	3
wö	3
jq	3
îr	3
wâ	3
êv	3
ïn	3
œr	3
óe	3
ïd	3
nê	3
oæ	3
ný	3
nõ	3
çu	3
çe	3
jí	3
ói	3
kà	3
qd	3
iä	3
bè	3
ào	3
cè	3
àd	3
êm	3
ñi	3
jâ	3
ñt	3
nñ	3
mù	3
ùp	3
jñ	3
rù	3
tñ	3
âb	3
úr	3
qø	3
áe	3
ñy	3
ñs	3
ër	3
ﬂi	3
ãn	3
îs	3
íi	3
jų	2
ųl	2
こと	2
行く	2
sò	2
sœ	2
œn	2
gœ	2
àg	2
æc	2
aä	2
aú	2
dî	2
àv	2
tĳ	2
ĳd	2
üß	2
ìn	2
èo	2
éé	2
yä	2
út	2
uä	2
qz	2
où	2
wx	2
æw	2
æj	2
mĺ	2
ôg	2
nó	2
úp	2
oü	2
ïe	2
âi	2
ãp	2
かっ	2
いた	2
たい	2
たく	2
した	2
ñl	2
aß	2
еr	2
шr	2
æb	2
wå	2
mœ	2
pù	2
èz	2
ës	2
pü	2
eâ	2
aé	2
íp	2
zó	2
eò	2
òo	2
νe	2
èd	2
nì	2
ïa	2
oç	2
rč	2
ač	2
či	2
eﬂ	2
åy	2
dô	2
uü	2
rë	2
ož	2
qx	2
âv	2
bx	2
hõ	2
cü	2
rì	2
bú	2
üa	2
íf	2
mý	2
fí	2
iê	2
lê	1
üü	1
oś	1
śj	1
nś	1
śk	1
śp	1
sï	1
ïg	1
ňg	1
âu	1
ïi	1
iï	1
ïv	1
fû	1
ûh	1
eﬁ	1
ﬁn	1
ﬁt	1
kõ	1
õn	1
cò	1
òm	1
あの	1
知ら	1
らな	1
なか	1
壊れ	1
ずっ	1
っと	1
探し	1
本当	1
てた	1
誓う	1
好き	1
忘れ	1
れな	1
いつ	1
つも	1
始ま	1
まっ	1
から	1
なっ	1
くさ	1
さん	1
伝え	1
えた	1
たか	1
ある	1
届く	1
もし	1
しも	1
全て	1
絶や	1
やさ	1
さず	1
笑顔	1
気持	1
持ち	1
伸ば	1
ばし	1
一番	1
願い	1
無く	1
くし	1
くな	1
歩い	1
けれ	1
れど	1
果て	1
てな	1
よう	1
明日	1
遠い	1
広が	1
がる	1
思っ	1
ûb	1
tе	1
tж	1
жn	1
tш	1
ük	1
iõ	1
õs	1
uö	1
ãu	1
vê	1
êq	1
rò	1
eê	1
jш	1
dñ	1
óz	1
tœ	1
fœ	1
pœ	1
œt	1
шп	1
по	1
оу	1
ут	1
ñv	1
ùv	1
gñ	1
ñp	1
ùg	1
bù	1
hñ	1
óa	1
øž	1
öu	1
âh	1
pç	1
yé	1
êi	1
àu	1
iô	1
ôs	1
ãr	1
ým	1
äa	1
úg	1
lë	1
æy	1
bê	1
áy	1
qf	1
âf	1
ñg	1
dı	1
ıd	1
qw	1
hì	1
ìt	1
yò	1
òl	1
fõ	1
iò	1
òs	1
oν	1
aè	1
ày	1
wá	1
áa	1
aæ	1
lñ	1
öö	1
vе	1
еi	1
lж	1
жu	1
åã	1
pê	1
êc	1
áz	1
iú	1
ađ	1
đe	1
aâ	1
če	1
ić	1
će	1
qk	1
kﬁ	1
ﬁs	1
qm	1
åü	1
ﬁr	1
áh	1
ię	1
ęs	1
př	1
řr	1
žn	1
žh	1
rž	1
ëe	1
aü	1
gê	1
tﬂ	1
ãæ	1
àc	1
ªh	1
në	1
ñó	1
âg	1
uà	1
aõ	1
mô	1
ôq	1
ùc	1
cº	1
åz	1
kê	1
èk	1
vù	1
eà	1
ñu	1
çi	1
õl	1
čr	1
çã	1
xã	1
õe	1
úc	1
pﬂ	1
ﬂa	1
ﬂø	1
nþ	1
þu	1
ñí	1
cà	1
zì	1
xz	1
ãe	1
už	1
ži	1
jú	1
éâ	1
üy	1
îe	1
gù	1
ìa	1
èj	1
éq	1
pú	1
pý	1
åw	1
bô	1
tî	1
mе	1
pе	1
еh	1
kú	1
uè	1
èq	1
qq	1
vì	1
åæ	1
dû	1
ûn	1
jz	1
aò	1
hê	1
ês	1
öø	1
æo	1
yó	1
kí	1
bí	1
pí	1
eõ	1
xé	1
èp	1
ýk	1
ĵa	1
zà	1
óy	1
oè	1
êe	1
ág	1
úz	1
bà	1
еn	1
ãf	1
