t毛	1309742
sh	1149813
n毛	544386
je	538528
he	532975
ar	498151
nd	484077
毛r	475190
et	456490
ht	444023
te	416531
毛s	409928
do	391765
r毛	379704
me	368768
en	362484
ri	362370
m毛	359713
er	342981
re	336990
in	318260
mi	314336
it	312830
j毛	309169
ka	307731
dh	305905
on	305787
ta	303286
es	299181
ur	293708
nj	293349
po	292428
at	289254
ja	287237
ti	285985
un	285066
ua	278635
ni	276525
ku	272436
se	272246
gj	266498
p毛	262964
an	257394
uk	256293
ra	256235
oj	243361
毛n	241952
as	238397
di	237068
k毛	232890
jo	232569
si	232388
is	232101
th	222094
im	219342
em	216328
nu	214227
ke	213877
ko	209388
rr	207427
pa	201344
or	193709
tu	193545
ll	190242
q毛	187898
al	185222
aj	183458
毛t	180708
ve	180410
du	177495
de	175146
hu	174980
ma	170190
am	169734
to	164394
fa	160724
ir	158406
li	151254
mu	149208
le	148355
ro	147848
hi	147688
ne	147177
ik	146420
ha	144918
ej	144047
h毛	142224
os	138117
ng	127841
pr	125041
b毛	123540
oh	122019
la	120745
ak	117070
ga	111875
mb	110824
ot	105793
rt	105768
ba	104771
ji	104592
mo	102419
sa	99807
hk	97960
ju	97809
tr	96478
um	95817
na	94274
qe	93763
st	90537
毛m	90498
da	90323
lo	89610
ek	89204
pe	88166
nt	86533
lu	84422
ho	83239
gu	83129
d毛	82852
ul	82335
uh	81614
il	81468
us	81158
ap	80327
pi	78704
dr	77824
l毛	76667
so	75282
ij	75007
el	74439
ai	74154
莽f	71749
ru	71045
tj	70740
s毛	69909
eg	69126
ki	68079
jt	66874
va	66686
jm	63295
vi	63131
ut	62550
kj	62263
ol	62099
kt	62020
zo	61440
bi	59897
ty	59164
hm	58906
be	58172
bu	57887
ed	56241
go	55102
ia	52662
eq	52550
fi	52109
ep	51407
dj	51311
rd	50628
rs	50395
pu	50173
v毛	48774
om	46999
rg	46979
zi	46088
ok	45030
毛j	44739
br	44411
ci	43681
io	42997
su	42799
ps	42574
hp	42150
毛l	41873
ad	41568
id	41551
kr	41416
yr	40957
fu	40807
ig	40686
vo	40534
ov	40255
od	40027
jn	38988
rk	38726
eh	37448
fo	36599
ev	36346
no	36056
af	35655
ab	35473
莽k	35410
xh	35335
rm	34939
gr	34417
ih	33742
ye	33466
毛h	33352
g毛	32599
hj	32322
qi	31528
iz	31090
up	31032
av	30788
ft	30654
ks	29559
aq	29549
vj	29385
ie	29348
dy	29140
毛z	28994
uj	28374
fe	27347
yt	27196
vr	27109
ez	27084
bo	27083
fl	27038
az	27021
pl	26128
sk	26011
ue	25206
fr	24979
ag	24964
ze	24674
i莽	24318
zh	23667
og	23595
bl	23404
oi	23221
ic	23211
ob	22948
ry	22605
z毛	22074
vd	21969
ys	21888
pt	21817
毛v	21487
za	21155
毛p	20699
mj	20657
ud	20186
毛g	20169
jd	20055
ky	19984
iq	19285
ef	19080
ns	18973
sn	18944
iv	17941
mr	17934
op	17640
ca	17090
sp	16991
ip	16751
sj	16721
of	16707
f毛	16409
rp	16376
ce	15505
hy	15144
ah	15128
nk	14894
mt	14782
ge	14764
fs	14762
pj	14761
ac	14677
lq	14363
nc	14187
rj	13975
oz	13858
ug	13772
sg	13590
au	13514
iu	13453
rn	13206
zg	12971
qu	12955
uf	12766
mp	12755
lj	12523
sy	12399
if	12280
jz	12272
c毛	11953
zu	11924
hd	11901
rv	11865
by	11838
ec	11698
kl	11618
rb	11538
nx	11484
hq	11137
莽d	10993
rf	10933
rc	10925
qy	10871
qa	10550
py	10437
莽a	10282
ck	10249
ei	10033
jy	9938
uz	9853
ts	9830
tm	9759
ea	9748
gi	9611
lm	9580
yl	9530
fj	9289
ny	9186
cf	8898
ii	8840
hn	8628
ou	8436
ln	8384
js	8305
lt	7956
co	7922
oq	7873
h莽	7636
rl	7580
ch	7396
ui	7226
e莽	7121
莽m	6978
zb	6914
ls	6891
sm	6497
莽e	6227
ib	6148
uq	6094
毛d	6048
eu	5950
nf	5793
qo	5787
xi	5769
rh	5592
yn	5561
莽o	5392
ub	5385
zj	5375
bj	5292
gl	5261
oc	5257
莽i	5249
zn	5238
lk	5207
oo	5162
莽u	4968
rz	4918
vl	4869
vu	4839
ex	4616
eo	4477
yj	4421
fy	4337
nn	4313
eb	4270
ld	4232
ds	3924
ym	3915
xo	3887
jk	3827
uc	3810
lb	3742
ss	3628
毛k	3619
毛q	3557
ms	3530
ly	3447
hf	3416
zy	3391
qj	3389
ey	3372
ay	3349
rx	3346
hs	3283
ee	3275
ax	3257
yo	3224
yq	3124
kn	3015
ae	3010
tl	2893
kz	2891
tn	2883
tt	2830
wa	2783
uv	2772
zv	2771
ux	2761
a莽	2738
xj	2725
yp	2698
cu	2671
莽毛	2648
hr	2586
jv	2539
zm	2490
sf	2487
mn	2457
mm	2438
pn	2338
oa	2337
yk	2324
rq	2315
sl	2289
oe	2241
ow	2145
uo	2138
bs	2115
aa	2085
qk	2045
i毛	2042
nz	2037
nq	2029
qt	2002
ox	1991
jl	1964
xe	1943
jf	1885
wi	1827
hv	1827
lf	1823
nv	1818
km	1798
n莽	1782
jr	1759
lv	1751
cd	1688
my	1683
ix	1672
hg	1644
毛f	1598
ao	1586
gt	1559
sc	1555
cm	1551
gh	1538
ya	1525
we	1524
gs	1521
dn	1492
tv	1420
sq	1383
cl	1371
nr	1353
hh	1352
tk	1309
dm	1308
毛i	1293
sd	1271
ew	1256
wh	1250
tz	1222
cj	1190
qf	1179
wo	1171
o莽	1151
ph	1145
dd	1112
sv	1088
u莽	1085
xu	1078
ff	1064
毛b	1063
hc	1028
qn	1028
lp	1006
gn	986
yv	933
cr	921
sb	898
bb	892
hl	848
qs	801
lc	793
ct	792
tb	790
nl	788
zd	783
dl	772
lg	755
cy	727
pp	710
aw	704
zt	676
oy	671
r莽	667
yf	649
gg	637
mc	635
yz	632
y莽	631
nh	626
yh	616
gz	612
nb	609
tc	603
tw	593
gd	591
yi	589
dg	587
kh	556
yd	546
dv	527
hb	526
fb	525
qm	522
sr	520
cn	509
jp	504
dt	499
yu	494
莽s	483
莽l	481
lr	472
kp	460
cc	452
uu	441
fk	439
x毛	436
mv	434
毛e	424
wn	423
mf	423
mz	415
jj	413
fq	412
gy	404
lh	404
膮膮	403
gm	402
zr	397
tp	387
tf	386
ws	379
jb	366
毛a	354
jq	350
xa	346
sw	343
kg	340
kk	338
ml	334
td	330
zz	325
t膮	314
lz	311
o毛	310
kd	301
wr	300
zl	291
vs	284
kq	274
毛毛	274
gb	270
bn	259
db	254
pm	253
nw	249
qv	247
lx	245
jg	242
qd	237
l莽	234
e毛	228
iy	227
dw	224
fg	218
bd	216
md	212
gf	207
kc	203
vy	196
kf	195
膮i	193
gk	193
t莽	193
gp	192
kv	190
yg	188
cs	188
毛u	186
pk	186
莽r	186
uy	183
bt	179
莽p	175
kb	173
yb	173
dk	171
yc	171
a毛	170
mh	170
df	169
kw	168
u毛	167
拧t	163
np	161
tg	160
tq	157
gw	157
rw	156
yw	155
m莽	154
j莽	152
xt	152
nm	150
毛莽	147
pc	147
jc	146
a拧	143
zs	143
fm	142
mk	141
cp	138
毛o	130
xx	128
hw	127
wy	124
mw	123
dc	123
pf	120
jx	120
莽t	119
lw	118
pb	114
pd	112
啪e	110
膷e	108
莽膮	106
e拧	106
jh	106
xy	102
fn	101
i拧	100
gv	97
t艌	96
cb	95
莽j	95
膰e	94
bc	94
bm	94
莽n	93
wl	93
wt	92
pw	91
k莽	82
xp	82
wc	81
o啪	77
s膮	75
膮j	73
jw	71
bh	70
bw	68
bk	67
zk	67
qb	66
mg	66
wu	65
wm	65
膮k	65
qw	64
y毛	63
pz	61
e膰	61
cq	60
xl	58
s莽	56
膰u	56
莽b	56
mx	55
vn	54
r茅	52
hz	51
fc	50
i膷	50
茅s	49
o膰	49
u拧	47
sz	47
p莽	46
cg	46
vv	45
膰i	45
拧e	45
wk	44
膷i	44
ww	43
o膽	43
膷a	43
啪i	42
ql	42
膮p	41
dz	40
拧a	40
dp	40
眉h	39
t茅	39
毛c	39
膮毛	38
f眉	38
膮m	38
wb	37
毛y	37
iw	36
qr	36
z莽	35
m茅	35
vk	35
n茅	34
xc	34
膮u	34
h茅	34
bz	34
vc	33
zp	33
u膷	32
e膷	31
fh	31
膮a	31
a啪	31
i膰	31
茅a	30
cv	30
wp	30
dx	30
谩b	29
o拧	29
煤n	29
vt	29
d煤	28
bf	28
a膷	28
f谩	27
vg	27
wd	27
vw	27
贸n	27
qp	27
bv	27
煤s	26
xm	26
膷u	26
莽v	26
bp	26
膮n	26
膷o	25
zq	25
膰a	25
膮t	24
莽g	24
g莽	24
vp	24
膮d	24
dq	24
膽i	23
拧o	23
膽a	23
pg	23
o膷	23
l铆	23
r铆	23
wf	22
e膮	22
a膰	22
fd	21
膷k	21
膷n	21
mq	21
t铆	21
拧i	21
膮s	21
s煤	20
f膷	20
uw	20
膮l	20
铆t	20
铆n	20
臎n	20
xb	19
u膰	19
r膮	19
yy	19
茅r	19
vx	18
茅o	18
n臎	18
i贸	18
d茅	18
m臎	18
bg	18
毛x	17
膽e	17
耀u	16
艅o	16
e啪	16
i膮	16
s臎	15
cz	15
wz	15
拧k	15
铆a	15
vz	15
vh	14
尾i	14
gc	14
铆s	14
拧n	14
n铆	14
r臎	14
毛膮	14
fp	13
耀k	13
cw	13
d铆	13
n膮	13
r膷	13
茅n	13
xv	13
zx	13
pv	13
啪a	12
gq	12
m膮	12
喂伪	12
贸么	12
wj	12
s茅	12
t臎	12
a膽	12
蟿伪	11
么膹	11
wg	11
l茅	11
膮b	11
wv	11
vm	11
臎t	11
d臎	10
zw	10
kx	10
拧l	10
铆谩	10
啪n	10
啪d	9
n艧	9
铆r	9
么i	9
i尾	9
v莽	9
谓伪	9
膮e	9
zf	9
a膮	9
p茅	9
pq	9
膮g	9
膹艖	9
d啪	9
s铆	9
u啪	9
r拧	9
牛i	9
膬o	8
e帽	8
帽o	8
r枚	8
枚m	8
i膽	8
e艅	8
耀o	8
谩s	8
臎m	8
u铆	8
j铆	8
tx	8
啪u	8
r啪	8
莽h	8
慰蠀	8
qq	8
蔚喂	8
m铆	8
c膬	7
枚r	7
g眉	7
i艅	7
u茅	7
铆j	7
cx	7
zc	7
铆k	7
蟿慰	7
膮z	7
hx	7
蔚委	7
铆m	7
维p	6
j枚	6
xf	6
眉n	6
纬喂	6
i耀	6
m贸	6
臎i	6
毛谩	6
谩茅	6
f茅	6
伪d	6
v茅	6
拧u	6
l膮	6
膷j	6
膷s	6
h铆	6
膮v	6
渭蔚	6
o膮	6
么茅	6
眉r	6
茅t	6
l臎	6
臎s	6
vb	6
i么	5
艜s	5
e贸	5
耀f	5
钮i	5
臋谩	5
d眉	5
a煤	5
煤l	5
t煤	5
j茅	5
v铆	5
g疟	5
vf	5
yx	5
膮f	5
铆v	5
未蔚	5
伪蟿	5
谩铆	5
么莽	5
膹茅	5
t谩	5
d莽	5
藝p	5
伪喂	5
莽y	5
蟿蔚	5
gx	5
蟻喂	5
卯木	5
k茅	5
y膮	5
膮c	5
贸s	4
茅f	4
眉l	4
xr	4
d谓	4
谓a	4
j膮	4
h猫	4
i啪	4
膷m	4
卯拧	4
c茅	4
茅l	4
茅m	4
贸r	4
d膮	4
蟺维	4
z茅	4
茅c	4
茅p	4
芒谩	4
谩艅	4
暖铆	4
暮盲	4
谩么	4
脽谩	4
贸艖	4
贸膹	4
艖么	4
茅贸	4
谩n	4
p拧	4
膷r	4
b茅	4
u膮	4
臎l	4
膮莽	4
j膷	4
t臈	4
fw	4
蟽蟿	4
喂慰	4
e耀	4
铆o	4
臎k	4
臎a	4
未喂	4
卯偶	4
膮r	4
胃伪	3
维t	3
l煤	3
煤a	3
m膹	3
膹d	3
i膬	3
臋s	3
疟i	3
l艜	3
卯膮	3
蟿喂	3
蔚谓	3
谓蟿	3
c谩	3
c艧	3
蟽慰	3
a铆	3
r贸	3
喂位	3
位维	3
维渭	3
渭伪	3
眉膽	3
膬谩	3
么e	3
铆眉	3
谩艖	3
艖贸	3
艖毛	3
艅a	3
h膷	3
委谓	3
p膷	3
m膷	3
k膷	3
臎c	3
盲n	3
a牛	3
j眉	3
魏慰	3
蠀渭	3
n膷	3
位慰	3
渭维	3
维蟻	3
茅j	3
臎e	3
耀i	3
耀d	3
耀e	3
耀a	3
bq	3
膽u	3
膰n	3
啪v	3
vq	3
臎r	3
z铆	3
a臎	3
o铆	3
c铆	3
铆l	3
委蟽	3
蟽蠅	3
j臎	3
qg	3
木卯	3
偶膹	3
臎o	3
k臎	3
蔚蟿	3
藝n	3
藝t	3
g膮	3
m艜	2
r艌	2
臋e	2
c膮	2
莽莽	2
n贸	2
t猫	2
r猫	2
xd	2
维谓	2
疟l	2
l猫	2
g芒	2
o臎	2
蠄喂	2
纬蟻	2
蟻维	2
渭渭	2
臋媒	2
媒艅	2
艅么	2
茅艌	2
艅媒	2
媒暖	2
艅牛	2
牛铆	2
艖e	2
盲牛	2
么艅	2
艅谩	2
么眉	2
膽暮	2
盲膹	2
暮艅	2
艅膬	2
谩贸	2
贸脽	2
谩艌	2
艖铆	2
铆么	2
么牛	2
牛贸	2
艖臎	2
臎暮	2
膹铆	2
膷媒	2
媒毛	2
毛暮	2
暮茅	2
铆媒	2
媒艖	2
莽臋	2
臋暮	2
艅茅	2
茅谩	2
眉艌	2
芒膹	2
艖盲	2
盲茅	2
么媒	2
媒艌	2
茅毛	2
毛脽	2
臎膹	2
毛臎	2
臎眉	2
眉铆	2
铆膹	2
a艅	2
艖膬	2
眉毛	2
膷谩	2
暮脽	2
脽铆	2
媒铆	2
茅d	2
暮s	2
么l	2
m煤	2
煤z	2
莽q	2
伪蟺	2
慰谓	2
h耀	2
伪蠀	2
蠀蟿	2
蟿蠈	2
o艅	2
膷毛	2
h臎	2
d卯	2
q臎	2
膮q	2
h眉	2
b眉	2
t膷	2
伪i	2
臈z	2
sx	2
莽c	2
q莽	2
蟽蠀	2
蟿萎	2
i煤	2
wq	2
委未	2
慰喂	2
未慰	2
慰蠉	2
蠀蟺	2
蟻蠂	2
蠀谓	2
尉慰	2
蔚蠉	2
枚n	2
p谩	2
g枚	2
xw	2
耀m	2
d贸	2
莽谩	2
谩v	2
茅v	2
啪r	2
毛拧	2
贸m	2
谩r	2
e盲	2
盲r	2
臎膷	2
r谩	2
v膷	2
啪o	2
p铆	2
a膬	2
铆z	2
铆d	2
v臎	2
s膬	2
h膬	2
喂魏	2
魏蔚	2
px	2
蟻蔚	2
委蟿	2
喂蔚	2
xs	2
e牛	2
i牛	2
卯n	2
蠀蟻	2
蟽蔚	2
蠂蔚	2
蠅蟼	2
苇谓	2
谓慰	2
慰蟼	2
维位	2
n煤	2
煤m	2
bx	2
m谩	2
m芒	2
芒n	2
芒钮	2
卯藕	2
藕卯	2
c臎	2
膽膹	2
t臋	2
臎d	2
b臎	2
qz	2
蟺蟻	2
蟻慰	2
慰蔚	2
维蟽	2
伪胃	2
魏伪	2
w毛	2
毛w	2
茅h	2
fz	2
膮h	2
p膮	2
慰蟻	2
蟻委	2
苇蟼	2
渭蠀	2
t枚	1
枚l	1
p暮	1
暮贸	1
贸莽	1
莽茅	1
茅铆	1
毛铆	1
w盲	1
r盲	1
盲u	1
p盲	1
盲s	1
茅g	1
m么	1
么s	1
p媒	1
膷t	1
眉d	1
膷p	1
i谩	1
维魏	1
蠀蟽	1
蟽苇	1
蠀味	1
味畏	1
畏蟿	1
萎蟽	1
伪蟼	1
r茫	1
茫d	1
e臎	1
毛艜	1
w贸	1
贸w	1
蟿蟻	1
蟻苇	1
苇尉	1
尉蔚	1
钮u	1
p么	1
么r	1
z谩	1
膷f	1
wx	1
a褟	1
褟d	1
蔚u	1
尾委	1
蔚慰	1
蔚蟼	1
喂蟺	1
蟺蠈	1
蠈谓	1
蠁蠉	1
蠉纬	1
纬蔚	1
伪谓	1
蠉渭	1
维胃	1
胃喂	1
蠂慰	1
b慰	1
慰s	1
畏u	1
g慰	1
t伪	1
蟺慰	1
慰未	1
蠉蔚	1
谓e	1
渭c	1
贸毛	1
xq	1
l盲	1
z眉	1
j艜	1
v谩	1
谩l	1
h煤	1
n耀	1
a耀	1
b谩	1
谩e	1
s谩	1
b铆	1
茅b	1
拧膰	1
fv	1
b莽	1
r膰	1
膽s	1
e膽	1
拧p	1
f臋	1
臋t	1
茅e	1
t藝	1
n藝	1
n谩	1
d疟	1
疟r	1
n疟	1
疟m	1
xn	1
t拧	1
莽z	1
臎g	1
i臎	1
膷y	1
u艌	1
v拧	1
拧m	1
t膰	1
k拧	1
u膽	1
膷l	1
啪b	1
n膽	1
枚k	1
臋木	1
木t	1
k铆	1
p猫	1
猫g	1
n膬	1
x铆	1
q铆	1
铆c	1
铆e	1
z膮	1
a艜	1
u膬	1
k艡	1
艡y	1
j艡	1
艡r	1
蔚伪	1
蟿毛	1
渭b	1
维j	1
维s	1
维e	1
尉萎	1
k偶	1
t艜	1
莽x	1
伪尾	1
尾伪	1
萎蟻	1
蠂蟻	1
伪蟽	1
魏蠉	1
蠉蟻	1
谓苇	1
苇未	1
未蟻	1
眉s	1
伪h	1
蟿o	1
o牛	1
牛芒	1
芒牛	1
牛e	1
p牛	1
l牛	1
g膬	1
膬牛	1
牛a	1
牛u	1
r牛	1
l膬	1
艧i	1
伪未	1
蔚蟻	1
蟻蠁	1
蠁蠈	1
魏蠀	1
蠉蟽	1
苇蠂	1
蔚魏	1
渭苇	1
蔚纬	1
纬维	1
茅x	1
臎z	1
喂蟽	1
蟿畏	1
畏蟼	1
蠁喂	1
眉e	1
c贸	1
谩x	1
y芒	1
h芒	1
h枚	1
c暖	1
暖t	1
w莽	1
z贸	1
贸b	1
m膬	1
臈t	1
k卯	1
拧膹	1
偶卯	1
木膹	1
卯卯	1
钮t	1
钮毛	1
毛卯	1
臎f	1
未d	1
眉莽	1
莽臎	1
臎谩	1
媒芒	1
芒膬	1
谩膰	1
膰谩	1
盲暮	1
暮铆	1
臋眉	1
茅膹	1
铆i	1
臎u	1
r膹	1
盲艖	1
贸臋	1
毛眉	1
眉么	1
莽么	1
么谩	1
么a	1
xg	1
l臈	1
膬e	1
a茅	1
a卯	1
b膬	1
膬r	1
r眉	1
眉g	1
p卯	1
卯钮	1
臎j	1
臎p	1
z臎	1
h贸	1
p暖	1
t贸	1
o喂	1
p臎	1
b膹	1
膹a	1
膹r	1
偶i	1
藝e	1
偶p	1
膹艅	1
艅i	1
喂渭	1
慰蟽	1
蟽蟺	1
蟺伪	1
胃蠋	1
k喂	1
蟽魏	1
胃维	1
蟺s	1
蠈蠂	1
蠂喂	1
茅z	1
艌e	1
艌j	1
n臋	1
r矛	1
s脿	1
藝b	1
藝z	1
贸v	1
藝d	1
藝u	1
藝c	1
藝a	1
藝o	1
藝l	1
藝k	1
b贸	1
o茅	1
b臋	1
臋r	1
q茅	1
茅q	1
艌s	1
s艜	1
膮o	1
g膷	1
g盲	1
g茅	1
xk	1
伪尉	1
尉委	1
胃蠀	1
魏o	1
蟿蟽	1
蟽喂	1
位位	1
位伪	1
伪蠁	1
蠁慰	1
魏苇	1
蠀伪	1
伪位	1
蟺蔚	1
蟿维	1
维尉	1
蟿委	1
未委	1
委魏	1
蠀位	1
位蔚	1
喂维	1
渭喂	1
蠈蟺	1
蟺蠅	1
谓谓	1
委蟼	1
伪魏	1
慰蟺	1
蟺苇	1
卯艣	1
f膮	1
j脿	1
s臈	1
臈d	1
芒暮	1
暮钮	1
钮暮	1
艌膷	1
膬卯	1
膷膽	1
艌芒	1
芒卯	1
卯艌	1
膷莽	1
莽芒	1
芒艜	1
艜毛	1
毛臋	1
臋艜	1
