ng	2370449
nh	1172765
ch	1046891
th	856938
kh	655335
ôn	630097
an	577716
ôi	560765
hô	520863
tô	483308
là	443045
tr	355441
có	302075
ta	289624
ph	282628
hi	278056
on	245685
gi	244087
đi	239181
iế	231233
hú	228713
hư	228550
ên	215188
ết	213649
ho	208979
nà	207001
và	204860
nó	204078
ấy	202734
ún	200128
ời	196475
đư	187736
ày	186015
đâ	182696
hả	179646
ao	179417
ườ	175289
ượ	174745
cá	173500
ới	172565
qu	169156
ủa	168858
củ	168635
đó	167892
ột	166360
đã	164614
mộ	162763
cô	162176
ha	160060
ốn	159634
ây	156921
gì	156478
ào	155249
ợc	153089
ải	152756
gư	151786
uy	151177
ra	151068
ại	150080
in	149865
ất	145153
ồi	145124
hu	144586
em	144540
hế	141506
bi	140066
ác	139194
co	137443
àm	136261
ay	135924
àn	134953
gh	134662
iệ	132314
rồ	131971
ti	130122
uố	122608
ái	118601
hà	116840
ai	116397
ến	112932
ìn	112672
ện	112617
ói	106635
mà	105401
há	104070
ơn	102596
lạ	100403
hứ	98998
ần	98215
ro	96159
vậ	96030
hể	95837
ậy	94540
hắ	93739
he	93511
cả	93462
iề	93347
vớ	93097
hấ	92606
âu	91712
ắn	90659
hì	89547
án	85119
ậu	85068
cậ	84306
mu	83968
iê	83347
òn	82997
hậ	82958
ều	81064
đa	80658
yệ	79232
để	78394
họ	78165
ưa	75816
vi	75756
ạn	75564
ân	75191
ua	74274
hỉ	73949
ật	72997
ưn	72478
ướ	71122
ơi	70086
hữ	69315
ừn	67786
ài	66150
ia	64426
ữn	64409
ma	63767
hí	63583
đế	62042
ba	61543
đấ	60479
tớ	59643
ăn	58748
au	57844
ki	56913
ar	56101
về	55646
hĩ	55428
iờ	54982
ản	54624
cò	54093
er	53951
ếu	53742
cầ	53496
ữa	53142
cũ	52954
iể	52312
ọi	52149
hơ	51953
ũn	51685
ối	51231
ằn	50946
nữ	50794
ọn	49825
ươ	49517
rư	49090
hỏ	48612
bị	48198
li	47714
ớc	47367
oà	47343
tố	46649
từ	46578
nế	46214
gà	46208
mì	45836
rấ	44708
ầu	44680
ệc	43937
tì	43414
xi	41419
xe	40939
êu	40936
vì	40693
to	40675
bạ	40670
ùn	40602
ận	40445
hạ	40262
en	39850
ốt	39787
ờn	39633
ri	39174
lo	39049
át	38948
úc	38808
hâ	38514
ga	38357
ền	37982
ắc	37965
ín	37726
yê	37713
na	37577
ệt	37460
bà	37396
ắt	37072
cu	36893
tạ	36754
cứ	36721
uá	36588
tu	36378
la	36372
lê	36272
bắ	35028
ỏi	34743
đầ	34660
ca	34502
hã	34292
hó	34243
ồn	34101
đú	33983
eo	33874
go	33758
mẹ	33352
độ	33097
mọ	33065
ãy	32809
tấ	32625
íc	32622
đá	32483
ỗi	32397
le	32105
ìm	32022
đừ	31918
bả	31821
mấ	31389
am	31184
bá	30992
ội	30831
un	30724
hờ	30634
ức	30618
lu	30551
áu	30269
nê	30210
ảm	30207
mi	29854
hị	29822
ẫn	29514
hé	29460
ộc	29386
uộ	29323
re	29298
tư	29220
ổi	28889
oạ	28811
đồ	28743
hố	28532
el	28307
al	27926
do	27900
ểu	27874
ắm	27639
áo	27512
ực	27361
út	27218
ếp	27158
ám	27136
bố	27113
ll	26927
da	26692
ổn	26304
tê	26205
xu	25869
ảo	25832
hầ	25810
or	25734
ne	25413
rê	25400
lỗ	25313
di	24973
im	24847
ăm	24610
ặp	24500
lắ	24442
nă	24328
đề	24286
hủ	24098
ặt	23959
ộn	23658
ục	23554
ón	23427
te	23307
ru	22812
gặ	22751
gọ	22707
ạc	22441
ứn	22206
ốc	22056
lầ	22050
oa	22041
âm	21804
cù	21753
êm	21693
bọ	21617
má	21592
ưở	21503
ấu	21456
uô	21341
vẫ	21281
đạ	21267
đị	21251
ấn	21217
ởn	20988
lú	20889
ni	20760
ập	20747
gu	20582
mặ	20567
at	20483
bu	20440
ẳn	20400
ọc	20318
úp	20306
đứ	20184
mớ	19950
lấ	19896
hẳ	19758
ic	19625
ie	19567
ửa	19446
iá	19200
ớn	19146
iú	18907
ảy	18859
rằ	18689
câ	18671
nd	18608
bỏ	18543
tự	18533
hụ	18517
il	18485
ea	18423
rá	18362
hò	18354
ui	18254
ặc	18103
úa	18079
yế	18052
me	17927
ểm	17903
cư	17559
kế	17469
iả	17365
vâ	17299
dù	17238
vụ	17212
gá	17069
vu	17028
oá	16834
cơ	16808
bâ	16715
be	16394
et	16306
óc	16226
ịn	16194
ko	16169
de	15978
ệu	15964
hớ	15908
ẩn	15888
hằ	15887
tâ	15877
ck	15836
áy	15805
ởi	15713
rở	15633
ol	15623
hồ	15560
iữ	15543
mạ	15410
ừa	15366
ou	15138
ển	15074
mo	15039
hỗ	14889
ke	14838
bé	14798
lờ	14735
it	14682
nơ	14678
bấ	14655
ah	14578
tà	14573
hộ	14558
tí	14360
ạy	14358
rả	14330
cố	14281
ey	14262
ve	14197
ếc	14049
bộ	14001
ứa	13998
ầm	13949
uậ	13910
oh	13885
kẻ	13858
nn	13856
ac	13672
yề	13670
uổ	13639
ợn	13558
om	13510
hự	13407
bo	13380
ạm	13372
bằ	13296
bê	13281
rờ	13212
nư	13112
cổ	13056
đà	13013
lư	12958
oi	12924
đô	12911
vô	12823
ạo	12817
đố	12767
lẽ	12695
vị	12676
hê	12635
ẹp	12617
lý	12604
ứu	12528
mắ	12364
xả	12316
iố	12128
ur	12067
ắp	12062
ợi	11967
tá	11931
du	11924
cử	11829
ấp	11827
ly	11796
ôm	11693
ếm	11654
dư	11568
ịc	11511
ge	11489
no	11448
ka	11363
lớ	11345
xa	11203
bở	11132
hợ	11075
rt	11062
đặ	11044
lâ	11001
nt	11000
ad	10989
đẹ	10863
đổ	10840
pe	10769
hù	10761
ry	10676
uâ	10649
oo	10633
ja	10580
vừ	10573
pa	10550
iớ	10504
wa	10452
tụ	10435
dâ	10431
ed	10426
hă	10387
ệm	10357
rọ	10327
rố	10325
àu	10297
bì	10248
ầy	10113
jo	10030
tộ	9993
áp	9950
đo	9932
ee	9896
vấ	9888
tt	9880
yo	9866
tậ	9827
đủ	9823
ok	9801
ét	9793
iễ	9654
xá	9639
ụn	9635
ặn	9511
ce	9495
ạt	9487
uê	9454
rr	9447
ir	9370
đe	9352
uầ	9333
gầ	9313
va	9277
ow	9188
ĩa	9185
ít	9182
dà	9172
ot	9163
nổ	9137
oả	9002
ye	8978
đê	8945
ãi	8936
xo	8909
vẻ	8893
rõ	8806
gủ	8802
ợp	8795
lự	8732
rô	8729
uả	8704
đờ	8637
dụ	8573
br	8549
kì	8431
rl	8337
yể	8314
gã	8306
vệ	8305
ìa	8249
ép	8191
gồ	8183
ãn	8113
uý	8077
uồ	8069
ễn	8067
rẻ	8016
ệp	7991
hệ	7953
đợ	7939
ià	7925
nc	7922
ul	7909
rd	7903
hử	7762
ựa	7760
lá	7743
ịu	7737
óa	7719
tổ	7697
hổ	7628
lò	7623
hề	7611
ue	7566
bệ	7531
ấm	7486
ẵn	7448
mã	7357
vọ	7313
lệ	7301
uấ	7274
tử	7255
dạ	7243
av	7227
cấ	7221
id	7219
wi	7217
dự	7179
dừ	7100
hy	7089
kể	7053
cà	7032
ty	6967
mở	6917
rk	6879
ía	6873
đì	6853
gâ	6822
fr	6814
mm	6803
lã	6710
vợ	6662
đu	6649
we	6648
hẩ	6638
rò	6619
kí	6616
iấ	6538
dễ	6449
od	6442
dị	6407
ob	6405
gắ	6367
ùa	6366
hừ	6362
kỳ	6341
oặ	6313
ĩn	6297
tù	6250
vư	6201
mừ	6174
rắ	6133
ab	6117
ớp	6082
rừ	6043
rí	6012
io	6008
tệ	5974
bó	5956
ớm	5944
đả	5944
éo	5929
vũ	5922
ig	5877
mậ	5861
cắ	5846
ag	5802
ny	5794
ak	5778
rạ	5759
wh	5717
ld	5648
ev	5647
ủy	5631
pi	5616
ỉn	5604
uẩ	5585
rì	5576
nk	5544
hẹ	5538
că	5534
dy	5523
gố	5509
hở	5497
mỗ	5495
ằm	5483
rn	5481
yn	5456
nạ	5439
dẫ	5423
rà	5413
ủn	5409
lí	5384
òa	5380
tú	5380
đơ	5295
ậm	5284
ụi	5282
ợt	5247
ão	5244
cl	5240
rg	5238
oc	5232
ut	5224
je	5215
gr	5213
mư	5207
mụ	5202
úi	5197
tắ	5170
po	5166
ci	5149
um	5128
mó	5125
ịa	5050
mù	5032
xấ	5015
fi	5015
vờ	4955
ei	4914
ưu	4888
dậ	4859
gự	4851
lậ	4847
bư	4825
óm	4789
ap	4776
mờ	4770
dr	4738
rậ	4731
ké	4722
nằ	4671
mô	4648
ik	4644
rộ	4635
iỏ	4621
ew	4620
dố	4604
nè	4603
wo	4588
hn	4584
ùi	4580
fo	4579
vò	4566
xử	4552
gô	4531
iv	4531
uc	4525
ya	4518
tĩ	4509
fe	4488
gạ	4482
đọ	4459
uh	4436
rú	4425
ex	4415
my	4402
tầ	4390
hặ	4384
cẩ	4310
dá	4302
ec	4297
ợu	4293
bí	4281
op	4229
dấ	4215
ửi	4205
ỏn	4170
tó	4161
bă	4160
bậ	4133
ỏa	4096
tứ	4092
tế	4079
mỹ	4075
dọ	4064
gử	4053
gó	4014
cr	4008
lộ	4000
bl	3974
lũ	3973
đù	3963
ẹn	3961
vă	3948
ră	3934
uỷ	3925
hè	3865
fa	3858
rị	3837
of	3833
ỏe	3796
ov	3769
nu	3739
cú	3736
lô	3727
tồ	3716
bứ	3697
ịt	3678
tò	3643
by	3634
rc	3587
lố	3585
èn	3575
xư	3571
gă	3563
ẩm	3562
cụ	3543
ju	3542
ky	3524
ạp	3506
đậ	3498
oe	3498
lử	3487
ót	3487
lợ	3483
ae	3461
ud	3449
eg	3385
mơ	3383
ứt	3365
ẩu	3364
za	3334
mb	3331
cạ	3330
lặ	3321
ji	3317
đỡ	3279
rm	3272
bữ	3261
lù	3257
ug	3242
gờ	3230
lị	3221
pr	3209
yl	3207
ff	3197
ưỡ	3184
lt	3151
dd	3150
ựn	3148
aw	3144
mệ	3143
tỉ	3141
ip	3125
ọa	3096
rợ	3079
kê	3021
og	3006
tl	2999
cự	2993
mố	2985
đằ	2975
cộ	2970
aa	2963
úy	2962
tả	2955
if	2953
ém	2950
õi	2943
ềm	2943
xé	2942
ký	2928
ẫu	2923
rơ	2914
nã	2903
vế	2894
vo	2889
xâ	2882
oy	2853
nú	2848
nử	2840
ộp	2838
gụ	2837
ax	2801
nô	2770
ep	2768
hr	2757
bb	2726
vù	2709
kị	2708
iậ	2702
đí	2694
eb	2663
nộ	2659
èo	2659
ct	2646
az	2636
nắ	2620
fl	2591
xứ	2582
ộm	2568
ẩy	2554
nỗ	2553
lễ	2551
ht	2532
hẫ	2526
dữ	2507
gg	2499
gấ	2497
bã	2479
ớt	2478
iâ	2477
xế	2476
gl	2463
rụ	2435
đỏ	2434
lừ	2434
tă	2432
mồ	2430
kẹ	2429
ỡn	2419
pp	2394
né	2388
dõ	2384
mp	2379
ấc	2375
hm	2357
mũ	2349
dò	2344
ùm	2342
òi	2328
vĩ	2284
gừ	2281
ịp	2281
dĩ	2265
ụp	2264
nặ	2255
đệ	2214
rù	2204
kỹ	2198
ub	2194
xú	2191
iz	2189
bồ	2174
ỡi	2171
rự	2149
mứ	2147
lm	2130
đè	2123
bụ	2109
cy	2097
iu	2084
uà	2082
dầ	2081
dí	2060
bầ	2059
rễ	2056
hh	2055
én	2004
vự	1991
tỏ	1987
ọt	1986
pl	1973
iư	1969
rb	1950
nợ	1949
ũi	1939
up	1939
bò	1933
tc	1927
ữu	1881
ồm	1873
mẫ	1870
xí	1856
nấ	1846
dặ	1843
zo	1833
rầ	1832
eu	1815
xó	1810
bơ	1808
tặ	1807
vá	1807
tờ	1800
nố	1800
fu	1800
đò	1774
ze	1761
ơm	1755
ẹt	1750
cặ	1748
iọ	1741
mê	1726
bế	1724
ặm	1702
hẻ	1695
đẩ	1693
mỏ	1686
ná	1680
ku	1673
ẹo	1659
lụ	1641
dì	1638
kỷ	1631
af	1615
ẫy	1612
ib	1606
pu	1603
uk	1601
lb	1601
ez	1594
đụ	1593
lf	1586
ừm	1584
ỗn	1584
ek	1548
rv	1547
đắ	1535
kl	1532
èm	1531
bù	1524
bẩ	1515
zi	1508
wn	1503
cc	1495
mc	1494
vẽ	1490
vỡ	1485
ió	1485
ef	1483
cỡ	1478
lẫ	1474
cờ	1452
yu	1449
bè	1445
gậ	1443
ýt	1442
đự	1439
zz	1419
rp	1412
bự	1407
yd	1383
ùy	1381
ox	1369
dw	1358
võ	1347
kn	1340
nr	1338
vé	1307
ọp	1304
kr	1304
óp	1302
xã	1297
bờ	1297
râ	1267
cở	1265
nâ	1262
mè	1260
mả	1255
cớ	1253
dã	1244
bô	1228
ix	1222
hl	1221
lk	1220
bú	1211
vẩ	1202
lồ	1202
lv	1202
gơ	1200
ụt	1196
mẽ	1188
vã	1188
lc	1185
cã	1174
tz	1158
dẹ	1146
ủi	1145
rử	1143
đă	1130
xô	1114
mé	1109
vầ	1108
iã	1101
nz	1097
mò	1092
eh	1092
dũ	1090
lỡ	1082
pt	1081
lp	1078
dứ	1066
tị	1062
gở	1050
dn	1050
fb	1044
yr	1034
gn	1033
xà	1020
lĩ	1008
dg	1008
gt	1003
ym	1002
ró	1001
vạ	1000
rủ	994
bẫ	991
nề	987
lọ	981
gớ	978
đỉ	977
rứ	970
nl	970
ễm	966
dl	965
gũ	953
ví	949
vả	947
đé	943
đớ	943
đĩ	934
ii	926
lă	921
kệ	918
uz	910
xă	906
gợ	895
bổ	891
tủ	878
uỳ	868
ló	868
tv	863
oz	860
kè	859
íu	843
cỏ	837
ụy	837
uế	834
mế	826
kk	820
gữ	811
té	811
mề	808
uf	805
rỗ	803
lé	800
rè	800
nj	800
ễu	799
tẩ	792
ẫm	791
kĩ	783
vộ	780
iỡ	780
ựu	774
ởm	770
xạ	770
cỗ	755
tn	754
gỗ	751
ốm	751
yt	747
tm	746
py	744
rh	734
zu	724
nb	714
tw	711
gỡ	703
tở	702
dở	702
rf	701
gẩ	699
gộ	697
rũ	690
ní	689
tỷ	688
iơ	687
ỉa	685
ft	683
bớ	681
lẻ	675
ln	673
ẻo	671
ỉu	665
vắ	660
mú	657
vứ	649
cừ	649
nụ	646
mâ	646
kỉ	644
đc	640
gõ	638
oẻ	629
lề	629
rữ	624
bề	623
rẽ	622
ãm	621
ué	620
yi	614
uệ	610
dm	605
wy	601
km	595
zy	593
vỏ	590
rớ	579
uỵ	579
oã	579
xỉ	577
vữ	574
nọ	572
òm	564
dơ	563
uỗ	556
gy	554
vố	549
vặ	549
ậc	544
wl	541
kỵ	536
uỹ	532
àh	528
gẫ	527
wr	526
hỡ	524
hẽ	521
vở	516
yp	516
đẻ	513
xì	506
uạ	501
yc	499
dắ	496
lỏ	491
lg	491
ừu	489
ợm	486
xt	478
rã	477
gw	473
yb	472
cọ	470
bể	466
tể	466
ím	462
iặ	456
lì	456
nf	447
kề	443
aj	443
dỗ	442
ốp	432
yw	426
bẻ	424
lả	424
iù	420
yk	420
ux	420
mn	419
ỵt	416
aq	416
xy	415
dộ	413
ij	411
xẻ	406
nả	405
vẹ	399
mổ	398
dt	396
đỗ	395
iy	393
xộ	390
mự	389
đẳ	387
ẻn	387
cõ	385
gò	385
mr	381
tè	379
kw	379
mỉ	375
ơc	374
úm	373
bt	371
hõ	371
dê	370
dh	368
lõ	362
nồ	361
rw	358
uí	356
rỉ	353
cq	349
íp	347
aì	343
xị	342
dó	341
uă	339
vỗ	338
lẩ	338
ât	334
cm	332
vy	330
tọ	328
qk	326
uã	323
oắ	323
dc	319
lr	319
oj	319
rz	313
wk	313
dờ	312
rể	312
rặ	312
hũ	309
vú	307
lơ	307
pd	307
ìu	306
bỉ	305
éi	304
mị	303
kt	300
dồ	299
uặ	296
tơ	295
wu	295
nv	290
đẽ	289
uv	289
gb	283
hk	282
uu	279
df	276
fy	274
hd	270
mĩ	269
gd	268
vl	266
dẻ	265
iq	264
uo	264
ej	261
bừ	260
dv	260
ũa	259
cd	258
dj	257
gp	255
ré	255
mầ	252
ửn	252
hb	252
nở	251
ôl	251
cằ	250
hw	249
ôt	247
ôc	247
xơ	245
ụm	244
ml	244
éc	242
uẹ	241
õn	241
zh	241
mẻ	239
bỗ	239
uj	236
gm	236
nứ	235
dk	235
iầ	234
ẽo	234
ẻm	232
iò	232
kô	229
ih	227
lh	226
lẹ	225
ửu	225
ìi	224
tý	223
xắ	223
đũ	222
kg	220
hẵ	219
nw	219
rẫ	216
mẩ	215
oă	214
eq	214
xp	214
rổ	213
êt	212
oé	211
ẽm	209
lằ	208
pk	208
db	208
õm	207
hc	206
gk	206
qa	205
vn	204
nự	203
lz	202
uẫ	200
cp	199
mí	199
gả	196
wt	196
ỉm	195
tã	194
nò	194
rỡ	191
nx	191
cn	191
mợ	190
tề	190
nm	188
dỡ	187
ờm	187
đẫ	186
fm	186
iw	185
iở	184
xf	184
vr	184
mỡ	183
fg	183
nệ	183
gứ	179
ẳm	179
ỏm	178
tỵ	173
lw	173
oì	173
tg	172
rq	172
cí	171
nị	170
yf	168
xỏ	167
uờ	167
ụa	166
tẻ	164
bợ	164
xc	164
uè	163
lj	163
ơu	162
ưi	162
kẽ	161
óe	159
vơ	158
zl	158
cé	156
õa	156
gf	156
cb	154
cg	153
nỉ	152
rĩ	150
dă	149
rệ	149
dả	148
lở	148
kb	148
xù	147
dằ	145
bn	145
xẩ	144
qy	144
cồ	144
xố	143
xổ	142
tb	140
đm	139
np	139
nớ	138
yg	137
uỉ	136
yễ	133
mễ	132
mt	132
tf	132
mă	131
dz	131
yh	130
zt	127
iè	127
yz	127
gé	126
rẩ	125
íi	125
vê	125
lữ	124
wb	124
pm	123
gỏ	122
yv	122
rj	122
cf	121
ăc	121
hg	121
iă	120
dé	119
mh	119
êì	119
uẳ	117
vằ	117
aò	117
xx	116
lủ	115
rx	114
uợ	113
lổ	113
bm	113
vó	112
dô	111
lế	110
zc	108
bh	107
mf	107
iụ	106
cợ	105
uì	104
lè	103
lẳ	102
pả	102
iô	102
vd	102
êc	102
tk	102
mõ	101
wm	101
pc	101
ùt	100
gc	100
xở	99
ôa	99
vồ	98
pn	98
iì	97
bc	97
bẽ	96
tẹ	96
õì	96
md	95
nể	94
tợ	94
iạ	94
kf	94
gí	94
ôì	94
wf	93
gù	93
vỉ	92
mg	92
êò	92
ựt	91
pb	91
õò	91
yj	90
ẽn	90
td	90
bd	90
wá	89
fk	89
mw	89
mỳ	88
mủ	88
wd	87
âì	87
ăy	86
zm	84
dè	83
zậ	83
rỏ	83
õô	82
uở	82
ww	82
xl	82
ìt	82
iẫ	81
ìc	81
yy	81
iũ	80
bẹ	79
gú	79
uw	79
dú	78
âi	78
fc	78
iự	77
hý	76
dỏ	75
ũy	75
pf	75
mử	74
iẻ	73
ĩu	73
jf	72
uq	72
zd	72
òe	72
hf	72
oâ	71
éa	71
xê	70
nầ	70
ýy	70
uắ	70
ẹc	70
òc	70
jr	69
lứ	69
bj	69
ìy	69
zb	69
oq	67
bĩ	66
oẹ	66
tx	66
ảu	65
dế	65
tj	65
uó	64
zô	64
hễ	64
dệ	63
rề	63
xw	62
wg	62
kd	62
zk	62
uơ	62
uớ	62
ér	62
ýõ	61
gỉ	60
wc	60
tp	60
iắ	59
xh	59
âp	58
uề	58
zw	58
zn	58
zg	57
ỷu	56
đễ	56
đt	56
ưc	56
ỳn	55
zr	55
oằ	55
nĩ	54
kư	54
èr	54
dể	53
ôx	53
bặ	53
ĩm	53
ữư	53
cz	53
qq	52
mv	52
cẳ	51
mj	51
bõ	51
fn	51
vc	51
mk	51
ủm	49
ăt	49
ýp	47
qú	47
kp	47
ãt	47
nỡ	46
jc	46
kj	46
uò	45
tằ	45
yè	45
vk	45
nq	45
zì	44
jp	44
xớ	43
ỗm	43
ưự	43
vè	43
ọe	43
yx	43
oò	43
ađ	42
nẻ	42
fz	42
ýì	41
ừh	40
bq	40
ựơ	39
ưm	39
dợ	39
xè	39
pw	39
òt	39
gj	39
nỏ	38
dẽ	38
hj	38
xẹ	38
èc	38
pg	38
êi	38
ạu	37
gv	37
ăi	37
wp	37
ăo	36
rế	36
fp	36
vể	35
ừơ	35
dq	35
fh	35
qi	35
qe	35
kc	35
ãì	35
ýn	35
ôg	34
vg	34
fả	33
hv	33
ồh	32
ạh	32
lể	32
fé	32
bử	32
bỡ	32
dề	32
đở	32
ùc	32
âò	32
mz	32
ãu	32
jh	32
tq	31
iỗ	31
jm	31
vx	31
ôò	31
iằ	30
gổ	30
vh	30
hp	30
lỳ	29
gý	29
fd	29
dớ	29
nù	29
gq	29
ưv	28
ẵm	28
ổm	28
ăp	28
dp	28
hỷ	27
rẹ	27
iử	27
uể	27
xv	27
él	27
èt	27
bw	27
ữi	26
ớu	26
hq	26
bủ	26
ừo	26
ìo	26
cữ	26
kv	26
zớ	25
đn	25
ýu	25
pé	25
xd	24
zq	24
xb	24
qủ	24
ưt	24
bk	24
ịe	23
wj	23
dẳ	22
nẹ	22
bđ	22
wả	22
ựo	22
êx	22
uù	22
òy	22
ơv	22
xm	22
pê	22
vt	22
uẻ	21
xõ	21
uọ	21
ẹm	21
xệ	21
qr	21
qw	21
hz	21
ié	21
iđ	21
uằ	20
pằ	20
xò	20
eì	20
gĩ	20
vp	20
ýò	20
tõ	20
ĩế	19
lỉ	19
vỹ	19
bý	19
nẫ	19
zv	19
ũm	19
wê	19
nũ	19
pô	19
éu	19
íl	19
bẳ	19
xq	19
fê	19
pz	19
iừ	19
xn	19
lq	19
ứơ	19
oè	19
oó	19
yã	19
bf	19
ỵc	18
ăh	18
xr	18
jt	18
ơp	17
ùh	17
nẵ	17
vđ	17
iộ	17
ău	17
fv	17
pj	17
cv	17
nậ	17
êp	17
px	17
jn	17
xừ	16
qc	16
qf	16
xg	16
ốí	16
êr	16
nđ	16
tỳ	15
đh	15
nẩ	15
ôh	15
dử	15
đẵ	15
ôp	15
ỡm	15
ór	15
vb	15
òp	15
ìp	15
ểt	15
uĩ	14
đv	14
xồ	14
ým	14
dx	14
ưh	14
tễ	14
rý	14
òo	14
ée	14
cj	14
jờ	13
ịm	13
ôf	13
xậ	13
ửm	13
êh	13
ĩi	13
ọm	13
hđ	13
ưo	13
ìế	13
âc	13
mq	13
ôô	13
vẳ	12
ơô	12
cì	12
gế	12
jb	12
dẩ	12
tỗ	12
kz	12
pq	12
gx	12
jj	12
zp	12
qz	12
xụ	12
âo	12
ií	12
ôđ	12
cw	12
nõ	12
àl	12
ũu	11
fí	11
hỹ	11
gằ	11
mx	11
cẫ	11
gê	11
uư	11
yá	11
iý	11
wq	11
dý	11
qo	11
ửư	11
bp	11
bg	11
cý	11
jx	10
zồ	10
cê	10
ưò	10
úg	10
kă	10
fq	10
jv	10
mđ	10
ơr	10
ôb	10
xủ	10
cx	10
dổ	10
àt	10
vử	9
zó	9
ĩl	9
òu	9
jq	9
xờ	9
qh	9
xự	9
jy	9
fj	9
gị	9
nì	9
bv	9
vv	9
ql	9
bz	9
èu	9
cđ	9
áá	9
ờh	8
lẵ	8
đõ	8
pó	8
úô	8
wâ	8
qm	8
pố	8
bẵ	8
aị	8
ýa	8
bx	8
ờc	8
ãp	8
đk	8
zá	8
ơt	8
tđ	8
ịê	8
rẳ	7
kã	7
qù	7
eó	7
áh	7
ág	7
àf	7
xầ	7
qb	7
ól	7
hỵ	7
èp	7
uị	7
iồ	7
ãc	7
vf	7
ờg	7
èg	7
vủ	7
gè	7
ôv	7
zờ	7
eò	7
yq	7
vj	7
ég	7
xĩ	7
êo	7
xọ	7
pv	7
àà	7
uỡ	7
đr	7
ựợ	6
xỡ	6
oẳ	6
ný	6
ãò	6
vễ	6
jữ	6
ìề	6
ká	6
yé	6
wv	6
jw	6
âý	6
úu	6
pâ	6
àp	6
yô	6
ôu	6
qụ	6
dđ	6
ềt	6
ál	6
qt	6
lđ	6
aí	6
zí	6
ảh	6
íê	6
gz	6
ảt	6
kđ	6
àc	6
ìì	6
âụ	5
ỵy	5
wỉ	5
lỵ	5
zắ	5
êđ	5
âg	5
ẽl	5
ỵê	5
ừi	5
tỡ	5
ír	5
đử	5
õe	5
iứ	5
vz	5
iẹ	5
ếy	5
ìê	5
ưg	5
pá	5
ơì	5
dủ	5
yì	5
gđ	5
yâ	5
aà	5
pờ	4
ĩĩ	4
aỉ	4
wầ	4
ổc	4
xằ	4
qx	4
kq	4
qà	4
xj	4
ãd	4
xẽ	4
zê	4
ỵu	4
ỵe	4
yă	4
pã	4
êq	4
ưy	4
ơa	4
êy	4
xề	4
õu	4
mý	4
oị	4
kó	4
mể	4
ơí	4
éd	4
qj	4
lx	4
hx	4
zú	4
èv	4
kx	4
ịi	4
àr	4
ùu	4
wz	4
ár	4
êk	4
jk	4
àg	4
vm	4
ơl	4
ĩt	4
jl	4
àj	4
ếế	4
ẩt	4
xk	4
yđ	4
ảả	4
iõ	3
èa	3
ọg	3
ưồ	3
vý	3
cị	3
êl	3
gẽ	3
ùâ	3
ổt	3
kỏ	3
oẵ	3
kà	3
ýc	3
ỉĩ	3
ằt	3
ạị	3
nễ	3
mữ	3
zẻ	3
éz	3
iổ	3
iẽ	3
ữg	3
ựv	3
ịệ	3
qg	3
ứm	3
đữ	3
êú	3
ảc	3
ãl	3
xẫ	3
ệl	3
gệ	3
wé	3
ơđ	3
ỳê	3
éj	3
jà	3
ứo	3
vw	3
aú	3
zè	3
aó	3
fw	3
ík	3
ìe	3
áí	3
ôk	3
wí	3
ửơ	3
zã	3
ỵệ	3
vẵ	3
yẹ	3
aá	3
àa	3
êê	3
aấ	3
èl	3
íế	3
ơg	3
mằ	3
ưố	3
ỏỏ	3
àd	3
ềi	3
ệệ	3
ìh	3
ôo	3
xý	3
ưb	3
ăg	3
àb	3
oọ	3
ứớ	2
ửd	2
âỵ	2
fx	2
qd	2
zj	2
qp	2
eĩ	2
tẳ	2
ôy	2
ứi	2
jó	2
đb	2
oí	2
dẵ	2
ụâ	2
nẳ	2
tẫ	2
áz	2
ìơ	2
ắu	2
iợ	2
éx	2
fụ	2
wà	2
zề	2
ộy	2
tữ	2
ođ	2
ỉh	2
ồa	2
wx	2
ụô	2
ậụ	2
vổ	2
ứư	2
íá	2
íf	2
ưạ	2
ảr	2
ằu	2
ủh	2
ưọ	2
éế	2
êế	2
iị	2
ếo	2
tẽ	2
éâ	2
đl	2
wờ	2
ảl	2
ềy	2
ôỉ	2
éb	2
gẹ	2
pđ	2
âv	2
êg	2
zf	2
êô	2
qá	2
ậậ	2
jú	2
ỉc	2
đy	2
ãb	2
ôí	2
ẳt	2
ịg	2
év	2
ừt	2
ồl	2
ửv	2
uẽ	2
uú	2
ểp	2
ụê	2
ụo	2
uỏ	2
ờì	2
êv	2
nờ	2
ìk	2
íe	2
ừờ	2
đx	2
ằg	2
zx	2
ằc	2
eđ	2
ựi	2
ảđ	2
ốl	2
rđ	2
ốb	2
ịo	2
úú	2
ââ	2
ừc	2
ĩđ	2
ởt	2
jd	2
ẹẹ	2
ưr	2
ưl	2
pí	2
ỏl	1
qđ	1
qó	1
áắ	1
âấ	1
ậo	1
ỉv	1
àị	1
gẵ	1
ồc	1
õt	1
ạd	1
aô	1
cế	1
eẻ	1
ểb	1
zư	1
ửc	1
ấo	1
ồd	1
ìl	1
ạí	1
aâ	1
pè	1
áấ	1
âầ	1
cè	1
nừ	1
ũg	1
ụl	1
yỳ	1
ýê	1
ảg	1
uđ	1
íớ	1
qý	1
ơờ	1
âđ	1
qũ	1
yí	1
ơợ	1
ìd	1
ỉđ	1
ìđ	1
ỉl	1
ìệ	1
ưì	1
ởu	1
ễc	1
ảv	1
pơ	1
ổh	1
đỹ	1
ắb	1
úd	1
ởr	1
ờị	1
fú	1
ờu	1
iẵ	1
íù	1
lỷ	1
õó	1
ộb	1
ểh	1
yấ	1
ờo	1
oư	1
ỉt	1
òù	1
ịế	1
ơò	1
àỵ	1
oô	1
ưá	1
zụ	1
àỳ	1
ụb	1
cề	1
ẫp	1
mỷ	1
àă	1
ăđ	1
âh	1
ệo	1
èề	1
ỗị	1
oơ	1
ék	1
ềl	1
ấở	1
ọl	1
àk	1
jé	1
ặo	1
ọu	1
ểc	1
ỳo	1
ưx	1
ĩh	1
ữt	1
ữv	1
ấý	1
pọ	1
ổg	1
ỷê	1
yỉ	1
kứ	1
ậỵ	1
úo	1
pư	1
ứg	1
mẳ	1
yư	1
ậi	1
oế	1
qn	1
qỉ	1
rẵ	1
ợị	1
ặy	1
ứl	1
ồỉ	1
lỹ	1
ềc	1
oậ	1
àý	1
áâ	1
ếù	1
kù	1
ồì	1
ếl	1
ủp	1
uõ	1
ưổ	1
yò	1
ãg	1
ỵn	1
ôr	1
ệy	1
eê	1
ựy	1
ờờ	1
áb	1
uủ	1
ùg	1
ầb	1
ưk	1
ẻu	1
ốo	1
aọ	1
ỷn	1
ứở	1
jớ	1
kò	1
fá	1
ởj	1
já	1
ọă	1
áa	1
íh	1
zầ	1
ưỏ	1
eở	1
ắh	1
ệi	1
êd	1
ứđ	1
ựp	1
iủ	1
ổl	1
aỳ	1
óí	1
ío	1
íđ	1
ởl	1
ỉệ	1
ủq	1
gẻ	1
mỵ	1
àỏ	1
ốì	1
ãh	1
úý	1
ởở	1
ơơ	1
ơe	1
yơ	1
òh	1
ưõ	1
áq	1
éq	1
ỏo	1
ãe	1
ỗt	1
ấi	1
zà	1
éf	1
rỹ	1
ỹu	1
dỹ	1
ồk	1
ồx	1
oộ	1
ốr	1
ốố	1
ếg	1
fè	1
ứr	1
ũp	1
đđ	1
ỉỉ	1
ởc	1
ză	1
ăv	1
kả	1
eý	1
ôz	1
ẽb	1
ưấ	1
qả	1
ẽc	1
ỉọ	1
ảd	1
ửđ	1
nỳ	1
âl	1
ẵy	1
ơh	1
iẩ	1
óh	1
ọh	1
zạ	1
ôĩ	1
wú	1
dỉ	1
ốh	1
úh	1
èb	1
zọ	1
ạỵ	1
ìr	1
zấ	1
kồ	1
bũ	1
ẻl	1
êỳ	1
ởo	1
âị	1
ôe	1
kễ	1
ưú	1
xữ	1
où	1
âõ	1
ơù	1
aù	1
jô	1
ởe	1
áđ	1
ưã	1
ẩi	1
ờt	1
ếk	1
êb	1
ìô	1
ẹu	1
pò	1
ỏp	1
òg	1
pụ	1
zâ	1
iĩ	1
kọ	1
ìă	1
ỉê	1
ữơ	1
ạa	1
ừg	1
ốg	1
ỡt	1
yộ	1
cẻ	1
ịấ	1
nủ	1
đg	1
ếr	1
ịđ	1
ơo	1
pú	1
ẻi	1
ọạ	1
ửl	1
ãr	1
