die	6030
nie	4866
aar	4166
het	3127
dit	2615
aan	2484
ver	2346
van	1944
wat	1870
ons	1786
eer	1758
maa	1717
jou	1682
oor	1644
lle	1631
wee	1630
ste	1545
nde	1523
der	1412
and	1392
ter	1347
ers	1276
sie	1267
ing	1251
ier	1248
daa	1226
dat	1225
kan	1161
gaa	1117
moe	1081
lik	1075
kom	1036
een	1030
vir	1011
ien	998
ull	968
nee	943
sal	916
hie	911
waa	896
met	881
laa	873
aat	858
lie	849
erd	804
ges	798
oen	796
oet	795
ord	791
uit	788
hul	785
ens	783
ees	782
was	767
dan	767
eet	761
dis	760
aak	749
gee	736
raa	725
oed	696
ond	692
goe	676
eur	664
end	656
man	647
ewe	646
hoe	645
doe	644
erk	642
nou	635
gel	630
din	626
hom	613
haa	613
tel	605
gen	603
eel	596
wil	584
ief	575
sta	565
ink	552
kie	549
iet	548
ind	544
all	541
lan	541
men	533
ies	525
net	521
ang	518
ank	514
nge	510
ont	497
wer	495
ant	495
eke	492
lee	483
mee	478
nog	477
rin	475
toe	468
voo	468
ken	464
est	462
wor	456
ede	456
ooi	455
ker	454
dig	450
hoo	449
sel	449
rdi	447
ele	445
rde	444
ere	441
rie	437
hou	436
wel	432
mer	432
taa	431
ree	426
uis	424
hei	420
ert	419
bes	416
ook	411
eli	404
erl	403
eid	401
kry	397
uur	397
aro	394
les	392
aal	388
ran	386
oos	384
oek	384
ger	379
eld	377
del	377
ame	376
tig	374
reg	372
gev	372
ent	371
kon	366
ist	362
geb	362
oon	362
ard	361
roo	360
gew	358
soo	357
rou	353
jie	348
eni	348
eie	346
dag	346
rst	346
ema	345
ets	343
naa	343
gte	343
aam	340
tee	338
esi	330
art	327
tyd	326
ige	326
ged	324
elf	321
rom	319
oei	319
hel	319
rge	319
ein	318
oop	317
era	314
iks	300
tji	300
wie	299
vro	298
moo	295
deu	292
sko	292
erg	291
tre	290
weg	289
loo	289
ene	288
lig	288
oel	287
lin	287
pra	285
sti	285
tro	284
ans	284
geh	283
jul	282
ood	281
rli	281
nse	280
aie	279
ete	279
min	277
spe	275
roe	274
saa	273
nik	272
eem	272
gek	270
ena	269
eko	268
rte	267
soe	267
ske	267
rek	267
pro	266
vol	266
ike	266
ski	264
lui	264
per	264
bai	263
tog	263
sou	262
nne	259
ili	259
ort	258
sse	257
mme	256
koo	256
sto	256
hee	256
doo	255
ade	254
ite	254
bly	253
vin	253
han	253
ese	251
sla	247
aas	245
sit	242
har	241
rui	240
gro	239
tte	239
ska	239
kyk	238
bet	238
gti	237
mar	237
rug	236
son	236
eek	236
nki	235
rsk	234
bel	234
nte	234
gra	232
eis	232
woo	231
mal	229
kin	228
tot	227
egt	226
edo	224
agt	224
noo	223
kli	223
nst	223
oot	221
voe	220
kee	219
erm	219
wag	218
bie	218
bed	218
kke	217
mis	216
iem	215
lew	213
ong	213
esk	213
ron	213
vra	212
eru	211
fde	211
erw	211
eri	210
sek	207
luk	206
lei	206
baa	205
str	205
bli	204
ten	204
tuu	203
elu	202
ton	202
skr	202
bri	201
ors	200
dri	198
erb	197
edi	196
sen	196
ela	196
one	195
aag	194
eno	194
els	193
hui	191
isi	190
ass	189
sin	189
alm	188
los	188
alt	187
org	186
ide	186
val	186
ell	186
ars	186
etj	185
eve	185
stu	185
ate	184
eil	183
pla	183
sku	182
kte	181
bee	180
oit	179
ann	179
lek	177
ren	177
mag	176
lke	176
gin	176
kaa	175
eed	174
kki	173
elk	172
eho	172
arm	172
tor	172
beg	171
arv	171
ari	171
ber	171
nin	170
sig	170
rei	170
tie	169
ple	168
inn	168
dra	168
oeg	166
ner	166
vee	165
rlo	164
red	164
res	164
rob	163
vri	163
lyk	162
twe	162
ukk	162
eva	162
den	162
nig	161
efd	160
wan	160
rke	160
lag	160
tan	160
olg	159
oer	159
elp	158
kel	158
omm	157
elo	157
tra	157
dee	156
isk	155
aai	155
oof	155
ser	154
wou	153
lma	152
fra	152
pre	152
lty	151
ebl	151
rva	150
dui	150
ise	150
noe	149
dom	149
tei	149
asi	149
ore	148
ebe	147
her	147
kla	147
ngs	147
nat	146
tek	146
iek	146
erv	146
oes	145
ast	145
rme	145
kam	145
oue	145
amm	144
nda	143
won	143
gem	142
odi	141
ebr	140
eit	140
nod	139
are	139
erh	139
ied	138
oud	138
êre	137
rma	137
vre	137
spr	137
dam	136
nis	136
seu	135
wen	135
ori	135
ine	135
age	134
eun	133
ege	133
seb	131
mor	131
ghe	131
ill	130
int	130
eme	130
ndi	130
pee	129
egi	128
ali	128
rel	127
bru	127
ieg	127
uwe	125
ben	125
eha	124
ler	124
kap	124
iew	123
par	122
off	121
ins	121
beu	120
jam	120
bar	120
kle	119
rig	119
igh	119
esê	118
atu	118
uik	118
fie	118
ekt	118
ewo	118
eef	117
rag	117
pel	117
edr	117
mnr	116
bbs	116
san	116
ale	116
oli	116
ssi	116
môr	115
ôre	115
beh	115
eso	115
esl	115
ern	115
get	115
ero	114
gou	113
rot	113
rik	113
god	112
glo	112
rus	112
tem	112
tui	112
esp	112
jaa	111
mei	111
kei	111
teu	111
evo	111
tin	111
ris	111
ppe	111
omd	110
tli	109
oni	109
nke	109
boo	109
err	109
kig	108
geg	108
erf	108
reu	108
led	107
ntl	107
bre	107
aap	106
evr	106
ekk	105
bin	105
cis	105
vaa	105
boe	105
til	104
uld	104
sle	104
vel	104
pen	104
loe	104
aad	103
oom	103
nsi	103
bew	103
swa	103
war	103
eds	102
see	102
kri	102
ibb	101
pas	101
ffi	101
orm	101
nni	101
rso	101
oog	101
pge	101
onk	100
opg	100
ryf	99
lat	99
bro	99
mel	99
app	99
mda	98
gib	98
mil	98
rtr	98
use	98
hal	97
bek	97
bev	97
obe	96
lge	96
jon	96
len	96
pie	96
emi	95
kul	95
ust	95
gie	95
kop	94
gst	94
ara	94
lde	94
blo	94
lis	94
spo	94
tst	94
ett	94
rsa	93
des	93
nag	92
wys	91
ote	91
bui	90
url	89
nuw	89
had	89
ode	89
ope	89
idd	89
pol	88
dok	88
oem	88
nli	88
orl	88
las	88
rwe	88
ots	87
ark	87
rol	87
hon	87
ehe	87
ose	87
win	87
dde	87
old	86
paa	86
uss	86
lug	86
eim	86
rhe	86
eka	85
rap	85
gis	85
rbe	85
gge	85
wêr	84
nth	84
leg	84
enk	84
ruk	84
adi	84
tal	84
alk	83
nto	83
lof	83
dal	82
vry	82
vei	82
etr	82
lli	82
okt	81
eta	81
tge	81
vad	80
llo	80
oep	80
pan	80
dru	80
ras	80
top	79
sor	79
oms	79
fli	79
eng	79
ess	79
mon	78
dre	78
spa	78
afs	78
afg	78
att	77
kto	77
vla	77
rwa	77
ool	77
omp	77
for	77
slu	77
uns	77
iel	77
ega	76
rdo	76
rki	76
igt	76
itg	76
klo	75
uil	75
its	75
iva	74
ami	74
rvo	74
vas	74
vli	74
uid	74
igi	74
amp	74
sky	74
emo	74
let	74
ada	73
akl	73
hem	73
sli	73
osi	73
rba	73
erp	73
tho	72
ekr	72
lte	72
eeg	72
rle	72
ebo	72
ats	72
ane	72
cha	72
ome	72
gan	72
nad	72
lfs	71
dae	71
mek	71
mak	71
ire	71
aaf	71
ani	71
ini	71
lar	71
ure	71
kra	71
nts	71
out	70
ryp	70
kal	70
iss	70
fge	70
mcg	69
usi	69
eug	69
urg	69
ntw	68
aks	68
kse	68
ape	68
ewi	68
ldi	68
mid	68
akt	68
eks	68
koe	68
bem	67
ute	67
rla	67
som	67
rse	67
pes	67
plo	67
pri	67
itt	67
eor	66
ban	66
rkl	66
bra	66
rsi	66
mat	66
cge	65
mev	65
pte	65
vor	65
nti	65
ony	64
tmo	64
yne	64
uri	64
idi	64
bor	64
che	64
oll	64
too	64
geo	63
rre	63
sul	62
mus	62
ora	62
gla	62
egs	62
ati	62
dus	61
evi	61
ino	61
rko	61
ous	61
khe	61
sme	61
uig	61
omb	60
yse	60
ven	60
kyn	60
rna	60
gre	60
leo	59
ana	59
elt	59
lom	59
rok	59
rho	59
akk	59
ake	59
eda	59
ntr	59
ude	59
ost	59
lop	58
rys	58
rda	58
dro	58
als	58
lse	58
lim	58
rit	58
ika	58
kof	57
ntm	56
mes	56
oef	56
kwa	56
kwe	56
mos	56
gep	56
woe	56
nel	56
ble	55
rwy	55
sna	55
kor	55
tuk	55
egr	55
enn	55
nan	54
ces	54
oev	54
wek	54
sia	54
uer	54
pos	54
rak	54
kru	54
ziv	53
opo	53
mad	53
igs	53
dir	53
abb	53
ogt	53
ime	53
nta	53
the	53
gas	53
nsk	53
raf	53
sch	53
tes	53
dad	52
iwe	52
ret	52
okk	52
nes	52
ros	52
tus	51
dog	51
uiw	51
ses	51
fel	51
ral	51
kun	51
sol	51
ina	51
lit	51
eop	50
ith	50
obl	50
two	50
vie	50
ryk	50
ase	50
bei	50
dek	50
sus	50
wig	50
sag	50
wes	50
tas	50
rra	50
vlo	50
tsi	49
ism	49
veg	49
yde	49
lad	49
ffe	49
wak	49
nds	49
spi	49
sam	49
eti	49
por	49
ksi	49
tri	49
nut	48
bom	48
rid	48
rop	48
wap	48
fre	48
tse	48
dsk	48
hen	48
opp	48
gil	47
ain	47
tad	47
ial	47
wyn	47
omi	47
efl	47
alf	47
ott	47
reë	47
orb	47
mie	47
ndr	47
ulk	46
nci	46
gde	46
ewy	46
jes	46
ioo	46
jan	46
lot	46
ikh	46
kre	46
owe	46
rof	46
swe	46
kou	46
kat	46
rne	46
ram	46
noz	45
ozz	45
zzo	45
fam	45
edl	45
mai	45
rby	45
cho	45
hop	45
opi	45
vlu	45
fil	45
nga	45
onl	45
lla	45
kas	45
orw	45
mas	45
uim	45
ops	45
gry	44
iso	44
avi	44
wei	44
kos	44
chr	44
kui	44
fst	44
rga	44
poe	44
tti	44
ota	43
und	43
pto	43
oto	43
bou	43
tak	43
emd	43
ato	43
lem	43
eël	43
dor	43
lyn	43
arb	43
sak	43
sma	43
pin	42
fou	42
fin	42
mam	42
anj	42
sod	42
fee	42
rem	42
bal	42
fsk	42
anc	42
mde	42
gli	42
ssa	42
awe	42
inu	41
ieu	41
ugd	41
gga	41
pha	41
fis	41
vis	41
rtj	41
ppi	41
dle	40
lfd	40
vuu	40
ulp	40
fek	40
log	40
efi	40
nva	40
nam	40
lwe	40
arl	40
don	40
oie	40
hri	40
pek	40
pet	40
rha	40
tom	40
epe	40
bla	40
sio	40
pyn	39
mpe	39
arh	39
lor	39
foo	39
anv	39
lbe	39
rmo	39
jar	39
rad	39
urd	39
urs	39
nav	39
rto	39
ama	39
nna	39
lus	39
ion	39
cke	38
une	38
pap	38
ove	38
udi	38
ugg	38
mge	38
rty	38
kep	38
nks	38
oma	38
mmi	38
kst	38
egg	38
kil	38
wal	38
bur	38
dik	37
tpl	37
spy	37
dhe	37
esu	37
bep	37
nhe	37
nce	37
eus	37
lon	37
ifi	37
leu	37
kus	37
nbe	37
alc	36
asb	36
mun	36
sem	36
oph	36
lef	36
ilj	36
epl	36
ely	36
sve	36
chi	36
gsk	36
ekl	36
dge	36
pli	36
lce	35
pad	35
ntp	35
aso	35
lko	35
aus	35
urt	35
poo	35
ods	35
ndo	35
rdr	35
arg	35
vle	35
eki	35
ikw	34
rey	34
epr	34
dio	34
ois	34
onm	34
kur	34
ëls	34
ira	34
heu	34
kro	34
nko	34
rbo	34
onb	34
atr	34
sge	34
bby	33
ary	33
sec	33
oga	33
gal	33
eat	33
sei	33
goo	33
joe	33
fer	33
ian	33
rta	33
tar	33
keu	33
gri	33
esa	33
ntj	33
tru	33
iti	33
ata	33
arr	33
myn	32
apt	32
eck	32
maj	32
vat	32
igg	32
alw	32
eik	32
alb	32
fen	32
tim	32
bon	32
rti	32
sda	32
kba	32
oss	32
olk	32
ngr	32
ita	32
nuu	32
ild	32
hin	32
lam	32
var	32
onv	32
nma	31
mse	31
tev	31
gma	31
tap	31
low	31
nor	31
epa	31
tit	31
rmi	31
fro	31
rat	31
nsl	31
kar	31
rea	31
dji	31
slo	31
rts	31
mbl	30
muu	30
aud	30
efh	30
mma	30
sja	30
ynl	30
uth	30
arn	30
itv	30
uin	30
egk	30
gue	30
ach	30
mte	30
ogg	30
opt	30
rka	30
sui	30
rio	30
tis	30
sis	30
ona	30
ewa	30
wet	30
rve	30
lls	29
atf	29
wyl	29
dma	29
ypt	29
lne	29
hor	29
sep	29
unt	29
omg	29
wit	29
kad	29
oël	29
vul	29
sop	29
ogi	29
eeu	29
lip	29
emp	29
tud	29
ult	29
lae	29
mot	29
uli	29
enh	29
uni	29
ugt	29
orr	29
tfo	28
yma	28
kip	28
arc	28
upa	28
mpa	28
mik	28
afe	28
que	28
rfe	28
nvo	28
gko	28
anb	28
voë	28
cht	28
tsk	28
hed	28
opl	28
rgi	28
olf	28
ive	28
dem	28
rro	28
ids	28
uie	28
sof	27
sed	27
nkr	27
tea	27
rae	27
eln	27
oku	27
pry	27
ago	27
ava	27
dse	27
rdu	27
rsl	27
dda	27
tik	27
dwa	27
twa	27
rum	27
kol	27
nsp	27
rif	27
ule	27
mys	26
rco	26
enm	26
dar	26
nja	26
ilt	26
yna	26
thu	26
cla	26
pak	26
sov	26
eën	26
uks	26
odg	26
lda	26
nem	26
rgu	26
uen	26
bos	26
rye	26
oka	26
ofs	26
lou	26
rni	26
agg	26
elm	26
rsp	26
ric	26
ash	26
odm	25
aby	25
pyt	25
fhe	25
ofk	25
ded	25
efo	25
vid	25
efe	25
sef	25
lme	25
gun	25
eue	25
fte	25
hit	25
iep	25
tat	25
rep	25
nar	25
rpl	25
sty	25
med	25
pon	25
lok	25
eym	24
zhe	24
nab	24
aje	24
rdw	24
ndh	24
pho	24
ljo	24
ola	24
ntv	24
oeë	24
eër	24
twy	24
esc	24
sca	24
rav	24
ila	24
rms	24
oew	24
dop	24
tam	24
rtu	24
orn	24
ehu	24
neu	24
ume	24
ego	24
olo	24
lap	24
nas	24
riv	24
ikk	24
nve	24
esm	24
pst	24
nau	23
sül	23
ülz	23
lzh	23
smu	23
oup	23
nje	23
taf	23
duu	23
hun	23
ngm	23
rns	23
eph	23
inl	23
von	23
epp	23
pis	23
uro	23
uif	23
ork	23
onn	23
emm	23
wol	23
dry	23
dst	23
ddr	22
oun	22
laz	22
dwy	22
vyf	22
vio	22
fot	22
fke	22
fsp	22
tyl	22
anz	22
vou	22
lfm	22
yfe	22
mui	22
nom	22
eig	22
eut	22
try	22
sos	22
egl	22
tsl	22
ile	22
oul	22
uut	22
not	22
dul	22
edu	22
ket	22
gve	22
yge	22
wed	22
ala	22
lak	22
mcb	21
hot	21
ntd	21
tde	21
oda	21
hau	21
nmo	21
aba	21
phi	21
env	21
wyf	21
oru	21
syn	21
alo	21
ves	21
duc	21
rbi	21
rwo	21
gha	21
hro	21
dol	21
itz	21
nek	21
avo	21
smo	21
rvl	21
uip	21
afd	21
bas	21
nen	21
bbe	21
imp	21
mpi	21
kti	21
elb	21
azl	20
zlo	20
cbr	20
zod	20
byn	20
way	20
rch	20
tvi	20
dia	20
fmo	20
lys	20
suk	20
rly	20
dur	20
opb	20
isd	20
ngi	20
ror	20
pit	20
ydi	20
yan	20
ntb	20
isa	20
ofe	20
uff	20
ags	20
orp	20
ebi	20
opr	20
rim	20
imi	20
ggi	20
nsa	20
tsp	20
wre	20
ery	20
nho	20
rri	20
eto	20
ndg	20
niq	19
iqu	19
imu	19
lfr	19
apa	19
buu	19
bab	19
heb	19
wra	19
hil	19
tva	19
pal	19
bus	19
gtu	19
sir	19
epi	19
ugk	19
tif	19
ryd	19
ppo	19
ept	19
mst	19
iaa	19
sji	19
pot	19
ref	19
egv	19
rbr	19
abs	19
sha	19
etu	19
agi	19
ole	19
mut	18
omt	18
jos	18
dav	18
kêr	18
nêr	18
gau	18
nsd	18
gne	18
ipe	18
jag	18
uck	18
oge	18
gar	18
vya	18
amg	18
huu	18
kni	18
juf	18
eff	18
tso	18
rry	18
enu	18
tof	18
ryw	18
nal	18
nba	18
ima	18
rbl	18
anh	18
rgr	18
rog	18
ilo	18
dez	17
cod	17
dex	17
adn	17
dni	17
ayn	17
pun	17
ofl	17
onh	17
nbi	17
egn	17
jal	17
ida	17
tip	17
sad	17
ues	17
ilm	17
hos	17
uus	17
thr	17
nla	17
evl	17
esd	17
byt	17
ams	17
eku	17
fes	17
emb	17
sfe	17
abo	17
fon	17
kok	17
ech	17
bod	17
ieë	17
ogs	17
kak	17
aer	17
edd	17
rth	17
sim	17
pat	17
ksk	17
atj	17
amb	17
mit	17
eep	17
urk	17
bét	16
éth	16
alr	16
lre	16
mtr	16
cit	16
yli	16
ndm	16
gof	16
aul	16
adr	16
imo	16
mom	16
lêe	16
êer	16
via	16
mig	16
tga	16
eaa	16
asp	16
lho	16
inf	16
ano	16
gon	16
eul	16
sny	16
nap	16
mbe	16
wij	16
pru	16
yke	16
gat	16
efs	16
tha	16
yds	16
api	16
gkr	16
enb	16
nkl	16
neg	16
esw	16
gor	16
bok	16
ity	15
dié	15
ssl	15
uar	15
lga	15
pau	15
lti	15
ikl	15
opd	15
pdr	15
tsv	15
das	15
jeu	15
huw	15
ais	15
fgh	15
lta	15
abi	15
obi	15
opv	15
lsp	15
kik	15
kod	15
fni	15
ael	15
gui	15
alg	15
sik	15
hol	15
ldr	15
lyf	15
elw	15
jac	15
dep	15
ich	15
ryg	15
flu	15
tow	15
tle	15
euk	15
ril	15
rwi	15
pig	15
nme	15
com	15
psi	15
she	15
ebn	14
bne	14
jui	14
dme	14
kav	14
ogh	14
opm	14
ync	14
pba	14
jer	14
rmu	14
sde	14
pou	14
nkb	14
elv	14
osp	14
oft	14
rvi	14
lfo	14
ipp	14
git	14
nre	14
mac	14
osa	14
ppy	14
lsk	14
ovi	14
ptr	14
pub	14
ubl	14
olt	14
mbu	14
ned	14
hac	14
asj	14
ndt	14
ywe	14
lau	14
det	14
mmu	14
sas	14
sat	14
nha	14
ham	14
rkw	14
twi	14
set	14
utt	14
lab	14
itk	14
rvr	14
eak	14
epu	14
ltj	14
teg	14
eba	14
mba	14
lja	14
dwe	14
mpt	14
rev	14
olu	14
tur	14
itb	14
isl	14
pil	14
wis	14
fle	14
gua	13
euh	13
bug	13
ggy	13
vsa	13
aze	13
aut	13
dga	13
itu	13
iml	13
lah	13
rsd	13
jur	13
aur	13
loi	13
wyd	13
ips	13
rtg	13
tye	13
elh	13
dlo	13
eth	13
onr	13
owi	13
ask	13
imt	13
tag	13
urm	13
sso	13
law	13
bit	13
peu	13
ikb	13
uge	13
nui	13
ria	13
sbr	13
gol	13
olw	13
bad	13
ean	13
agl	13
itl	13
wyk	13
ick	13
asv	13
aka	13
obb	13
shi	13
vru	13
ivi	13
rkr	13
uma	13
upp	13
gbr	13
apo	13
euw	13
oti	13
ail	13
usk	13
mbo	13
ioe	13
anm	13
mbr	13
col	13
tok	13
eja	13
tje	13
bak	13
haz	12
zes	12
fbi	12
pma	12
thi	12
sdo	12
uas	12
mol	12
nkt	12
rmy	12
sea	12
vog	12
hub	12
ube	12
jet	12
dew	12
def	12
dka	12
liv	12
vit	12
iot	12
upe	12
ikt	12
cre	12
lto	12
anu	12
vur	12
nsm	12
mok	12
bot	12
abr	12
ëer	12
kma	12
lst	12
anl	12
bea	12
fyn	12
flo	12
geu	12
mod	12
vak	12
oro	12
fga	12
kno	12
row	12
kud	12
cor	12
vet	12
hof	12
nwo	12
agm	12
klu	12
imm	12
lia	12
ito	12
ërs	12
haw	12
jak	12
evu	12
ald	12
opk	12
gea	12
sbo	12
ogr	12
opn	12
yst	12
dea	12
eau	12
ono	12
rpe	12
itr	12
tua	11
efg	11
mla	11
urf	11
fau	11
cin	11
yus	11
lil	11
cky	11
avy	11
têr	11
rvu	11
kai	11
yhe	11
lyd	11
raw	11
sup	11
tno	11
deb	11
atm	11
dak	11
nno	11
gom	11
gad	11
smi	11
rië	11
lëe	11
bid	11
sra	11
hoë	11
mko	11
bog	11
ndj	11
nny	11
oke	11
kwi	11
tme	11
lid	11
mir	11
afw	11
epo	11
tou	11
dos	11
ack	11
sug	11
put	11
amd	11
esv	11
omh	11
mhe	11
add	11
tol	11
dev	11
oeb	11
sbe	11
agd	11
tvo	11
rëe	11
asg	11
sne	11
nbr	11
afl	11
gba	11
ksy	10
liè	10
ièr	10
ère	10
itê	10
châ	10
hât	10
âti	10
ugu	10
akh	10
lvo	10
ryh	10
tda	10
alh	10
ajo	10
eon	10
rdl	10
hte	10
tby	10
mga	10
pva	10
etn	10
gly	10
afn	10
tep	10
acu	10
nka	10
gab	10
mur	10
tyg	10
egu	10
zon	10
orh	10
rsm	10
gaw	10
ety	10
omk	10
cam	10
dko	10
enc	10
nmi	10
dbe	10
lfg	10
sho	10
kaf	10
toi	10
itm	10
seë	10
udo	10
mwe	10
adu	10
orv	10
yla	10
ntu	10
snu	10
pog	10
erj	10
tla	10
ysi	10
eag	10
hum	10
dsa	10
ndv	10
rup	10
odj	10
inv	10
car	10
ath	10
etw	10
elg	10
lds	10
clo	10
bej	10
ium	10
kes	10
afh	10
mpl	10
nwe	10
mpo	10
unk	10
nop	10
hug	9
joj	9
ojo	9
zoë	9
ecn	9
cna	9
sew	9
otd	9
nsy	9
joo	9
lhu	9
eyd	9
etc	9
tch	9
nfo	9
sab	9
kay	9
ias	9
pid	9
ffr	9
awa	9
mau	9
yvo	9
reo	9
eog	9
uwi	9
nos	9
gif	9
rec	9
dte	9
uts	9
vui	9
ofd	9
eïn	9
tkl	9
pop	9
svr	9
ngt	9
oth	9
pep	9
heg	9
auw	9
fik	9
wem	9
inh	9
onu	9
wik	9
whi	9
amw	9
asm	9
wyt	9
con	9
plu	9
jap	9
fwe	9
tko	9
leë	9
suu	9
rja	9
swy	9
anw	9
fei	9
ldo	9
fri	9
iër	9
utj	9
ads	9
uto	9
non	9
rod	9
gse	9
inw	9
kka	9
kis	9
tab	9
isv	9
sow	9
ift	9
oui	9
urb	9
byg	9
ave	9
tne	9
iee	9
lwa	9
gme	9
fha	9
sst	9
pna	9
uel	9
swi	9
fan	9
ndb	9
gsa	9
ici	9
enl	9
mpf	8
odr	8
vod	8
odk	8
pye	8
ivo	8
vov	8
lmt	8
upi	8
ido	8
osf	8
byv	8
gru	8
rub	8
ubi	8
eev	8
kuw	8
iël	8
urr	8
isr	8
iko	8
rtk	8
ewu	8
wus	8
kum	8
zen	8
yni	8
sur	8
kot	8
ntk	8
geï	8
sdr	8
rau	8
omr	8
enr	8
hef	8
rar	8
lms	8
nso	8
enw	8
eky	8
skl	8
rsu	8
atl	8
ems	8
pio	8
sog	8
aha	8
aye	8
tec	8
tja	8
afk	8
dmo	8
kge	8
odu	8
sba	8
kut	8
tac	8
uta	8
pir	8
nia	8
ekw	8
oër	8
fdr	8
tbr	8
fla	8
rsn	8
eps	8
opw	8
owa	8
erc	8
agn	8
ppa	8
dsb	8
ula	8
nip	8
rov	8
lel	8
ktr	8
ltu	8
ked	8
teh	8
rks	8
onw	8
lba	8
egd	8
isb	8
isp	8
teb	8
osh	8
pul	8
nwa	8
ieb	8
rac	8
igb	8
ddi	8
tob	7
bia	7
kup	7
jso	7
soc	7
tsn	7
aup	7
vik	7
cms	7
fhê	7
nec	7
gwi	7
ijd	7
jde	7
rsf	7
vab	7
fal	7
evy	7
rgs	7
nzl	7
ikm	7
nly	7
blu	7
tlo	7
uti	7
dwi	7
edk	7
jas	7
gid	7
atz	7
tze	7
edb	7
gut	7
ted	7
enj	7
deg	7
bsu	7
tke	7
oin	7
jin	7
tbl	7
agb	7
nfr	7
inc	7
lmo	7
eft	7
oha	7
roc	7
och	7
oir	7
irs	7
ley	7
gmo	7
amu	7
ekn	7
mha	7
sot	7
apl	7
imb	7
bol	7
eëi	7
div	7
otl	7
guu	7
tma	7
oil	7
oja	7
dou	7
oub	7
yns	7
olm	7
kir	7
rds	7
inm	7
ywi	7
bat	7
wur	7
laf	7
egb	7
faa	7
yks	7
esn	7
gno	7
lië	7
ado	7
ndl	7
itd	7
ttr	7
tet	7
rtl	7
kho	7
tsg	7
kne	7
teë	7
gef	7
itn	7
esh	7
gva	7
nit	7
his	7
inb	7
lka	7
gle	7
lhe	7
itj	7
afi	7
ndw	7
gsg	7
aps	7
onf	7
adv	7
ica	7
psp	7
rpa	7
dvo	7
ims	7
ijn	7
asa	7
lav	7
fas	7
uba	7
osk	7
kta	7
dod	7
eal	7
rps	7
sië	7
sdi	7
soi	6
osc	6
tsu	6
suy	6
uyk	6
oug	6
ugo	6
hgw	6
ifn	6
goû	6
oût	6
cun	6
uda	6
obr	6
fsb	6
ray	6
gop	6
dna	6
riz	6
izo	6
web	6
yua	6
uan	6
who	6
hoa	6
mej	6
eiv	6
msa	6
beï	6
opa	6
agr	6
mey	6
eyn	6
emt	6
byl	6
lwi	6
alz	6
lft	6
acq	6
cqu	6
wae	6
irm	6
jee	6
naf	6
tto	6
aum	6
dub	6
ubb	6
gke	6
kwy	6
vil	6
arw	6
aca	6
byk	6
fti	6
mem	6
moi	6
lki	6
aes	6
amn	6
tov	6
fuu	6
ice	6
pag	6
agh	6
gae	6
pys	6
ysk	6
nua	6
rtd	6
nië	6
rdy	6
beë	6
ëin	6
pyp	6
cia	6
dië	6
dsy	6
ofi	6
fig	6
igu	6
ugh	6
llu	6
cap	6
loj	6
jen	6
duk	6
duw	6
tka	6
bag	6
nvl	6
mou	6
otg	6
rdk	6
svo	6
oum	6
rul	6
has	6
roë	6
osl	6
usa	6
pse	6
bso	6
luu	6
ear	6
gtr	6
tir	6
kpl	6
pvo	6
yer	6
rce	6
lgo	6
ngu	6
pko	6
rkt	6
eup	6
nic	6
ico	6
lks	6
tiv	6
afr	6
dmi	6
okr	6
pui	6
itw	6
ukt	6
msi	6
chn	6
bil	6
tve	6
ipt	6
umm	6
rut	6
kyf	6
erz	6
sno	6
igr	6
nac	6
ace	6
ëel	6
spl	6
nei	6
geë	6
rgo	6
rew	6
fun	6
rfy	6
jek	6
ius	6
ura	6
aki	6
dic	6
uee	6
ign	6
chu	6
rpr	6
sgr	6
odd	6
ugs	6
iën	6
abe	6
sil	6
itp	6
hak	6
usp	6
edh	5
lff	5
ykb	5
ulc	5
lca	5
mew	5
ïnd	5
pyw	5
ywa	5
hag	5
ckl	5
bbi	5
naw	5
gto	5
mto	5
fed	5
lzk	5
zka	5
viv	5
fdh	5
pok	5
uwa	5
hup	5
fir	5
ïde	5
roy	5
sok	5
uds	5
nri	5
usw	5
yko	5
teo	5
wye	5
ouv	5
jaw	5
mne	5
tax	5
pyl	5
cki	5
kha	5
ksn	5
lwy	5
tum	5
ëlt	5
nuf	5
amt	5
apk	5
pka	5
emh	5
wyg	5
tyt	5
ggr	5
wad	5
wac	5
new	5
ëlh	5
cry	5
umo	5
uls	5
lex	5
etk	5
elê	5
rlê	5
dly	5
ëni	5
ddo	5
jor	5
yte	5
lep	5
chw	5
juw	5
egm	5
tdr	5
nef	5
pne	5
lye	5
tly	5
yfs	5
amk	5
kuu	5
zec	5
tvl	5
ugb	5
sni	5
adm	5
zoe	5
shu	5
ryl	5
ssy	5
rhi	5
lsi	5
tba	5
ipl	5
lbl	5
mps	5
mlo	5
wwe	5
pbo	5
ifo	5
yfi	5
dei	5
irt	5
kit	5
hek	5
tav	5
bob	5
kje	5
etg	5
nsw	5
npa	5
arp	5
tta	5
rno	5
ums	5
iga	5
gho	5
ynd	5
riu	5
ëen	5
reb	5
ish	5
roj	5
oje	5
pei	5
fab	5
ump	5
rer	5
fak	5
ngo	5
iev	5
tpa	5
pbr	5
tew	5
gna	5
isg	5
nch	5
sip	5
rip	5
gsl	5
gul	5
oks	5
wam	5
pti	5
spu	5
ils	5
ock	5
meu	5
mbi	5
amo	5
nae	5
hai	5
dsl	5
ekh	5
ofg	4
eïd	4
rsj	4
sje	4
eij	4
iji	4
lir	4
elc	4
lco	4
pup	4
mri	4
mru	4
nck	4
ipv	4
fok	4
rez	4
wau	4
aph	4
haë	4
aël	4
ëll	4
rwê	4
cgu	4
uir	4
uve	4
noh	4
nky	4
sms	4
eyl	4
kab	4
axi	4
nss	4
hur	4
kaz	4
azm	4
zmi	4
dai	4
ily	4
lfu	4
ndy	4
luo	4
uoo	4
coo	4
lal	4
ytj	4
tym	4
isz	4
idu	4
ype	4
gni	4
ikr	4
lha	4
tos	4
gsp	4
fko	4
uzz	4
zzi	4
ilb	4
dud	4
fsu	4
vic	4
exa	4
sid	4
aru	4
cat	4
esb	4
rpo	4
lgr	4
tsj	4
sjo	4
ksa	4
irg	4
rtb	4
tyn	4
pwi	4
nol	4
hes	4
ekp	4
agw	4
sci	4
cil	4
nsc	4
ilg	4
fse	4
dsp	4
fje	4
loc	4
hov	4
diu	4
arf	4
rfu	4
uum	4
eco	4
cou	4
edg	4
ped	4
rkh	4
mic	4
hah	4
chl	4
ydp	4
odb	4
urn	4
niv	4
uty	4
ktu	4
mul	4
olh	4
uuk	4
agv	4
uja	4
dgo	4
ugv	4
kbo	4
yme	4
yda	4
rsc	4
did	4
rlu	4
omv	4
pso	4
maf	4
ouh	4
uhe	4
lif	4
tdu	4
kwo	4
ipi	4
upl	4
kna	4
got	4
lio	4
kko	4
bye	4
dvi	4
jim	4
aco	4
cos	4
sic	4
may	4
sum	4
wep	4
anp	4
noi	4
dto	4
rib	4
vok	4
nif	4
osw	4
ndp	4
tai	4
lib	4
hir	4
dba	4
fka	4
ciu	4
osb	4
gia	4
orf	4
hok	4
bul	4
onj	4
sap	4
unn	4
mle	4
sfa	4
rdj	4
dvl	4
ntt	4
adj	4
ect	4
ndd	4
ijs	4
zwa	4
idg	4
nus	4
rhu	4
rij	4
ebb	4
ouw	4
gdi	4
rky	4
alu	4
cas	4
ijf	4
kew	4
run	4
irk	4
oko	4
ogd	4
nlo	4
cie	4
ïne	4
gsr	4
lij	4
lum	4
tbe	4
psk	4
ënt	4
tkr	4
urp	4
alj	4
ogn	4
osm	4
iat	4
edt	4
mpu	4
lod	4
our	4
ugl	4
ijk	4
uag	3
rgg	3
tdi	3
amy	3
szt	3
stw	3
nwy	3
dyn	3
iao	3
jel	3
hay	3
okl	3
guy	3
iad	3
uct	3
nah	3
psl	3
étu	3
koa	3
oal	3
bir	3
iri	3
sye	3
cuz	3
tod	3
ldm	3
ikg	3
ict	3
cto	3
asl	3
fne	3
xan	3
alp	3
lph	3
dva	3
ubt	3
eea	3
rfk	3
fkw	3
ydm	3
ykd	3
kdo	3
mta	3
tsb	3
fgo	3
rmt	3
jov	3
ldw	3
rwu	3
okw	3
afa	3
fay	3
yet	3
xia	3
thc	3
hco	3
sht	3
hta	3
oea	3
pkl	3
hew	3
own	3
brë	3
rsb	3
ady	3
hwa	3
kob	3
heo	3
lln	3
egj	3
gja	3
gwo	3
obs	3
bse	3
dlu	3
één	3
ced	3
nmô	3
ofr	3
gnè	3
nès	3
hoh	3
ohe	3
wew	3
tsr	3
ibe	3
aux	3
ouk	3
kda	3
nwi	3
usl	3
dpo	3
dbu	3
yfl	3
yga	3
pwe	3
hav	3
ney	3
tbu	3
rnu	3
enê	3
irc	3
hne	3
ogm	3
ovo	3
exi	3
awi	3
owj	3
wje	3
key	3
dip	3
svy	3
oki	3
mug	3
lpe	3
ilh	3
rml	3
mva	3
gsi	3
fba	3
aid	3
ibi	3
aww	3
lsn	3
kem	3
lfi	3
rdh	3
hme	3
tsa	3
eht	3
ngb	3
gbe	3
tut	3
wir	3
gta	3
lyp	3
nul	3
cea	3
ukw	3
ysg	3
lgi	3
gië	3
myl	3
dow	3
yee	3
mmy	3
pyr	3
yro	3
tia	3
oux	3
ysp	3
iom	3
omf	3
pur	3
cel	3
ykh	3
num	3
tni	3
rtn	3
joh	3
lpv	3
odo	3
oiw	3
ldt	3
nco	3
uch	3
naï	3
adk	3
nkh	3
ysh	3
eam	3
gus	3
efa	3
rgm	3
syf	3
pja	3
dpa	3
fso	3
ibr	3
ipu	3
mog	3
lbu	3
eïs	3
lay	3
rgp	3
apn	3
dso	3
rai	3
uva	3
sbu	3
due	3
uet	3
edj	3
ënd	3
tki	3
rfi	3
nji	3
ulo	3
yka	3
meg	3
rdv	3
isf	3
ntg	3
tgl	3
sgo	3
cen	3
otz	3
zak	3
boy	3
sif	3
lfv	3
sar	3
ddu	3
otv	3
lic	3
rtw	3
tiw	3
iwi	3
osg	3
cra	3
ksg	3
pda	3
lfb	3
fbe	3
alv	3
lvi	3
adg	3
eew	3
hab	3
ggo	3
hts	3
ols	3
pik	3
deo	3
eub	3
fve	3
air	3
onê	3
rdm	3
bst	3
zie	3
ezi	3
kog	3
ltr	3
ijt	3
far	3
ekb	3
mpr	3
apb	3
gum	3
tue	3
ngv	3
rfl	3
éli	3
lje	3
cro	3
ruï	3
uïn	3
isu	3
nku	3
kve	3
onc	3
bys	3
icc	3
cco	3
sly	3
dsw	3
fgr	3
lve	3
dbo	3
rur	3
cul	3
iku	3
ndu	3
sëe	3
dsd	3
igd	3
sac	3
akp	3
onp	3
odl	3
rsy	3
dsi	3
nfi	3
fwa	3
tna	3
ebu	3
rpi	3
psw	3
zig	3
hap	3
fic	3
olv	3
sre	3
rpy	3
akm	3
dwo	3
yre	3
apr	3
pea	3
edw	3
pic	3
gsm	3
ére	3
fol	3
sry	2
efw	2
fwê	2
sib	2
efj	2
ocl	2
ykt	2
kty	2
wow	2
sté	2
tép	2
éph	2
feë	2
eët	2
ëtj	2
msv	2
dgr	2
ikd	2
wic	2
eëd	2
ëdi	2
ahn	2
skn	2
ksl	2
slë	2
atc	2
ecu	2
cuk	2
hle	2
bec	2
bic	2
say	2
tuf	2
you	2
msp	2
mho	2
rgd	2
nvr	2
hys	2
ouj	2
efn	2
xit	2
dye	2
kaw	2
max	2
zoé	2
hlo	2
bym	2
atv	2
dap	2
vam	2
hod	2
dsv	2
gbo	2
ufr	2
job	2
mke	2
ofb	2
nib	2
eny	2
lts	2
fia	2
ugm	2
shm	2
ofm	2
fma	2
glü	2
lüc	2
ück	2
avr	2
tür	2
uev	2
bsc	2
weh	2
nvu	2
pom	2
dgl	2
emy	2
ypl	2
bib	2
ibl	2
eae	2
fao	2
aor	2
rfs	2
kjs	2
mmm	2
ynb	2
yle	2
psu	2
apg	2
syh	2
yho	2
ksp	2
nfl	2
zee	2
mku	2
ntn	2
cop	2
fsi	2
hni	2
rkj	2
urc	2
rzo	2
epy	2
ayd	2
day	2
sjt	2
jto	2
ght	2
htn	2
nuk	2
tgr	2
mdr	2
fmi	2
yfd	2
pvi	2
lvl	2
elr	2
lru	2
ltw	2
jem	2
kaï	2
aïr	2
ïro	2
buc	2
ife	2
aik	2
luj	2
aïf	2
ffo	2
hwe	2
rdt	2
dtl	2
rdb	2
dbr	2
jne	2
apj	2
nle	2
noa	2
oag	2
lgt	2
isy	2
teï	2
ïst	2
ayt	2
yto	2
ilp	2
lpl	2
gpi	2
ppé	2
pét	2
éti	2
nvi	2
wif	2
pié	2
iég	2
égn	2
irr	2
duv	2
dpe	2
poi	2
rgl	2
mep	2
uwl	2
wla	2
ior	2
igl	2
atk	2
iln	2
lna	2
cee	2
jif	2
loz	2
ldh	2
ofp	2
fpy	2
esy	2
oey	2
dve	2
ryt	2
ytu	2
pky	2
mao	2
tau	2
dje	2
jec	2
cti	2
xtr	2
msc	2
tza	2
sex	2
fvo	2
roa	2
oad	2
dun	2
ext	2
fru	2
iam	2
eml	2
mli	2
lku	2
ioa	2
oak	2
gez	2
zaa	2
ndk	2
cri	2
mso	2
nkw	2
hus	2
deh	2
acr	2
dha	2
eëv	2
urh	2
zer	2
upd	2
exp	2
rdd	2
luc	2
edm	2
ksb	2
tsc	2
isc	2
aft	2
hev	2
gwe	2
dêr	2
hut	2
nry	2
oce	2
etp	2
ssk	2
can	2
aml	2
lue	2
loë	2
oën	2
ogv	2
tbi	2
cij	2
jfe	2
anr	2
nra	2
fto	2
nbl	2
ijg	2
ewê	2
rah	2
tgo	2
akb	2
nkg	2
ksm	2
lmb	2
rsg	2
qui	2
akj	2
jun	2
nzo	2
zoo	2
ece	2
ead	2
seg	2
dec	2
cus	2
keb	2
okv	2
mve	2
ëns	2
ogu	2
dsu	2
oso	2
nev	2
lac	2
gys	2
lev	2
bow	2
enz	2
nup	2
oëe	2
cer	2
daw	2
nkp	2
kpo	2
fat	2
dvr	2
ché	2
byd	2
zar	2
sai	2
umb	2
ysl	2
tul	2
dua	2
ueh	2
fkr	2
tef	2
ksd	2
pam	2
ahr	2
hre	2
isw	2
lbo	2
fem	2
otj	2
shh	2
gej	2
rmh	2
zit	2
rza	2
rsh	2
ush	2
kpe	2
zuu	2
rab	2
oly	2
ygr	2
maz	2
azo	2
npl	2
thy	2
nhu	2
syd	2
ogl	2
rku	2
ulê	2
lêr	2
ële	2
ugp	2
gpy	2
hip	2
rru	2
how	2
ngd	2
gdu	2
phe	2
uke	2
oww	2
oml	2
omo	2
mae	2
mob	2
eip	2
khu	2
ckt	2
tpr	2
gim	2
lva	2
fsl	2
lfj	2
eas	2
msk	2
gso	2
cad	2
dke	2
stl	2
etl	2
eud	2
nbu	2
lut	2
oeh	2
ukm	2
rtm	2
lvr	2
rfo	2
gur	2
hat	2
tyk	2
lmp	2
rfr	2
neb	2
axe	2
lsm	2
tlu	2
muk	2
cot	2
aff	2
nsv	2
uno	2
vly	2
lea	2
ved	2
amh	2
ysb	2
ryn	2
ngk	2
efk	2
ypo	2
gdo	2
aqu	2
eux	2
iol	2
hae	2
pme	2
sbl	2
bac	2
gsf	2
gap	2
sub	2
ubs	2
gsb	2
byr	2
afb	2
rpt	2
smy	2
myt	2
yfw	2
ekd	2
kde	2
esë	2
gog	2
ofh	2
pyk	2
gvl	2
kdi	2
hao	2
gvu	2
ibo	2
bam	2
uku	2
ofv	2
iér	2
sys	2
mop	2
iru	2
pia	2
mij	2
rkn	2
nim	2
feï	2
ual	2
icu	2
lfp	2
ako	2
fsa	2
ctr	2
bof	2
nak	2
onz	1
nzi	1
zif	1
ifr	1
amv	1
mvo	1
ruu	1
riy	1
iya	1
yad	1
atp	1
vys	1
ecr	1
fox	1
oxt	1
vev	1
ebs	1
saf	1
sej	1
syl	1
yly	1
cow	1
owb	1
wbo	1
exy	1
mti	1
dum	1
skw	1
iut	1
kev	1
cli	1
pnu	1
htv	1
eze	1
zel	1
squ	1
qua	1
uad	1
adz	1
dza	1
cum	1
lub	1
aci	1
cip	1
sga	1
udr	1
oxy	1
xyr	1
yri	1
bya	1
neh	1
ijl	1
jlh	1
fdi	1
ksc	1
ëis	1
ehi	1
msu	1
ulf	1
lfa	1
liu	1
ekm	1
stv	1
ëvi	1
niu	1
pwa	1
msl	1
dsn	1
bio	1
kag	1
lfl	1
xpa	1
iag	1
uci	1
jsp	1
exo	1
xot	1
oky	1
ayi	1
yim	1
ugw	1
caf	1
rdê	1
awr	1
iho	1
mrs	1
olb	1
stj	1
tjo	1
ttj	1
hec	1
htt	1
psc	1
hij	1
bue	1
rck	1
opu	1
vec	1
tss	1
ëva	1
jed	1
buf	1
rct	1
tic	1
rci	1
rfv	1
zwi	1
jge	1
iod	1
fwy	1
lud	1
udl	1
wri	1
act	1
htw	1
fut	1
utu	1
ugz	1
gzi	1
etv	1
byh	1
aga	1
enp	1
npo	1
ldd	1
rzw	1
axa	1
xat	1
ufo	1
rss	1
teq	1
equ	1
img	1
ncy	1
raj	1
cte	1
mch	1
psa	1
upz	1
pza	1
jtr	1
nju	1
doc	1
hië	1
roï	1
oïd	1
jij	1
inz	1
kib	1
bbo	1
utr	1
hyp	1
inj	1
ërf	1
lpb	1
kbr	1
mex	1
xic	1
scu	1
rsv	1
hmm	1
kva	1
yor	1
noë	1
esg	1
hél	1
élè	1
lèn	1
ène	1
ooh	1
eby	1
ekg	1
gth	1
fél	1
rkk	1
elj	1
roi	1
oix	1
fum	1
imf	1
mfo	1
sze	1
ukg	1
brd	1
yld	1
srë	1
ows	1
wsk	1
chs	1
hst	1
lpu	1
knu	1
akv	1
acc	1
cca	1
lsl	1
nns	1
nsf	1
wun	1
oee	1
wid	1
tyf	1
eei	1
edv	1
puu	1
uug	1
ënk	1
dét	1
éta	1
nkv	1
kvo	1
omy	1
ydr	1
moz	1
oza	1
amr	1
mry	1
fur	1
ngl	1
bun	1
ung	1
afu	1
fug	1
ynk	1
tky	1
toc	1
jub	1
asf	1
byw	1
ywo	1
nfy	1
fyt	1
lsu	1
sun	1
gpa	1
vêr	1
êrk	1
ulz	1
lze	1
rkp	1
aaz	1
kub	1
euu	1
rtp	1
fah	1
siu	1
ksh	1
zea	1
swo	1
bis	1
euf	1
ufe	1
utk	1
rdp	1
pbe	1
ulr	1
lri	1
rcu	1
ldn	1
dno	1
biz	1
iza	1
dob	1
adw	1
gsh	1
omé	1
méd	1
édi	1
mdh	1
rkb	1
gsw	1
gip	1
nsh	1
orc	1
rca	1
kim	1
ntf	1
tfe	1
ptu	1
uun	1
otw	1
sae	1
bez	1
cob	1
atw	1
rmd	1
tvr	1
tzo	1
cov	1
uwp	1
wpr	1
baj	1
umv	1
vib	1
imd	1
mdo	1
rue	1
ekj	1
ksw	1
cks	1
cei	1
bsy	1
arj	1
rji	1
azu	1
zul	1
eëm	1
ëmi	1
nai	1
lyg	1
ogy	1
gyn	1
sts	1
ikv	1
kvr	1
wom	1
nym	1
ymo	1
oez	1
ezo	1
msb	1
dov	1
eïm	1
ïmp	1
ryb	1
ybe	1
ypb	1
rgf	1
gfi	1
lso	1
nlê	1
tzk	1
zkr	1
roh	1
yum	1
iov	1
ova	1
gym	1
lym	1
tij	1
jnv	1
hic	1
cag	1
mia	1
yav	1
avn	1
vne	1
urv	1
jgs	1
afp	1
fpe	1
wea	1
hhh	1
dla	1
tyw	1
ckp	1
adp	1
dpl	1
otr	1
lwo	1
agz	1
gzu	1
lpi	1
ckv	1
kvi	1
ygs	1
nix	1
ixo	1
xon	1
dty	1
rnw	1
otu	1
ics	1
uii	1
iis	1
eys	1
byb	1
ybr	1
emv	1
mvr	1
odv	1
opf	1
jys	1
pus	1
ekv	1
bef	1
udj	1
ipz	1
pzi	1
lsw	1
kow	1
etb	1
zow	1
ovc	1
vco	1
coc	1
fja	1
fac	1
ipm	1
pmo	1
ojk	1
jka	1
asn	1
noj	1
opj	1
eic	1
nbo	1
lyw	1
kpr	1
ofa	1
faf	1
ppl	1
arx	1
lgl	1
igp	1
gpu	1
emk	1
inr	1
ptz	1
tzi	1
utn	1
jof	1
gam	1
ydb	1
igo	1
gos	1
eob	1
obo	1
nok	1
kia	1
dja	1
kmo	1
sfu	1
pêr	1
eyv	1
yva	1
vae	1
ykr	1
ddy	1
dky	1
nru	1
kyt	1
byf	1
gmô	1
ogo	1
hey	1
hym	1
zan	1
otm	1
uso	1
osv	1
ecc	1
cch	1
xel	1
tyv	1
gbl	1
aiv	1
ivu	1
pkr	1
nfe	1
ubo	1
lch	1
lng	1
kvl	1
sax	1
xer	1
ukl	1
omn	1
mna	1
wab	1
fit	1
udw	1
scr	1
bbl	1
iwa	1
sav	1
diz	1
ntê	1
rld	1
êrs	1
lpo	1
rfg	1
uga	1
ulv	1
atg	1
zai	1
rsw	1
rex	1
yng	1
kek	1
peg	1
rkd	1
joë	1
ynw	1
pât	1
âté	1
iwy	1
gki	1
ilw	1
rkv	1
xvi	1
tpu	1
ncs	1
ydj	1
ohn	1
hnn	1
jaq	1
doë	1
pél	1
swr	1
nóg	1
ewr	1
rgh	1
ghi	1
hiz	1
lur	1
ftr	1
oby	1
ynr	1
nro	1
tun	1
nov	1
vem	1
dof	1
fid	1
oys	1
mue	1
kys	1
sby	1
zla	1
aue	1
otb	1
sob	1
dby	1
dsr	1
ahu	1
gvi	1
mfe	1
ipk	1
laq	1
agu	1
apd	1
nsu	1
lmm	1
lmu	1
coi	1
nof	1
aïw	1
ïwe	1
odh	1
dhu	1
tys	1
tëe	1
ëes	1
hna	1
fty	1
tiu	1
fet	1
boë	1
gdr	1
dpy	1
iab	1
trë	1
now	1
egw	1
gwy	1
wui	1
eës	1
ëst	1
eëp	1
ëpa	1
ooe	1
nkd	1
yts	1
uzb	1
zbe	1
veb	1
nug	1
cal	1
aos	1
ldb	1
eye	1
igv	1
ltz	1
eeb	1
gsd	1
msh	1
gug	1
arz	1
zac	1
bêr	1
ieo	1
eoo	1
aib	1
abu	1
gaï	1
aïs	1
kth	1
vey	1
eyr	1
ghu	1
eju	1
lsb	1
fuk	1
him	1
nob	1
rmk	1
mka	1
ueb	1
akg	1
tsm	1
lié	1
uly	1
vek	1
tsy	1
fda	1
ivm	1
wot	1
esr	1
pew	1
stt	1
eén	1
igz	1
gza	1
zag	1
lmi	1
ïnv	1
hti	1
oyc	1
yce	1
nea	1
akd	1
sah	1
ulg	1
lgê	1
gêr	1
ugn	1
ndê	1
ngp	1
gpl	1
otk	1
kmi	1
fho	1
lpm	1
pmi	1
dup	1
ïns	1
imw	1
umg	1
mgr	1
udd	1
pkn	1
pac	1
rjo	1
ohi	1
hio	1
kic	1
ipa	1
gsz	1
szi	1
zij	1
moë	1
oib	1
iba	1
eïe	1
ïen	1
dsf	1
sfo	1
kpa	1
cél	1
ïnt	1
yki	1
myd	1
mié	1
vig	1
nsg	1
pof	1
lsh	1
evê	1
vêq	1
êqu	1
mté	1
tél	1
élé	1
béa	1
éat	1
poc	1
aku	1
kuz	1
eac	1
cbu	1
pai	1
aig	1
ïso	1
cru	1
ëlv	1
pum	1
mpk	1
pki	1
lyo	1
yon	1
mum	1
iki	1
goh	1
mcr	1
gny	1
cur	1
ulu	1
kug	1
mof	1
svl	1
fgu	1
urw	1
fta	1
nyd	1
aij	1
ija	1
dli	1
okp	1
ytm	1
gsu	1
ayb	1
ybo	1
fbo	1
kah	1
aho	1
nfa	1
xap	1
fpr	1
awu	1
wuz	1
uza	1
zap	1
apy	1
dkr	1
ful	1
dot	1
aaa	1
njo	1
mwo	1
sth	1
eif	1
iff	1
mmo	1
pty	1
rdn	1
dne	1
ooo	1
haf	1
fdo	1
osy	1
noc	1
rln	1
lzb	1
zbu	1
lün	1
üne	1
sss	1
tae	1
iow	1
obu	1
but	1
pec	1
ofj	1
dij	1
jns	1
eib	1
fva	1
lkr	1
raz	1
azi	1
pga	1
tbo	1
nkk	1
lec	1
koh	1
oho	1
ehy	1
dsg	1
weë	1
oim	1
mkr	1
eez	1
idw	1
oia	1
uep	1
nun	1
gei	1
kij	1
jke	1
eum	1
ykm	1
efv	1
fvl	1
otn	1
tid	1
yem	1
hep	1
nep	1
enf	1
etm	1
ruf	1
uft	1
fpa	1
rgv	1
kku	1
svi	1
chm	1
juh	1
uhu	1
aot	1
awo	1
tzh	1
kbe	1
veu	1
asc	1
sco	1
cog	1
sôe	1
dhy	1
hyg	1
ygi	1
omw	1
uic	1
ewp	1
wpo	1
xte	1
pér	1
dbl	1
xpl	1
sua	1
