que	79292
non	38140
est	37462
ent	29560
nte	25661
par	21313
sta	20270
mos	19039
ara	18048
con	17939
por	17507
com	16762
ado	15940
nha	15738
unh	15671
res	15574
des	15327
per	14466
ndo	14115
tra	13947
nos	13812
ión	13366
men	12575
ant	12384
dos	12265
lle	12097
and	11995
ade	11841
pre	11717
tar	11694
aba	11663
ida	11459
ada	11320
che	11220
ste	10842
ero	10574
nto	10548
stá	10166
era	10047
ist	10034
pod	9923
uer	9884
ció	9779
sto	9718
odo	9627
ter	9409
nde	9395
dad	9332
ran	9324
nta	9314
tod	9202
amo	9107
can	9078
llo	9035
eir	8809
tes	8769
ome	8761
ver	8711
ere	8680
ría	8597
ten	8223
ode	8196
ito	8141
ora	8043
ica	7997
omo	7962
ame	7930
car	7841
ita	7764
oit	7716
emo	7612
end	7428
ont	7403
iña	7374
aqu	7328
ese	7308
ron	7278
pro	7247
ben	7241
rec	7225
aci	7137
ira	7061
ser	7007
tos	7005
esp	7002
cer	6983
ort	6670
sen	6665
tan	6646
asa	6575
der	6560
ici	6555
áis	6439
cas	6439
das	6435
mái	6410
moi	6359
esc	6358
art	6325
mar	6325
are	6291
ntr	6277
all	6227
ace	6223
iso	6201
iro	6176
ece	6162
lla	6088
gra	6066
pol	6028
eño	6012
ais	5992
son	5967
ido	5944
tas	5930
rei	5920
gar	5919
ras	5883
nci	5838
man	5772
tam	5743
abe	5715
ela	5694
tro	5680
egu	5644
emp	5636
alg	5598
les	5588
ens	5581
cia	5560
nda	5545
mes	5533
lar	5503
xen	5501
ond	5485
esa	5419
cha	5402
vos	5400
sab	5391
ala	5390
rte	5379
ano	5377
quí	5370
ber	5350
meu	5328
cor	5290
ill	5277
fac	5245
ell	5223
ina	5180
tem	5159
rda	5116
ost	5095
seu	5047
den	5042
ata	5007
ola	4998
ren	4978
ros	4959
str	4920
mpo	4909
enc	4904
los	4890
erd	4849
dic	4832
erí	4830
bal	4803
mor	4773
eri	4770
eus	4760
rad	4731
nad	4701
tre	4674
ede	4670
sas	4662
súa	4653
miñ	4634
err	4614
rta	4613
pen	4611
ase	4609
int	4592
ema	4568
uen	4566
hai	4457
min	4448
out	4432
ous	4415
tiv	4405
ura	4399
rab	4390
olo	4379
pas	4374
ari	4350
sti	4343
mai	4335
ago	4326
nun	4324
for	4308
tou	4303
rar	4235
seg	4224
rre	4176
teñ	4136
tad	4123
ard	4108
bre	4107
cad	4090
oso	4084
tal	4084
ele	4074
ama	4071
nin	4053
ixe	4029
rra	4003
dei	4001
oll	3959
dar	3943
vol	3922
eit	3909
orr	3887
tab	3873
día	3861
tor	3858
aro	3849
utr	3839
ria	3838
eci	3834
rio	3814
pos	3811
cam	3808
ico	3774
fal	3770
ite	3743
igo	3742
obr	3740
deb	3710
dor	3697
ing	3677
osa	3668
ert	3666
bra	3666
alo	3663
qui	3654
gor	3640
nti	3615
oma	3591
las	3584
ale	3578
óns	3578
ven	3576
cio	3575
ces	3572
gue	3562
cre	3561
ato	3555
arr	3547
col	3545
spe	3542
ide	3538
mer	3537
mpr	3520
ami	3508
usa	3476
ime	3471
sar	3458
cal	3434
rto	3427
sei	3425
ons	3424
imo	3415
eme	3410
vai	3409
sco	3405
eno	3395
hes	3382
anc	3378
fic	3356
apa	3336
ore	3316
cos	3302
nsa	3290
fil	3279
ebe	3273
nse	3267
elo	3262
dis	3258
aga	3258
rem	3249
cid	3243
ect	3235
señ	3232
raz	3226
sem	3224
vid	3208
omp	3165
lor	3156
pri	3155
ust	3152
rde	3150
así	3149
imp	3144
ñor	3139
ali	3134
dem	3133
ixo	3119
ega	3115
nca	3108
rqu	3098
hom	3075
ona	3072
foi	3071
ixa	3057
esm	3020
ers	3005
ler	3003
ive	3003
mas	2983
ate	2972
gun	2971
unt	2960
cab	2940
aza	2934
eza	2931
und	2918
ord	2918
cou	2907
exa	2906
lem	2897
mat	2897
lic	2863
cen	2863
rim	2855
reg	2855
edi	2846
lan	2838
rme	2835
lev	2828
eix	2820
erm	2817
arí	2795
ble	2791
ios	2788
nas	2778
smo	2771
ima	2756
mel	2742
ori	2739
erá	2738
mal	2727
ban	2719
poi	2715
ías	2714
rac	2708
cir	2704
unc	2703
spo	2703
cul	2697
rma	2692
tic	2683
nov	2663
fer	2654
inc	2646
mun	2638
orq	2613
ete	2595
ast	2580
arc	2574
lad	2572
mil	2567
lgo	2559
dou	2557
ino	2552
esi	2536
ric	2522
ull	2507
ngu	2503
ses	2497
ans	2486
ana	2483
zas	2472
deu	2472
ion	2469
ach	2454
teu	2431
sin	2428
med	2423
cto	2420
olv	2418
nal	2418
ire	2391
sca	2382
tir	2378
dix	2365
oda	2362
coi	2359
ind	2359
aca	2357
ivo	2352
mir	2347
ena	2345
dia	2340
rea	2333
uro	2324
lme	2324
ili	2321
rat	2310
ted	2307
ham	2296
oñe	2292
gué	2288
cla	2287
mig	2276
bel	2276
dun	2274
rob	2270
ral	2266
amé	2261
uén	2258
eva	2254
reo	2243
viv	2242
heg	2231
bar	2229
uni	2226
sob	2225
tur	2205
axe	2204
ono	2199
ian	2198
orm	2196
ará	2192
vou	2188
ois	2185
dur	2185
cri	2173
ndi	2169
uga	2165
vez	2157
sió	2156
fix	2155
tel	2155
sos	2145
rti	2145
del	2145
lve	2138
aco	2136
mon	2136
san	2135
lta	2120
úas	2112
mén	2110
sol	2097
ern	2089
dir	2088
eña	2087
avo	2081
vel	2078
alm	2064
atr	2064
iza	2052
noi	2045
bri	2043
eta	2042
eda	2038
arm	2037
índ	2036
uto	2024
coa	2023
túa	2013
gui	2002
cho	2000
vir	1993
rdo	1992
rid	1986
lgu	1984
aos	1982
tán	1982
abr	1978
nar	1972
iga	1970
edo	1966
nes	1965
ume	1964
omi	1963
aín	1962
mei	1960
bes	1958
pec	1957
ote	1954
dec	1951
rso	1950
ivi	1949
nco	1946
pai	1933
gan	1926
asi	1923
ota	1917
uci	1913
tri	1904
ouc	1902
rch	1900
vis	1899
tás	1898
mul	1891
ogo	1884
cin	1883
len	1879
vas	1877
sal	1872
pou	1870
ves	1869
ram	1868
nce	1867
eli	1862
bas	1853
sex	1850
oci	1849
iño	1845
tei	1841
coñ	1840
tin	1840
bai	1834
act	1831
ret	1826
ris	1824
nic	1817
rro	1809
tom	1808
rib	1798
equ	1794
irm	1793
rou	1789
emb	1788
mbr	1787
sit	1784
gún	1780
aix	1780
uda	1780
dan	1779
ial	1777
tid	1776
dio	1759
rop	1756
tiñ	1746
xer	1741
soa	1736
rno	1729
bro	1728
val	1727
ias	1722
cía	1714
ían	1711
aso	1710
lia	1703
rep	1695
erv	1693
ech	1689
oca	1688
xei	1682
uel	1679
veñ	1673
lei	1673
gus	1672
iva	1666
hor	1664
fra	1663
ine	1662
var	1660
met	1658
mpa	1656
xar	1650
nós	1649
tac	1649
ich	1647
cat	1645
tim	1645
red	1644
lib	1634
rap	1627
alt	1627
nen	1625
cis	1624
ani	1623
lis	1616
lid	1612
ocu	1612
erc	1607
paz	1603
nis	1603
isi	1600
uco	1588
hab	1585
van	1578
gad	1572
bía	1571
cci	1571
ovo	1568
cel	1566
ula	1565
vin	1563
rse	1560
oid	1558
dea	1555
oas	1551
egr	1551
log	1546
rri	1540
mad	1539
rom	1531
ifi	1526
nai	1525
rev	1524
iad	1515
xud	1513
ued	1512
ien	1509
fin	1508
gas	1507
aña	1503
fun	1495
nza	1494
ole	1491
eco	1491
neg	1489
nac	1484
rás	1479
ego	1476
squ	1476
rit	1473
ñec	1472
amp	1471
gur	1466
rmi	1462
opi	1460
rer	1459
mit	1457
sup	1456
rin	1453
scu	1445
exp	1445
ati	1442
gos	1437
nso	1436
sid	1428
ova	1417
fai	1413
spa	1413
boa	1410
rna	1405
abo	1402
mpe	1401
opa	1400
top	1398
tón	1393
sad	1391
rán	1391
mpl	1388
uei	1381
isc	1379
vor	1377
oxe	1375
ini	1375
har	1373
isa	1368
oli	1366
pal	1358
lab	1352
evo	1352
ñen	1351
och	1350
adi	1348
rll	1347
iar	1346
nor	1344
nve	1343
abí	1340
zar	1334
nst	1333
bil	1323
ñas	1321
mañ	1318
use	1318
mba	1317
ila	1315
cur	1310
eal	1305
rmá	1300
cup	1295
pob	1291
lin	1286
mol	1286
nme	1285
sor	1275
alí	1272
ult	1266
efe	1263
pon	1262
pel	1261
far	1261
eso	1261
ang	1258
ane	1257
dif	1254
axu	1254
amb	1252
fav	1251
ins	1248
evi	1242
arl	1240
xec	1237
rel	1235
mán	1234
ues	1234
gre	1234
scr	1234
nsi	1233
tig	1226
nec	1218
ior	1216
omb	1214
iam	1209
cun	1208
ein	1205
eto	1203
ove	1201
lon	1199
ntó	1196
poñ	1193
lug	1186
nom	1180
oro	1180
fam	1180
gua	1179
sac	1177
exi	1173
anz	1169
ped	1166
ulo	1162
vec	1157
esq	1155
eñe	1154
upa	1151
liz	1149
iti	1148
rav	1148
ose	1147
pes	1144
dam	1144
ref	1144
tru	1142
xes	1137
duc	1130
rga	1130
itu	1128
upo	1127
sou	1126
uta	1124
cie	1122
oto	1120
did	1120
rmo	1119
zón	1117
oga	1107
nxe	1106
moz	1104
mis	1104
aio	1101
cap	1099
ave	1096
olt	1095
uar	1094
onv	1086
pac	1085
ibi	1084
axi	1083
olu	1076
exe	1076
his	1072
obe	1072
cti	1071
abi	1070
pra	1067
roc	1067
pat	1066
aia	1065
añá	1060
upe	1055
fei	1054
ilo	1054
ual	1053
bus	1053
adr	1049
tua	1048
obl	1047
azó	1047
bon	1046
cit	1045
ezo	1044
etr	1043
has	1040
icí	1039
rca	1038
chi	1037
pid	1035
ilm	1033
ars	1033
ene	1032
oub	1029
lgú	1026
sub	1026
obo	1023
ald	1023
imi	1022
rig	1018
hox	1017
ise	1015
pag	1014
omu	1013
pan	1012
rci	1011
ton	1010
uin	1009
inf	1008
ipo	1004
cil	1004
ile	1002
dra	1001
sic	1000
vam	998
nid	993
eis	992
cta	991
det	990
env	987
osi	984
oni	983
mez	982
dig	979
apr	974
ibe	971
uid	971
bat	968
áns	967
onf	965
peq	960
cem	960
tol	955
let	955
onc	954
nvi	946
epa	943
stu	941
ner	938
bot	937
rot	935
lac	933
lti	931
abl	931
saí	929
mbi	928
zad	928
inv	926
via	922
bor	922
ibr	920
pad	920
nim	919
mom	916
one	916
ába	913
sam	912
han	908
fre	907
loi	906
arg	903
sig	899
gal	899
isp	897
inu	896
orn	896
din	895
eve	895
uir	894
fór	892
luc	889
rod	889
pla	889
lam	888
rco	887
nll	887
ign	886
som	884
pap	883
ámo	882
coc	881
fag	881
lec	881
apo	879
una	875
pit	874
usc	873
sia	871
cac	870
nei	869
fes	869
uns	868
xam	867
opo	864
cua	863
oba	863
fas	861
iba	861
exo	860
igu	860
ecu	859
ann	857
ple	854
aut	853
pañ	852
nch	852
til	851
don	850
fan	849
pet	849
daq	848
arn	848
ube	848
ábe	847
vex	844
mid	843
trá	843
ibl	843
spi	841
ced	839
rol	838
gro	835
cip	835
óra	833
aís	831
tec	831
ñei	827
orz	826
ava	824
bam	823
sma	822
íbe	821
reu	820
pli	820
iñe	819
lqu	818
uri	818
org	818
max	815
mac	814
erg	814
rgu	814
pin	813
rez	813
émo	813
ulp	812
mam	810
orp	810
ape	809
año	807
alv	807
bli	806
áro	806
lva	805
soc	803
ude	802
até	801
rvi	801
rón	801
lim	801
tip	799
lit	799
ecc	798
xun	793
mod	790
alq	785
sis	784
ixi	784
ozo	783
lto	783
agr	783
sim	781
aug	780
uma	780
déi	779
xog	778
oce	777
rai	776
xér	774
qué	772
vem	772
atu	771
rtu	770
irá	770
rex	766
nat	763
bur	762
eti	762
éix	760
zos	756
nga	756
cra	755
nfe	751
oño	744
idi	744
dal	744
sme	744
her	743
paí	741
tea	741
vad	741
xan	739
cei	739
ism	739
íam	737
nif	736
azo	736
lón	734
eas	733
dit	732
bos	731
viñ	727
tud	727
avi	725
oco	725
fro	722
íti	722
ear	722
urm	721
nan	721
rie	714
put	713
nqu	713
lma	711
lda	710
eoc	710
oum	710
fec	709
ong	708
acc	708
pei	707
uil	706
fel	705
div	704
rce	702
mic	702
úni	699
eca	699
dom	698
ínt	697
pio	697
xas	697
dúa	696
últ	696
hum	696
nam	695
ñan	690
ope	690
asu	688
xus	686
odí	684
ñar	683
xem	682
anx	682
ecí	679
díx	674
sín	672
leg	672
aló	669
bir	669
eni	669
vio	667
dep	667
pun	666
clu	666
vit	666
ños	666
amá	665
old	660
ife	659
mov	659
lou	659
bez	658
ánd	658
ogr	652
lex	652
nel	651
enf	650
api	648
sec	648
rza	647
gañ	647
goc	646
ruí	646
rvo	645
odi	645
sai	643
rir	643
lix	641
bem	639
cep	639
xin	638
xis	637
emi	637
rdi	636
vil	631
nia	630
iqu	628
eim	628
rva	626
usi	626
oza	625
pia	624
plo	624
uno	621
pui	620
ndu	619
fon	618
rúa	617
lum	617
xpl	616
áma	615
cue	614
bei	614
hou	613
tit	613
éro	612
cus	611
nno	610
bia	610
oun	610
rgo	609
arv	606
vén	605
doc	605
ext	605
gob	604
our	604
nfo	604
sel	601
hon	598
cub	598
vós	597
lea	597
eor	595
iet	593
uti	592
fos	588
ngo	584
fot	584
uis	584
érc	583
riñ	582
uch	582
def	582
dre	580
lga	579
rae	577
esd	575
ngú	574
aus	573
lli	573
gou	572
dab	572
iri	571
ied	570
orc	570
gam	569
uec	567
toc	566
ril	565
nit	564
bid	563
ecl	560
beb	559
hos	558
sde	557
epr	556
rpo	555
sur	555
mem	552
ofe	552
rov	552
ciñ	551
fri	551
ail	549
ubo	548
lpa	548
cum	548
hei	547
iol	546
ead	546
lde	545
río	544
sil	543
efi	543
exé	542
nut	540
pis	539
gni	538
cib	537
lat	536
tis	536
tio	535
fen	535
úst	534
rof	534
uce	533
soñ	531
irí	529
orí	528
aer	528
áde	528
onm	526
odu	523
uit	523
acu	521
ice	520
utu	519
ofi	519
ceu	519
uba	519
pir	516
rne	515
ctu	515
dev	515
oña	514
onx	513
úns	512
asm	511
vie	509
dim	508
too	507
asc	507
xef	506
cru	505
apá	503
dez	503
uso	503
pul	503
sib	502
inm	501
bol	501
bom	500
uac	499
íxo	497
tía	497
izo	494
ipa	494
sce	493
dín	493
eic	493
gús	492
anq	492
lló	488
lpe	488
nfi	488
nni	487
uca	486
xir	486
ebr	485
ubr	484
ean	483
rog	482
fir	482
pez	482
íxe	481
ept	481
veu	479
nou	479
uiz	477
olí	477
net	477
vía	476
sci	475
rix	475
enr	474
sul	474
vac	473
lte	472
gol	470
ure	469
uxi	469
uxe	469
mou	468
sio	467
air	466
erl	463
cae	462
aír	459
ded	458
nón	457
tun	457
fux	456
tex	455
deo	455
set	454
eil	453
bed	452
axa	452
rif	452
mur	451
vic	450
moc	449
bio	448
chá	448
nió	447
reb	447
lít	444
ací	444
doa	444
bic	444
oqu	444
eng	444
ñer	443
exc	443
alc	443
diñ	442
epe	442
xad	441
lot	441
ícu	440
lus	439
táb	438
xim	437
cai	437
suc	437
shi	435
rve	434
ain	433
pur	433
osp	432
gat	432
raf	431
rup	430
áti	430
íci	426
xac	426
niz	426
liñ	425
adá	424
had	422
hel	422
aré	421
inx	420
urr	420
úme	419
púb	418
úbl	418
ído	418
xiñ	417
zou	417
xio	417
ntá	417
ifí	416
uet	415
afo	415
itá	414
enz	414
loc	414
zan	414
fíc	413
onn	413
ebo	412
hin	412
óxi	411
esf	410
ntí	410
edu	408
ubi	408
mud	407
gul	407
ént	407
zac	406
uix	406
xor	405
edr	405
bad	405
sll	405
erf	404
niv	404
núm	402
esu	402
ley	402
ohn	401
oul	401
ñam	400
pta	400
acó	399
ark	399
rañ	399
ndr	399
eun	399
iax	398
fog	398
dro	398
udo	398
irl	397
rus	397
rut	397
osc	396
rag	396
xic	396
rís	395
rxe	395
vés	394
tén	394
suf	393
íde	393
rao	393
rpr	392
ovi	391
pód	389
ápi	388
rsa	388
abu	387
tío	386
dil	386
hám	386
riz	384
oup	383
rrí	383
mag	383
raí	382
éce	382
lie	382
énd	382
cán	380
nvo	380
ntu	379
ráp	378
alá	378
udi	378
peo	377
not	377
rsi	376
hal	376
ruc	376
ixé	376
enl	375
crí	375
enó	374
mot	374
nne	373
ndí	373
adu	372
nxa	371
umi	371
síb	369
xpe	368
iai	368
dol	368
hen	368
nsu	367
sax	363
uír	362
mbo	362
sum	362
agu	361
arq	360
anm	360
gru	358
cut	358
ncl	357
tat	357
abs	356
xia	356
fia	355
joh	354
sun	353
flo	353
wil	353
voc	353
cám	351
tul	351
pux	351
rax	351
pie	350
rba	350
sus	350
óla	349
oad	349
uíd	349
bou	349
ett	349
nio	348
oti	348
eos	348
fol	345
the	344
ceo	343
xía	342
sáb	341
ofr	341
rru	340
zai	339
ary	338
iot	338
xos	336
vot	335
frí	334
cau	334
bit	334
emá	333
lly	333
acr	333
ldi	332
ack	332
vim	331
tot	331
fía	330
ríb	330
óde	329
uxo	329
fod	328
peg	327
bin	327
anu	327
rbo	325
boc	324
tez	324
azu	324
xur	324
roa	323
líc	322
voa	322
bab	322
iat	321
édi	320
olg	320
rzo	320
ímo	320
afa	320
mús	319
ábr	317
riv	317
fut	316
osí	316
elí	316
uli	316
ecr	316
nem	315
añe	315
iou	315
dac	314
noc	314
urs	314
alu	313
enn	313
sra	312
rín	312
ñad	312
sat	311
ier	311
ouv	310
cli	310
tax	309
cle	308
viu	307
ncr	307
esg	307
doi	306
rém	306
dám	305
tió	304
hol	304
cot	302
tác	301
xtr	301
luz	300
elé	300
rle	300
ngl	300
mab	300
uan	300
ies	299
gac	299
cóm	299
tañ	298
mea	298
aud	298
sep	297
eba	296
ída	296
cob	296
adm	296
ltu	295
alé	295
ñez	294
tif	293
úsi	292
cín	292
onl	292
uín	292
tró	291
lox	291
fíx	291
urg	291
tia	291
oes	290
mát	290
ité	289
igr	289
ipe	289
pré	289
sap	289
lín	288
nua	288
ger	288
pic	288
asp	287
ást	287
rni	286
tai	286
xom	285
méd	285
xel	285
ató	284
lub	283
etn	282
fur	282
tín	282
ute	282
guí	282
siv	282
rfe	281
bxe	281
umb	281
lsa	280
olp	279
seq	278
nge	278
caz	278
gab	278
nea	278
pón	277
inn	277
die	277
vei	277
rla	277
tiz	275
obi	275
fáb	274
tna	274
irc	274
dmi	274
íña	273
civ	273
xit	273
umo	272
apu	272
ree	272
afe	272
xce	271
oxa	271
oir	271
lvo	270
ady	269
cea	269
pró	269
kin	269
xid	269
oal	268
nri	268
dán	268
pam	268
zam	268
sop	268
cic	268
uña	267
win	267
obx	266
eac	266
nsp	264
aúd	263
spí	263
ibu	263
bul	263
pil	263
díg	263
mér	262
saú	262
doe	262
dut	262
dól	261
caf	261
ítu	261
rox	261
sch	261
lio	261
gno	261
ass	261
ubl	261
sod	260
osl	260
xou	259
gri	259
íro	259
mpu	258
éxi	257
pór	257
ufr	257
ách	257
xuí	256
afi	256
erp	255
uíz	254
eum	254
ael	254
xeo	254
iví	253
uip	252
tár	252
icu	251
leo	251
éri	250
ipi	250
nté	249
áme	248
sfo	248
rry	248
ugu	248
riu	248
ísi	248
sae	247
viz	247
afí	247
rdí	247
arx	247
cop	247
sed	247
arb	247
rcu	247
anl	247
aíd	246
lav	246
obs	246
heo	245
róx	245
ebi	245
bac	245
lso	245
aul	244
bso	244
ára	244
fie	243
aur	243
orl	242
ock	242
ngr	242
tít	241
lut	241
chu	241
pci	241
ágo	240
réc	240
afé	239
uér	239
diu	239
pto	239
tte	238
ath	238
efu	237
egú	237
oac	237
tum	237
voz	236
ñía	236
dat	236
lel	236
ruz	235
att	234
enx	234
fus	234
éde	234
bañ	233
ómi	233
árb	232
erb	232
ífi	232
agá	231
goa	231
nox	231
nfa	231
nev	230
iac	230
hot	229
efa	229
xal	229
uza	229
als	229
uic	229
erx	228
mpi	228
ick	228
zon	227
vog	227
rés	227
ait	226
eur	226
tog	226
lca	226
uvi	225
ixá	224
oux	224
enu	224
aim	223
epo	223
léf	222
hea	222
pau	222
nny	222
gón	222
ump	222
spr	222
ank	221
isf	221
acá	220
ocr	219
ncu	219
éfo	218
mec	218
uez	218
vag	218
avé	217
rey	217
inú	217
ctr	217
gon	217
rui	217
sha	217
ebí	216
nra	215
lez	215
geo	215
lun	215
ror	215
alb	215
oia	215
gel	214
kie	214
bun	214
aíñ	213
mia	213
she	213
uía	213
dot	213
fom	212
lmo	212
fum	212
nie	212
íra	212
mét	212
éti	212
hic	211
sua	210
eat	209
xió	209
oar	209
ích	209
ráb	209
únt	208
kha	208
urd	208
lag	208
doo	208
xul	207
cén	207
mbu	207
rdó	205
cár	205
vín	205
éch	205
cón	205
enm	205
eán	204
onr	204
fad	204
pub	203
ére	203
apt	202
sea	201
stí	201
añí	200
ctá	200
vió	200
idí	200
prí	199
íga	199
ebé	198
wal	198
lau	198
ssi	198
pot	198
éra	198
tug	197
teo	197
lév	197
áni	197
urb	197
íst	197
roi	196
pea	196
elm	195
esv	195
dón	194
emu	194
him	194
ule	194
ésa	193
dró	193
cro	193
sfe	193
apl	192
muñ	192
inh	192
ork	191
áre	191
biu	191
esí	191
rum	191
úbi	190
taq	190
eon	190
bró	189
xap	189
uai	189
íao	189
nol	189
goñ	188
ash	188
irs	188
opu	187
atá	187
dus	186
oio	186
uiv	186
bru	186
esl	186
ácu	185
lif	185
áqu	185
rén	185
xpr	185
tóm	185
ánt	185
ínc	183
áll	183
dáb	183
bie	183
uad	183
tho	182
ifo	182
ómo	182
leb	182
sfa	182
údo	181
áct	181
hib	181
bst	181
hir	180
áta	180
nfr	180
leá	179
von	178
hav	178
bse	178
epi	178
pés	177
úde	177
íri	177
pop	177
kar	177
own	177
pós	177
hie	177
ébe	177
irr	177
dúb	176
stú	176
dav	176
led	176
off	175
rác	175
agó	175
cim	175
hil	175
liv	175
poc	174
glo	174
xte	174
pab	174
agn	174
íal	174
écu	173
mía	173
eaz	173
acé	173
rub	173
cés	172
ood	172
hap	172
déb	172
tmo	171
más	171
nóm	171
sía	171
dul	171
ubt	170
séc	170
máq	170
vax	170
urt	170
ulg	170
uxa	170
ízo	169
úpi	169
edí	169
ved	169
nví	169
pír	168
war	168
rát	168
fle	168
uño	167
row	167
oxo	167
cov	167
aró	166
úda	166
bín	166
mus	166
lóx	166
nfl	166
vix	165
ólv	165
roz	164
túp	164
sgr	164
bib	164
roh	164
ott	164
aib	163
bla	163
cud	163
ína	163
tiu	163
oín	162
rth	162
uia	162
dál	161
ncé	161
ódo	161
mio	161
ilu	161
ski	161
sag	161
dér	161
lém	161
uls	161
etí	161
une	160
óme	160
oug	160
ius	160
nav	160
rul	160
oiv	159
feb	159
nsc	159
fis	159
tle	159
blo	159
jam	158
coo	158
leu	158
afr	158
rpe	158
áci	157
tub	157
seo	157
apó	156
imb	156
eam	156
ker	156
luí	156
fuc	155
woo	155
rge	155
buc	155
epu	155
téñ	155
xil	155
áxi	155
gna	155
tés	154
vít	154
vab	154
éga	154
nle	154
stó	154
mín	154
tie	154
rtí	154
óni	154
nir	153
sux	153
tao	153
mún	152
ufi	152
toq	152
ohi	152
oxí	152
gen	152
omú	151
nuc	151
axú	151
ibí	151
aid	151
poe	151
ned	150
dob	150
cói	150
eld	150
dri	150
ést	150
nax	149
ucr	149
ián	149
eté	149
nmo	149
pár	149
tám	149
exu	148
sof	148
sho	148
iss	148
áli	148
vól	148
evá	148
xao	147
líd	147
xúd	147
bob	147
ish	147
oui	147
émb	147
íta	147
épo	146
cól	146
tís	146
pom	146
btí	145
lén	145
zap	145
uap	145
uie	145
nfu	144
hem	144
órt	144
avó	143
ols	143
sén	143
lvi	143
ict	143
sla	143
bis	143
lch	142
roe	142
tha	142
naq	142
nxu	142
ígo	142
tuc	142
epc	142
fab	142
nki	141
nfí	141
cni	141
lúa	140
íse	140
úti	140
umn	140
ogu	140
nzo	140
nth	139
ipl	139
nob	139
lco	139
món	139
hip	139
óli	139
gla	138
lví	138
tup	138
lee	138
thy	138
téc	138
éva	138
brí	138
iun	138
uem	138
oñé	138
gár	138
sui	137
ofu	137
irn	137
iei	137
ubs	137
lip	137
zui	136
fác	136
obb	136
cag	136
osh	136
fat	136
aen	136
teg	136
icl	136
osq	135
how	135
anó	135
opr	135
mbe	135
uiñ	135
irt	135
yor	134
smi	134
ími	134
niñ	134
oan	134
efo	134
mpá	134
onó	133
scó	133
éns	133
jac	133
fli	133
lom	133
ptu	133
kat	132
idu	132
lán	132
eré	132
ffr	131
úpe	131
ees	131
omí	131
oop	131
oen	131
pás	131
vat	131
gás	130
mió	130
díc	130
nxo	130
caí	130
mír	130
ndé	130
eou	130
edd	130
oló	130
sga	129
dai	129
nef	129
xab	129
nip	128
nna	128
rmí	128
got	128
sse	128
hit	127
éto	127
nex	127
ery	127
súp	126
rxí	126
ith	126
vet	126
whi	125
obt	125
uim	125
íos	125
gai	125
oos	125
áfr	124
arz	124
rli	124
prá	124
roo	124
rau	124
cke	124
lai	124
orá	124
iul	123
fem	123
aum	123
iel	123
sté	123
rip	123
nía	123
mág	122
lés	122
miz	122
siñ	122
cte	122
arp	122
omá	122
lax	122
psi	122
aíu	121
cig	121
sbo	121
rlo	121
xpo	121
ága	121
omé	121
tér	121
pax	120
ché	120
óri	120
ebu	120
rbi	120
sot	120
asl	120
vod	119
éci	119
eón	119
nsá	119
ceg	119
dve	119
phi	119
écn	119
lap	119
éxo	119
ild	119
jof	118
tob	118
isr	118
égr	118
rue	118
jer	118
tém	118
xol	118
inl	118
oxi	118
zab	118
nab	118
sky	117
loq	117
ium	117
tto	117
rlí	116
joe	116
jim	116
lég	116
coe	116
tav	116
lob	116
uos	116
lig	116
ken	116
onq	116
alf	116
tch	116
owa	115
mao	115
cif	115
mob	115
cav	115
urn	115
fit	115
bea	115
óit	114
xeñ	114
tus	114
pía	114
usp	114
uán	113
árc	113
xád	113
vís	113
tór	113
rár	113
mav	112
aeu	112
ixó	112
oam	112
ósi	112
els	112
riq	112
peu	112
xéc	112
onu	112
dua	112
ssa	112
íns	112
adv	112
hax	111
ywo	111
xón	111
fío	111
óll	111
fed	111
tet	111
cúp	111
nsf	111
ity	110
bús	110
hoi	110
máb	110
aía	110
cré	110
rah	110
aha	110
itr	110
iuá	109
lyw	109
giu	109
ucl	109
nue	109
scá	109
sov	109
tap	109
egá	109
jon	108
cki	108
ams	108
óma	108
gle	108
ipp	108
saf	108
eet	107
eai	107
xoo	107
ónt	107
mex	107
sau	107
dub	107
iab	107
núa	106
itm	106
rfi	106
uve	106
olf	106
flu	106
mme	106
saq	106
áse	106
esn	106
wel	105
tau	105
nva	105
sle	105
jan	105
maz	105
lás	105
ibo	105
uea	105
tád	105
íca	105
nre	104
páb	104
ñol	104
ray	104
fig	104
crá	104
íac	104
isl	104
uss	104
oin	104
sie	104
xuñ	103
pán	103
sir	103
amó	103
efr	103
ocú	103
eiv	103
etc	102
goz	102
úro	102
wer	102
een	102
epú	101
gae	101
mcc	101
oel	101
mmy	101
llí	101
llá	101
oss	101
urx	101
mpó	101
dém	101
ézo	101
miú	100
iúd	100
opó	100
cuc	100
uiu	100
íni	100
moe	100
thi	100
fál	100
otó	100
xea	100
req	100
pér	100
ess	100
nub	99
rít	99
nmi	99
cál	99
dás	99
áfi	99
ócr	99
tuí	99
rmu	99
ltr	99
glé	98
coh	98
óbi	98
uqu	98
cao	98
véx	98
efl	98
puñ	98
bec	98
ors	98
eua	97
ofé	97
zul	97
vém	97
oré	97
bón	97
hod	97
tev	97
ómp	97
lba	97
tut	97
ush	97
ití	97
tóp	97
nap	97
ráf	97
num	97
ixí	97
six	97
bof	96
tód	96
gil	96
xto	96
mób	96
móv	96
sfi	96
hov	96
xon	96
mít	96
éct	96
rtá	96
esb	96
lal	96
ncá	95
goo	95
aic	95
naz	95
atl	95
esé	95
oír	94
omm	94
but	94
ndy	94
nés	94
oth	94
fid	94
aka	94
uít	94
alp	94
oud	93
isq	93
itt	93
vér	93
oní	93
aní	93
bao	93
ñou	92
aiz	92
fág	92
lpo	92
éño	92
aná	92
aes	92
déc	92
bet	92
upó	91
ngt	91
gto	91
abé	91
áve	91
ucu	91
aki	91
jos	91
mna	91
bux	91
lyn	91
ung	91
éte	91
nxi	91
ecé	91
sús	90
bte	90
hég	90
icó	90
lux	90
ási	90
lir	90
lef	90
fet	90
sfr	90
rxi	90
rám	90
ugh	89
xua	89
orx	89
cíf	89
eul	89
grá	89
elu	89
coz	88
hae	88
lím	88
rak	88
hur	88
úne	88
raa	88
ése	88
afu	88
laq	87
lpá	87
jea	87
pav	87
olc	87
sgo	87
izá	87
ifa	87
rég	87
zal	87
beu	86
mbé	86
ets	86
póñ	86
neu	86
vír	86
rrá	86
svo	86
hnn	85
ñem	85
bsu	85
isb	85
tyr	85
dáv	85
orv	85
oed	85
ldo	85
éan	85
erq	85
tiá	85
amu	85
dex	85
lbo	85
gom	85
fiq	85
xpu	85
ubí	85
zoa	85
óta	85
neo	85
obv	84
bvi	84
xov	84
érg	84
tta	84
new	84
wan	84
owe	84
púx	84
lue	84
chr	84
ála	84
aru	84
íre	84
ecá	84
ipu	84
odr	84
uax	83
óso	83
wee	83
uté	83
xet	83
lfo	83
ciá	83
azá	83
idr	83
ása	83
xat	83
het	83
vul	83
cór	83
otá	83
sva	83
ués	82
raq	82
age	82
sól	82
gne	82
mie	82
tag	82
fru	82
esú	81
voo	81
eol	81
run	81
azi	81
irv	81
foc	81
léc	81
uéd	81
rud	81
amm	81
eau	81
iod	80
iló	80
ópa	80
alx	80
mno	80
eig	80
són	80
ódi	80
clo	80
bót	80
ake	80
iná	80
nsí	80
cca	79
utt	79
yri	79
ats	79
diq	79
ráe	79
hri	79
exí	79
nau	79
árd	79
leó	78
beo	78
kos	78
oet	78
cír	78
déa	78
low	78
hoc	78
ért	78
taz	78
hac	78
cet	78
lía	78
pti	78
srt	77
tov	77
jen	77
ñes	77
kan	77
orf	77
ahi	77
itz	77
ppe	77
víc	77
ika	77
mós	77
uxé	77
ciu	77
fla	77
íod	76
réx	76
isk	76
dji	76
cce	76
roq	76
réd	76
fís	76
unf	76
pte	76
scú	76
uró	76
íte	76
áte	76
spé	76
tuo	76
sno	76
obú	75
lóm	75
mik	75
iem	75
hao	75
wes	75
gin	75
elg	75
toa	75
már	75
xcl	75
mut	75
gán	75
nár	75
hug	74
ryn	74
cec	74
mbl	74
yan	74
oíd	74
cux	74
ugo	74
tím	74
plí	74
cáb	74
béc	73
hue	73
óve	73
kai	73
uím	73
éda	73
tír	73
nút	72
atm	72
ike	72
jin	72
xig	72
uav	72
slo	72
tíf	72
tív	72
sso	72
trú	72
atí	72
píd	72
eab	72
icá	72
pió	71
lay	71
xúr	71
ebl	71
nvé	71
ceb	71
xém	71
laz	71
lár	71
ólo	71
bau	71
íto	71
upl	71
was	70
ony	70
vié	70
adé	70
zoo	70
xín	70
udá	70
abá	70
elc	69
rxa	69
lxe	69
icr	69
iff	69
oís	69
evó	69
úpa	69
ngs	69
uas	69
nro	69
ñal	69
inq	69
bby	68
piq	68
éam	68
enk	68
hid	68
dóe	68
aor	68
moo	68
lud	68
rux	68
usu	68
osu	68
pág	68
ñéc	68
swe	67
kho	67
onz	67
ful	67
iét	67
máx	67
cúl	67
maq	67
úsc	67
nag	67
tti	67
hec	67
ney	67
úen	67
boi	67
rád	67
iám	67
imu	67
veh	66
híc	66
xed	66
víd	66
liq	66
tib	66
jai	65
ímb	65
ról	65
ehí	65
paq	65
jul	65
hra	65
duo	65
elv	65
dés	65
fug	65
mni	65
tól	65
rly	65
opá	65
awa	65
óst	65
lul	65
suí	65
nke	65
tth	64
ásc	64
mak	64
akh	64
imá	64
océ	64
lbe	64
unk	64
úlp	64
ové	64
igh	64
lfa	64
ñab	64
dge	64
ubm	64
alz	64
opt	64
hat	64
etb	63
tba	63
íso	63
bén	63
baf	63
súe	63
rdu	63
ddy	63
efí	63
fír	63
diá	63
rgi	63
nsm	63
fox	63
égo	63
dap	63
dád	63
sán	63
sna	63
isy	62
bue	62
zha	62
írc	62
uéc	62
níf	62
gaz	62
aví	62
xiu	62
occ	62
elá	62
pru	62
spl	62
niq	62
dár	62
rbó	61
zur	61
osú	61
bim	61
úxo	61
ink	61
urc	61
óca	61
tix	61
sev	61
uní	61
lsi	61
hew	60
bág	60
raw	60
wle	60
sím	60
ghe	60
iañ	60
osf	60
map	60
ctú	60
eff	60
rke	60
ifu	60
cém	60
uíu	60
órm	60
oct	60
ncó	60
esh	60
taf	60
grí	59
gní	59
nix	59
sao	59
ñac	59
plu	59
agg	59
gao	59
ivé	59
upt	59
síg	59
iru	59
rur	59
trí	59
ueo	59
eut	59
orb	59
óti	59
sif	59
uví	58
inz	58
óxe	58
áng	58
lám	58
rró	58
pem	58
upr	58
icc	58
fón	58
árt	58
rug	58
rúe	58
íza	58
piñ	58
deg	58
cks	57
spá	57
oua	57
oge	57
rys	57
ból	57
bás	57
vár	57
kil	57
ako	57
ofa	57
ily	57
rho	57
mau	57
idé	57
epá	57
lov	57
írt	57
sós	56
óle	56
ils	56
kso	56
yle	56
hiñ	56
dow	56
eph	56
neb	56
pít	56
uck	56
tíb	56
lod	56
lui	56
baz	56
béb	55
iné	55
evé	55
imm	55
xot	55
ges	55
yam	55
íce	55
uva	55
xoi	55
cíd	55
pál	55
big	55
nuo	55
kol	55
órd	55
hau	55
oná	55
awl	54
yma	54
kim	54
eiz	54
nka	54
ilá	54
ógr	54
mís	54
ght	54
veg	54
url	54
gúr	54
gha	54
exh	54
dao	54
dén	54
rya	53
yen	53
khm	53
ifl	53
opc	53
phe	53
way	53
yne	53
vám	53
wen	53
tow	53
tóc	53
bud	53
háb	53
olm	53
ámb	53
ilt	53
rbu	53
cod	53
uey	52
poz	52
feo	52
zor	52
ñel	52
clá	52
gge	52
áto	52
lúe	52
uam	52
box	52
rha	52
pól	52
ulm	52
nsk	52
iag	52
lcu	52
asá	52
nma	52
aas	52
oic	52
ván	52
énc	52
gáb	52
kid	51
eym	51
hma	51
irx	51
clí	51
soi	51
cóp	51
pát	51
nya	51
vao	51
lls	51
ucc	51
nho	51
goi	51
nus	51
gio	51
idg	51
rbe	51
rté	51
taa	51
áne	51
lvé	51
oor	51
oíc	50
kas	50
thr	50
ébo	50
umu	50
imó	50
dru	50
acl	50
xub	50
ucí	50
aér	50
kes	50
mma	50
dop	50
hua	50
oñí	50
éli	50
dov	50
epí	50
aím	49
idl	49
dla	49
izu	49
hns	49
adj	49
xén	49
umm	49
buf	49
nig	49
upi	49
bár	49
iát	49
úan	49
enb	49
úra	49
wat	49
auc	49
ísa	49
éit	49
buí	49
égu	49
eei	49
zuc	48
oaz	48
oph	48
hay	48
bag	48
aig	48
jor	48
chó	48
etu	48
gie	48
blu	48
nez	48
kov	48
biq	48
etá	48
vae	48
eem	48
urá	48
izó	47
álm	47
céa	47
rks	47
ópt	47
áem	47
rka	47
eny	47
tla	47
ayn	47
abú	47
ípi	47
xci	47
mof	47
cht	47
róu	47
vea	47
pha	47
bti	47
téx	47
ívo	47
sue	47
nám	47
eth	47
nil	47
iár	47
rye	46
haq	46
msa	46
heq	46
joy	46
sip	46
ppi	46
god	46
epó	46
liu	46
may	46
kla	46
ecn	46
ots	46
ely	46
ufa	46
afá	46
ólt	46
álo	46
mim	46
tíc	46
xti	46
omn	46
aff	46
cox	46
eid	46
vío	46
évo	46
abd	46
osm	46
rst	46
ocl	46
adí	46
syb	45
ybi	45
uió	45
ofí	45
xuv	45
loa	45
ghi	45
oem	45
roy	45
gum	45
réa	45
lak	45
gli	45
key	45
eck	45
dip	45
otí	45
iao	45
ldr	45
uzo	45
kel	45
sgu	45
tál	45
eib	45
llé	45
lza	45
laí	44
duq	44
quê	44
ñoo	44
urk	44
plá	44
pén	44
uio	44
igó	44
ool	44
agi	44
mee	44
enh	44
léd	44
moa	44
kor	44
ráx	44
cky	44
itú	44
isí	44
olá	44
uvo	44
ilí	44
íve	44
viá	44
bám	44
nns	43
dki	43
itl	43
jua	43
tbo	43
wnt	43
iji	43
fód	43
xaa	43
jef	43
dak	43
lke	43
wis	43
ipó	43
jar	43
gau	43
bee	43
eer	43
aux	43
cui	43
bdi	43
gám	43
íqu	43
ngh	43
xoa	43
dír	43
ríx	43
axo	43
éñe	43
íno	43
umá	43
ueb	43
anf	43
wad	42
siu	42
oot	42
sro	42
rsp	42
kev	42
páx	42
tún	42
típ	42
róc	42
wie	42
rtó	42
udí	42
áia	42
iii	42
ffe	42
ósa	42
tré	42
sác	42
ook	42
ips	42
ilv	42
nik	42
tep	42
esá	42
dag	42
bér	42
idá	42
odé	42
diz	42
usq	42
zol	42
ndá	42
céd	42
ené	42
baa	42
fré	42
ndt	41
huv	41
iwa	41
cqu	41
thu	41
rnl	41
loy	41
éne	41
aíc	41
jud	41
llu	41
lys	41
fás	41
nzi	41
efé	41
gma	41
óux	41
oab	41
emó	41
árg	41
róf	41
sít	41
spu	41
rfo	41
ónd	41
wic	41
ecó	41
edv	40
edk	40
tyl	40
oné	40
óda	40
hoq	40
dax	40
eru	40
cno	40
hmo	40
myr	40
dde	40
ábi	40
eav	40
siá	40
hoo	40
ffi	40
ríc	40
miu	40
rua	40
lep	40
erz	40
cís	40
sbu	40
uth	40
xár	40
pín	40
vom	40
iev	40
rdá	40
kip	39
viú	39
iúv	39
mpt	39
dóa	39
cdo	39
tóg	39
bae	39
toe	39
xít	39
agm	39
upc	39
ñéz	39
hik	39
bém	39
ílo	39
hus	39
áca	39
aya	39
vig	39
déz	39
tíñ	39
ohe	39
voi	39
lop	39
asf	39
cús	39
iré	39
uíl	39
riá	39
oon	39
fou	39
láb	39
iáb	39
méx	38
vds	38
sís	38
ubc	38
íxa	38
iya	38
dío	38
fea	38
alk	38
ewi	38
óid	38
gme	38
clú	38
ddi	38
ncí	38
erh	38
xcu	38
rew	38
tox	38
hut	38
adq	38
dqu	38
siq	38
frá	38
vál	38
iog	38
day	38
nhe	38
lah	38
lil	38
tyw	37
ywi	37
wab	37
iom	37
óem	37
luv	37
nbu	37
obá	37
tok	37
eep	37
uru	37
nég	37
lís	37
nhu	37
spó	37
sav	37
uge	37
ska	37
utó	37
íco	37
oer	37
ege	37
hev	37
asn	37
pex	37
anv	37
uct	37
nly	36
bés	36
acq	36
mle	36
ttl	36
nál	36
vap	36
sdo	36
eof	36
véd	36
owi	36
ère	36
hee	36
éll	36
dle	36
tét	36
mah	36
kon	36
aly	36
olk	36
iko	36
xpa	36
ubv	36
bve	36
daz	36
izz	36
deá	36
pue	36
rpa	36
tsu	36
íla	36
eed	36
áña	36
zár	36
ewt	35
wto	35
koo	35
úva	35
nsó	35
udu	35
bco	35
óte	35
dda	35
hón	35
urv	35
ésp	35
azz	35
ket	35
tah	35
uís	35
ófo	35
ewa	35
enq	35
rty	35
sud	35
zán	35
mbó	35
tiq	35
meg	35
lse	35
bmi	35
rái	35
oei	35
rdé	35
edn	34
dna	34
uré	34
xix	34
oku	34
uíc	34
hah	34
mae	34
ige	34
veo	34
pám	34
nib	34
pox	34
eel	34
lce	34
ñom	34
ipt	34
elf	34
uou	34
nop	34
lol	34
aem	34
ámi	34
cát	34
meo	34
nét	34
rré	34
bán	34
peñ	34
íme	34
ség	34
elt	34
rió	34
aec	34
isá	34
cér	34
evv	33
vvi	33
fút	33
útb	33
aij	33
ñás	33
oyd	33
zás	33
aiu	33
lew	33
oki	33
jee	33
tmi	33
anç	33
édo	33
fén	33
pso	33
soe	33
álv	33
lxi	33
reñ	33
haw	33
aeg	33
lmi	33
ifr	33
tts	33
óño	33
líz	33
oou	33
swa	33
pse	33
píc	33
xoc	33
éus	33
emn	33
itc	33
oie	33
fér	33
bah	33
oha	33
aku	33
oté	33
xán	33
lfi	33
rtr	33
lér	33
add	33
dís	33
íaa	33
osr	32
gag	32
lds	32
báb	32
ñot	32
kio	32
lcá	32
roí	32
áno	32
wit	32
jun	32
nís	32
opí	32
íbu	32
rmó	32
yos	32
óñe	32
won	32
óba	32
asg	32
píl	32
eag	32
obu	32
éme	32
yon	32
uxí	32
rpi	32
emí	32
omó	32
hia	32
nee	32
gia	32
téd	32
you	32
wor	32
sám	32
euc	32
nko	32
uts	32
séx	32
sád	32
fio	32
eró	32
eud	32
svi	32
ltá	32
sér	32
oey	31
aml	31
zis	31
usí	31
ámp	31
maf	31
laa	31
suo	31
ysa	31
ébi	31
tak	31
ews	31
bak	31
nát	31
imn	31
duz	31
iró	31
zza	31
kir	31
tui	31
óno	31
yer	31
kur	31
pud	31
ált	31
rgá	31
olé	31
xés	31
otr	31
éni	31
íne	31
épt	31
érv	31
lió	30
olq	30
láx	30
órg	30
nço	30
cuñ	30
rfu	30
dug	30
éca	30
zao	30
fós	30
bod	30
móc	30
mmm	30
aho	30
cró	30
upu	30
güi	30
qua	30
zoc	30
rpó	30
lao	30
ígu	30
eye	30
pao	30
rví	30
sli	30
hak	30
upá	30
urí	30
eyj	29
yjo	29
ilc	29
ouh	29
cód	29
ofá	29
eio	29
zak	29
apí	29
osé	29
búf	29
úfa	29
edy	29
rhe	29
amn	29
boh	29
vái	29
dwa	29
epp	29
aun	29
sál	29
ilk	29
ópo	29
túe	29
gud	29
tty	29
zhe	29
ieu	29
súb	29
eún	29
hul	29
iki	29
asq	29
éve	29
éña	29
sak	29
ooo	29
ibú	29
péc	29
íat	29
nry	28
gwa	28
rnb	28
gwe	28
núe	28
ird	28
zia	28
chw	28
kow	28
whe	28
goí	28
dne	28
ddo	28
oho	28
íño	28
yde	28
bma	28
mue	28
unn	28
árm	28
pus	28
bum	28
lur	28
cél	28
yin	28
chí	28
kis	28
árq	28
ioa	28
etó	28
rik	28
árr	28
mám	28
úsa	28
aye	28
ófi	28
rób	28
axí	28
ulc	28
ngw	27
óam	27
muk	27
riy	27
lsd	27
odó	27
gda	27
iua	27
olb	27
uor	27
get	27
ymo	27
igg	27
udd	27
uev	27
hme	27
ahm	27
xug	27
sbi	27
reú	27
tsc	27
zel	27
lmá	27
uke	27
arf	27
óña	27
ósp	27
xám	27
lne	27
shu	27
cíc	27
rcá	27
brá	27
nbe	27
ánc	27
daa	27
cíb	27
nud	27
iud	27
ske	27
náb	27
váb	27
sár	27
acd	26
eyn	26
óes	26
ouq	26
uya	26
gay	26
úpo	26
tik	26
cób	26
idd	26
eke	26
óse	26
kam	26
víe	26
íes	26
nmó	26
pip	26
vaq	26
dry	26
bay	26
fún	26
teó	26
léo	26
sut	26
tsk	26
osk	26
ioc	26
zer	26
nót	26
hér	26
kra	26
ubx	26
éxa	26
lpi	26
inó	26
hre	26
páñ	26
loo	26
ows	26
wol	26
osv	26
anh	26
xáb	26
exá	26
záb	26
ñoi	25
tco	25
kuz	25
agd	25
fés	25
ábo	25
íct	25
uha	25
uná	25
oíl	25
isó	25
bsi	25
teb	25
hof	25
dum	25
ñao	25
atc	25
dib	25
dwi	25
óto	25
áza	25
ury	25
boy	25
osá	25
dox	25
boo	25
réz	25
érm	25
dím	25
dúc	25
óna	25
néb	24
jay	24
ibó	24
bór	24
yno	24
éis	24
aad	24
udy	24
pót	24
unl	24
kah	24
çoi	24
ruy	24
iry	24
ufó	24
yla	24
tuf	24
itb	24
dác	24
éxt	24
saa	24
yat	24
oñi	24
líq	24
lmó	24
ále	24
mst	24
ryo	24
rgó	24
bog	24
dee	24
auf	24
oví	24
puc	24
faz	24
xhi	24
tíd	24
róg	24
rko	24
vsk	24
oke	24
óus	24
eví	24
opl	24
nfó	24
eár	24
igá	24
usá	24
nla	24
ggo	23
áxa	23
wag	23
ahí	23
hiz	23
dae	23
igm	23
zig	23
lcó	23
pix	23
adl	23
egg	23
zum	23
aik	23
cah	23
ahu	23
lyd	23
elr	23
ngi	23
law	23
eug	23
ioo	23
efó	23
plé	23
uab	23
tél	23
syl	23
sog	23
ním	23
ufe	23
see	23
púr	23
aps	23
xha	23
nul	23
éta	23
dja	23
tof	23
sne	23
gác	23
cúb	23
lst	23
mpí	23
scl	23
cog	23
gis	23
abb	23
déd	23
óro	23
các	23
hop	23
ési	23
érr	23
rím	23
imí	23
epl	23
oai	22
béi	22
yre	22
núc	22
úcl	22
lsk	22
edg	22
mbú	22
ety	22
mps	22
yce	22
líb	22
ñán	22
daw	22
ehr	22
kum	22
ubd	22
rèn	22
ouz	22
pug	22
asó	22
vád	22
ieg	22
ylv	22
bát	22
ops	22
gné	22
rfa	22
lph	22
nak	22
ndw	22
gád	22
moh	22
cím	22
ífe	22
nír	22
sey	22
oía	22
oya	22
hig	22
úxe	22
éla	22
edá	22
soo	22
írm	22
noa	22
nán	22
any	22
poo	22
adh	22
dví	22
nds	22
óch	22
ofo	22
zen	22
pee	22
ubá	22
nog	22
úce	22
sba	22
zin	22
huc	22
nkh	21
abz	21
bzi	21
hwi	21
dyl	21
fga	21
lós	21
edw	21
gaf	21
aav	21
íba	21
kal	21
zho	21
eog	21
mná	21
shh	21
flú	21
ipr	21
kot	21
buq	21
púñ	21
úña	21
xta	21
óen	21
bow	21
ísm	21
dmí	21
xui	21
gst	21
cco	21
áce	21
rós	21
nui	21
éza	21
cáe	21
íma	21
cañ	21
uln	21
oru	21
rsu	21
zie	21
imé	21
asú	21
rír	21
uff	21
bui	21
xib	21
áen	21
zám	21
jüs	20
üst	20
mpb	20
pbe	20
rss	20
etm	20
aaf	20
góm	20
dga	20
gut	20
ièv	20
leñ	20
avy	20
unm	20
gsh	20
chs	20
iku	20
ásm	20
lyo	20
lyr	20
ñed	20
enj	20
sví	20
anr	20
ugn	20
mól	20
kay	20
xie	20
niu	20
igü	20
tát	20
zof	20
uki	20
urp	20
hun	20
lre	20
lya	20
kem	20
rns	20
oeu	20
uiá	20
úes	20
íen	20
ory	20
hed	20
gov	20
iás	20
reh	20
ríg	20
smá	20
coq	20
émi	20
ngü	20
xír	20
sni	20
rsk	20
íav	20
wsk	20
íbo	20
anj	20
aze	20
ovs	20
híb	20
írv	20
nao	20
cép	20
voq	20
noo	20
its	20
ryu	19
hmm	19
dát	19
iál	19
arh	19
dzi	19
ílu	19
due	19
hst	19
iap	19
soh	19
cós	19
hoz	19
bré	19
ñib	19
yua	19
tew	19
nep	19
ríf	19
zat	19
úca	19
ubu	19
dso	19
wne	19
vím	19
kre	19
mác	19
kia	19
níc	19
ilh	19
réo	19
hós	19
ask	19
eló	19
amí	19
onk	19
óqu	19
ráz	19
ppy	19
yll	19
rts	19
scí	19
aar	19
adx	19
ñón	19
dió	19
iól	19
hán	19
ody	19
oxé	19
ptá	19
toi	19
nmu	19
ohí	19
haz	19
aie	19
ocá	19
afg	18
aíz	18
aym	18
sdé	18
zek	18
daí	18
ggy	18
xip	18
meh	18
aac	18
xeg	18
íng	18
uíñ	18
díb	18
heu	18
bdo	18
okl	18
eór	18
nzá	18
seb	18
erk	18
óva	18
xiv	18
nba	18
mph	18
yuk	18
hín	18
tíu	18
ejo	18
irk	18
haf	18
lát	18
aif	18
pío	18
raé	18
piz	18
áes	18
joa	18
voy	18
nah	18
sfó	18
pég	18
elp	18
nja	18
oom	18
hle	18
bbi	18
chm	18
utí	18
xpi	18
éas	18
fau	18
atz	18
nád	18
isu	18
rsh	18
dup	18
rót	18
óbr	18
mpú	18
nsé	18
íad	18
tbu	17
sym	17
ymi	17
yeg	17
zaw	17
pèr	17
chê	17
hên	17
êne	17
yrc	17
viè	17
vde	17
fíg	17
oáb	17
tey	17
rét	17
iov	17
hhh	17
udr	17
eot	17
eks	17
ópe	17
kee	17
éal	17
tóx	17
üid	17
ccl	17
nás	17
rpu	17
úpu	17
áfo	17
utc	17
hag	17
aue	17
mne	17
pho	17
kad	17
iec	17
zzi	17
úbr	17
bíc	17
lác	17
xís	17
ógo	17
fíe	17
rki	17
góc	17
hep	17
biz	17
ogá	17
hey	17
pne	17
hla	17
suz	17
vib	17
mmo	17
abó	17
gnó	17
lbi	17
utá	17
íll	17
zom	17
ímp	17
bde	17
ená	17
ève	16
oig	16
zái	16
htu	16
cgt	16
ckp	16
tzg	16
zge	16
lmy	16
líe	16
aws	16
wso	16
oíu	16
wri	16
gré	16
bíd	16
fff	16
rrú	16
ntl	16
doá	16
lek	16
búc	16
sug	16
ruo	16
ssy	16
kob	16
tze	16
pét	16
aol	16
guy	16
iah	16
rtl	16
lfr	16
apú	16
jia	16
rcí	16
aft	16
yun	16
apé	16
érd	16
wai	16
sbe	16
edé	16
rze	16
eps	16
eha	16
lup	16
aiv	16
xiá	16
líg	16
viq	16
uéi	16
úza	16
ané	16
eap	16
naf	16
nsú	16
vre	16
nuí	16
lho	16
sef	16
éxe	16
mád	16
laf	16
sfu	16
búr	16
yar	16
adó	16
bái	16
áix	16
guo	16
kaz	16
óne	16
ápa	16
app	16
óbe	16
hár	16
aph	16
áda	16
acú	16
ibé	16
afl	16
órr	16
liá	16
pim	16
ezá	16
iád	16
sve	16
aoi	15
sge	15
wey	15
kpo	15
nru	15
jaz	15
shm	15
zoá	15
yko	15
tlá	15
yol	15
lkh	15
rné	15
xeó	15
tay	15
ayl	15
muí	15
etl	15
lri	15
ósf	15
oim	15
zma	15
puí	15
hix	15
doz	15
cax	15
aed	15
rby	15
hud	15
ení	15
póc	15
fma	15
lna	15
emm	15
bél	15
crú	15
nod	15
húm	15
úmi	15
qin	15
xvi	15
més	15
ouf	15
ièr	15
nof	15
xev	15
slá	15
smó	15
jou	15
búe	15
odd	15
tma	15
egl	15
wak	15
ays	15
buñ	15
heb	15
eop	15
doí	15
dór	15
xíb	15
únd	15
sír	15
róm	15
oko	15
lád	15
óub	15
ánz	15
ngá	15
mpé	15
eáb	15
ópi	15
íus	15
pyc	14
idn	14
lss	14
pff	14
nje	14
awn	14
láp	14
wre	14
jau	14
maí	14
ñíb	14
úbd	14
dré	14
sét	14
onw	14
vaa	14
níd	14
béd	14
jet	14
rzá	14
vla	14
otu	14
ctí	14
móx	14
iác	14
lhe	14
ics	14
thé	14
zot	14
rgh	14
ueu	14
ncy	14
íxi	14
ícl	14
glá	14
ecú	14
chk	14
fte	14
evr	14
rép	14
enw	14
exó	14
usm	14
cíp	14
ísp	14
ikh	14
lua	14
oys	14
uze	14
huf	14
soí	14
olh	14
ígr	14
úci	14
ehe	14
nok	14
bov	14
lra	14
zio	14
eui	14
fín	14
áño	14
ráv	14
dog	14
zoe	14
ucá	14
uko	14
ogn	14
now	14
ñám	14
áio	14
dvi	14
chl	14
cád	14
mog	14
ána	14
fue	14
túr	14
eám	14
wei	14
áva	14
dah	14
boe	14
eee	14
myk	13
hrd	13
cóx	13
usy	13
oov	13
cbi	13
sez	13
phu	13
tsy	13
baí	13
hya	13
jot	13
uby	13
síx	13
oád	13
úte	13
üis	13
upú	13
asd	13
fib	13
tso	13
jes	13
stm	13
irb	13
óel	13
hio	13
élu	13
uau	13
nín	13
ayd	13
bey	13
zme	13
lof	13
nsl	13
noz	13
oby	13
ooh	13
pep	13
gér	13
cuí	13
dma	13
awk	13
mey	13
ósc	13
nsb	13
keb	13
dxu	13
cow	13
oak	13
xác	13
gir	13
ódr	13
lúc	13
seá	13
oex	13
nóx	13
ocí	13
gog	13
dhe	13
nks	13
edó	13
lki	13
nún	13
únc	13
ruf	13
ift	13
pup	13
bál	13
euf	13
nvó	13
drá	13
rds	13
ims	13
óuv	13
yes	13
xún	13
uld	13
nér	13
igl	13
ídi	13
emé	13
sóu	13
cch	13
agl	13
ñén	13
ríd	13
opú	13
osn	13
ñár	13
suk	13
fár	13
oly	13
cít	13
avá	13
orè	12
ènc	12
fft	12
fbi	12
qar	12
muh	12
mhy	12
hys	12
ónl	12
aiñ	12
yac	12
ync	12
ylo	12
awr	12
utz	12
gsl	12
ugl	12
lzó	12
ène	12
ófe	12
osg	12
saz	12
ksa	12
rck	12
zqu	12
mki	12
vav	12
bío	12
jut	12
úri	12
utn	12
érp	12
réu	12
hef	12
ahr	12
ápo	12
aln	12
izm	12
oft	12
opp	12
ukh	12
hke	12
poé	12
oét	12
kaw	12
nwa	12
emy	12
uéz	12
rgr	12
xót	12
xím	12
pád	12
juk	12
ndú	12
ágr	12
uee	12
yto	12
jag	12
kak	12
gaa	12
hía	12
óxa	12
tee	12
nça	12
web	12
hoa	12
ads	12
saw	12
tue	12
wam	12
ptí	12
ajo	12
éna	12
ffa	12
ifé	12
ñat	12
súl	12
ávo	12
enú	12
güe	12
eak	12
cee	12
cof	12
ivó	12
toy	12
ize	12
cás	12
kea	12
ríp	12
ocó	12
árl	12
caa	12
rál	12
úla	12
aat	12
iut	12
éfi	12
tef	12
tsi	12
tíg	12
mok	12
bsc	12
hne	12
nác	12
reá	12
lét	12
rná	12
nxí	12
umí	12
isn	12
óga	12
xéi	12
nck	11
cly	11
kly	11
iur	11
míb	11
sóp	11
ópr	11
hóf	11
azm	11
eiq	11
peb	11
emk	11
ícn	11
úrp	11
uds	11
tág	11
uxu	11
oln	11
oím	11
hóc	11
áco	11
bev	11
eod	11
rxo	11
zhu	11
acg	11
cgr	11
aah	11
urq	11
múl	11
átr	11
zañ	11
jak	11
aéd	11
mbá	11
yag	11
úng	11
pah	11
lxu	11
yov	11
iós	11
hok	11
ydi	11
ayt	11
érs	11
érx	11
épi	11
kul	11
teh	11
túz	11
róp	11
rág	11
eek	11
feu	11
lgr	11
guc	11
ñéd	11
egó	11
cev	11
eeg	11
quo	11
jus	11
írs	11
sáq	11
ién	11
smí	11
uku	11
mte	11
vóc	11
oog	11
iót	11
llm	11
pún	11
oró	11
sóf	11
ínl	11
eev	11
nur	11
iop	11
agh	11
hub	11
oms	11
kom	11
kro	11
súm	11
rsé	11
sáe	11
aan	11
isg	11
maa	11
ufl	11
ufo	11
álx	11
ríz	11
íli	11
peá	11
ndó	11
lóc	11
umé	11
láv	11
aja	11
naa	11
uém	11
upé	11
nór	11
kgb	10
pay	10
irè	10
syr	10
bbc	10
zál	10
dáf	10
nwy	10
onb	10
odn	10
jeb	10
exy	10
álp	10
ezq	10
eeu	10
luk	10
hmy	10
ozu	10
rgm	10
oil	10
rms	10
ddu	10
mli	10
náp	10
akb	10
kba	10
éon	10
hdi	10
vda	10
buk	10
pik	10
uíe	10
adn	10
ifó	10
ilr	10
lbu	10
rcé	10
hta	10
hún	10
mcd	10
boí	10
olj	10
añó	10
auv	10
twa	10
nbr	10
umy	10
nts	10
ueg	10
oíñ	10
óan	10
ród	10
fém	10
zax	10
koh	10
néc	10
aiá	10
nty	10
muc	10
ckw	10
gub	10
owl	10
slu	10
ipn	10
esk	10
kri	10
náu	10
cív	10
mso	10
aip	10
yet	10
iód	10
ryl	10
eys	10
dau	10
nek	10
bíb	10
mox	10
sii	10
ilb	10
ñoa	10
nky	10
oye	10
jab	10
ánx	10
asb	10
úrr	10
lzo	10
nnn	10
tni	10
oka	10
zzo	10
kun	10
vik	10
wha	10
kit	10
elb	10
alh	10
sél	10
lha	10
lka	10
múd	10
avr	10
eko	10
ísc	10
lcr	10
nsh	10
ezh	10
fíl	10
éno	10
fiá	10
ófa	10
asé	10
igi	10
fán	10
ulf	10
goe	10
caé	10
lgá	10
pyp	9
egf	9
gfr	9
udx	9
dxo	9
uny	9
euu	9
kms	9
ssl	9
oxt	9
núr	9
tne	9
reó	9
bik	9
oik	9
eml	9
órs	9
táf	9
kau	9
tsb	9
ndl	9
oez	9
avd	9
xiz	9
álc	9
adw	9
oyl	9
ynt	9
cóc	9
bxu	9
gee	9
vro	9
odm	9
tóf	9
fiñ	9
ípu	9
lío	9
vii	9
aby	9
éco	9
owb	9
wbo	9
ásl	9
deó	9
shk	9
voe	9
síl	9
ehu	9
pác	9
irg	9
güí	9
ahn	9
áxe	9
shl	9
unz	9
ueñ	9
ulw	9
vey	9
nús	9
lym	9
dse	9
nze	9
exq	9
xqu	9
rcó	9
yae	9
hco	9
füh	9
ühr	9
aal	9
níq	9
raj	9
nnu	9
hiv	9
sés	9
isé	9
ems	9
lro	9
ívi	9
fay	9
víb	9
ynn	9
ieb	9
íbl	9
iuv	9
bif	9
pow	9
oja	9
gem	9
mek	9
ñoc	9
ogh	9
pib	9
usl	9
ulx	9
gúe	9
kei	9
ppo	9
vee	9
pói	9
twi	9
drí	9
ayb	9
órz	9
úmb	9
pum	9
ipc	9
ubp	9
bpr	9
jah	9
edú	9
gáñ	9
two	9
dud	9
sty	9
iau	9
ugi	9
nli	9
úba	9
iñé	9
gic	9
gót	9
zei	9
bha	9
kub	9
céu	9
órc	9
uex	9
adú	9
hwa	9
nlu	9
ahl	9
iñá	9
hoe	9
aev	9
idó	9
ílm	9
iav	9
yas	9
zug	9
xex	9
neá	9
cuo	9
biá	9
egi	9
édu	9
yro	9
éim	9
ríu	9
díu	9
cuá	9
usr	8
pcp	8
nkl	8
kli	8
rld	8
eov	8
vah	8
íoc	8
óck	8
éot	8
egs	8
ffm	8
odk	8
yog	8
gga	8
ozn	8
oán	8
wlo	8
míl	8
doy	8
míf	8
órl	8
óct	8
uat	8
oyc	8
rúp	8
jat	8
eox	8
épl	8
kav	8
iju	8
seú	8
cko	8
mib	8
ffo	8
hbu	8
vak	8
gén	8
egn	8
nvá	8
unx	8
uío	8
iug	8
ebó	8
hse	8
lll	8
riè	8
dvd	8
kni	8
íbr	8
gib	8
yeh	8
ezu	8
twe	8
olx	8
inb	8
olz	8
lgi	8
üís	8
ssh	8
xpó	8
oji	8
oah	8
foq	8
ebb	8
órn	8
cét	8
pno	8
eín	8
lci	8
anú	8
xíe	8
piu	8
foo	8
uív	8
eho	8
ová	8
zov	8
epn	8
uig	8
ayu	8
oiu	8
nyi	8
úrl	8
inj	8
lja	8
peó	8
ngx	8
gxi	8
ehi	8
zet	8
áec	8
zec	8
ewo	8
oñá	8
kle	8
ltí	8
ñés	8
ged	8
git	8
osó	8
ybe	8
gew	8
írn	8
odú	8
hna	8
tki	8
údi	8
ouk	8
mél	8
oue	8
éoc	8
urf	8
sép	8
ldí	8
hro	8
muj	8
neq	8
afó	8
say	8
zco	8
yok	8
bne	8
pek	8
ciz	8
rée	8
ixt	8
aaa	8
uka	8
féc	8
ráo	8
ráñ	8
fró	8
tuá	8
eól	8
hup	8
ñém	8
chn	8
léa	8
ubé	8
ggi	8
eaf	8
águ	8
kus	8
xás	8
nxé	8
xél	8
adz	8
héi	8
lfe	8
yst	8
téa	8
piá	8
izi	8
iuc	8
fiu	8
nug	8
tóu	8
oec	8
véñ	8
aub	8
meá	8
ivá	8
etz	8
uji	8
ñáb	8
trl	7
rln	7
ufm	7
dka	7
eom	7
hyo	7
mye	7
zni	7
yrt	7
fát	7
xoá	7
mfa	7
coy	7
chd	7
ílc	7
ovz	7
vzh	7
tej	7
élx	7
apd	7
sly	7
kaï	7
aïr	7
ïra	7
xew	7
elö	7
löd	7
ayi	7
yip	7
póq	7
klu	7
tbi	7
hyd	7
uij	7
isw	7
smu	7
phy	7
job	7
tsa	7
poq	7
ldu	7
gip	7
adb	7
ipé	7
pél	7
sts	7
bté	7
áel	7
lág	7
mwe	7
ohs	7
huh	7
máf	7
xii	7
eji	7
hki	7
eup	7
bbs	7
bbe	7
óvo	7
ths	7
órb	7
ltm	7
éol	7
áeo	7
psí	7
síq	7
enç	7
nól	7
ptó	7
gow	7
fái	7
kwe	7
dóf	7
oyo	7
sst	7
aob	7
chc	7
gox	7
aon	7
teí	7
vás	7
fax	7
awo	7
rsá	7
fto	7
áus	7
nzó	7
búa	7
íum	7
tda	7
máñ	7
ogm	7
yca	7
énm	7
esy	7
wni	7
nay	7
mmh	7
ulv	7
nju	7
líñ	7
ods	7
rpí	7
zes	7
bba	7
lvu	7
rsc	7
kic	7
svá	7
zir	7
wow	7
úre	7
úse	7
rmé	7
vna	7
caó	7
aót	7
rpl	7
ófu	7
dóc	7
óci	7
yal	7
wyn	7
pey	7
kef	7
bió	7
hif	7
sób	7
oat	7
súo	7
ngk	7
sóa	7
uár	7
scé	7
muf	7
aks	7
níb	7
xue	7
isd	7
elk	7
cáp	7
iaé	7
mód	7
abn	7
alr	7
xag	7
ija	7
rév	7
púi	7
úid	7
ezc	7
irp	7
hte	7
óio	7
sfá	7
xeu	7
díd	7
ném	7
ief	7
hlo	7
pig	7
sát	7
rxé	7
xét	7
nlo	7
cúr	7
psa	7
aji	7
pís	7
éao	7
eux	7
eád	7
iha	7
ahe	7
cló	7
lts	7
éir	7
taw	7
snu	7
túo	7
túm	7
rvá	7
pló	7
iuz	7
gap	7
vóa	7
xóg	7
árn	7
uoi	7
mix	7
hni	7
udg	7
ctó	7
vlo	7
áso	7
ónr	7
pov	7
óce	7
lvá	7
ári	7
usk	7
bír	7
dze	7
gmá	7
gál	7
ínm	7
haa	7
lór	7
hvi	7
oiá	7
eúl	6
hyl	6
shé	6
chb	6
óec	6
kdk	6
álb	6
lky	6
apm	6
pma	6
lsr	6
wki	6
pfi	6
iml	6
nhl	6
ntc	6
dbu	6
maç	6
açu	6
çus	6
wwl	6
zod	6
ljó	6
jós	6
dús	6
tmé	6
kno	6
nbc	6
amw	6
irz	6
okk	6
kka	6
rgn	6
awd	6
wda	6
gaé	6
aél	6
zog	6
akl	6
cúa	6
ayé	6
lhi	6
yke	6
yoo	6
ibb	6
eif	6
zue	6
óvi	6
usz	6
vót	6
ewh	6
yme	6
ohl	6
iow	6
écd	6
rvé	6
stl	6
lwe	6
tnó	6
rgy	6
gyl	6
ulh	6
éle	6
evy	6
ciú	6
iúm	6
cót	6
úsq	6
lúg	6
lcl	6
duk	6
zra	6
aiú	6
iús	6
ulí	6
urh	6
aam	6
boz	6
doñ	6
maj	6
mum	6
kín	6
xié	6
noe	6
sss	6
bíu	6
zut	6
unu	6
óvu	6
bún	6
únk	6
pyr	6
loe	6
lób	6
nsv	6
miq	6
ugs	6
wsw	6
abc	6
dst	6
moñ	6
lsh	6
clé	6
nvu	6
ihu	6
kao	6
icn	6
ecz	6
ípo	6
óia	6
sze	6
ybo	6
méz	6
npe	6
rsb	6
dmo	6
yom	6
sór	6
beh	6
ilé	6
nwi	6
fly	6
isv	6
ezz	6
gei	6
stw	6
jaf	6
oag	6
ssm	6
púd	6
msh	6
mse	6
gko	6
kou	6
uje	6
taú	6
dho	6
góñ	6
dfo	6
xhu	6
sdi	6
úno	6
elh	6
njo	6
ums	6
bix	6
ulá	6
ohr	6
vél	6
zaz	6
réi	6
púl	6
hob	6
kut	6
arw	6
zhi	6
sah	6
icz	6
otc	6
úbe	6
eñá	6
tlé	6
haj	6
nuf	6
mug	6
tse	6
poa	6
iew	6
úch	6
iny	6
azl	6
ntú	6
baj	6
uzá	6
véi	6
ofó	6
ngy	6
oks	6
éat	6
esó	6
bbo	6
fee	6
ogi	6
gho	6
jav	6
óis	6
ñác	6
sás	6
ckl	6
úrx	6
vau	6
zaa	6
cúm	6
aéu	6
cef	6
sfí	6
míd	6
íun	6
yth	6
eex	6
ltó	6
rgú	6
teá	6
axé	6
reí	6
zaf	6
mór	6
rxu	6
ánl	6
chv	6
deñ	6
mya	5
gej	5
jiu	5
ahá	5
tsh	5
aïs	5
ïss	5
htl	5
tly	5
móm	5
ucy	5
pyk	5
fij	5
lhó	5
phr	5
móq	5
ásq	5
gnè	5
nès	5
ddl	5
cáu	5
áuc	5
ysc	5
atb	5
wim	5
nym	5
yad	5
uñó	5
ibc	5
ebs	5
ntm	5
koj	5
súñ	5
úñe	5
stü	5
tüc	5
ück	5
bmw	5
ahò	5
ply	5
wew	5
çon	5
yoy	5
izb	5
zbi	5
úgu	5
tcé	5
jed	5
gnu	5
lck	5
núo	5
tät	5
ätt	5
uñu	5
ñue	5
vát	5
lth	5
hez	5
vív	5
ssí	5
nkv	5
std	5
oeb	5
yel	5
rcl	5
dañ	5
inr	5
nív	5
ovj	5
vje	5
zwi	5
óbu	5
yum	5
asy	5
üen	5
alj	5
úlc	5
mda	5
íov	5
xtu	5
loj	5
nóf	5
ñov	5
yeu	5
mop	5
saï	5
kep	5
vur	5
nbo	5
zow	5
zgo	5
czn	5
rej	5
eec	5
hts	5
dzy	5
ehh	5
inp	5
evn	5
añé	5
jek	5
kyl	5
acy	5
niá	5
acn	5
ohó	5
hól	5
ahh	5
dvo	5
kaa	5
hoy	5
ípr	5
ipí	5
aúl	5
bdu	5
zav	5
akd	5
ogs	5
suá	5
psu	5
flé	5
lóp	5
ydo	5
fae	5
usó	5
puz	5
ómb	5
ímu	5
eij	5
geb	5
nup	5
áil	5
utb	5
aoí	5
irh	5
uye	5
sre	5
zád	5
ntp	5
bét	5
ósm	5
ódu	5
vri	5
teq	5
cíñ	5
swo	5
lij	5
hüt	5
ütz	5
atú	5
jap	5
bíl	5
rsí	5
lfu	5
bád	5
ñaa	5
ovk	5
roj	5
ojo	5
ruq	5
ulr	5
nji	5
wea	5
dhi	5
ioi	5
éné	5
tys	5
lae	5
bbl	5
ups	5
pps	5
egm	5
eíñ	5
aet	5
yah	5
pús	5
uñe	5
aje	5
équ	5
hiq	5
néf	5
pif	5
oqi	5
úso	5
erj	5
iep	5
séa	5
llb	5
ígn	5
dúl	5
lnt	5
oze	5
dha	5
adt	5
áñe	5
zle	5
ogó	5
sém	5
pog	5
ípt	5
igú	5
táp	5
avl	5
ckh	5
aty	5
ulk	5
try	5
áev	5
blí	5
ffy	5
evs	5
ápt	5
hác	5
étn	5
mmu	5
óup	5
kru	5
dje	5
frú	5
rút	5
ríe	5
gig	5
eoi	5
liè	5
suv	5
chú	5
sko	5
ijo	5
óco	5
íon	5
eác	5
mui	5
sgá	5
odt	5
éil	5
ppa	5
kop	5
iaa	5
zag	5
bím	5
eia	5
eka	5
biñ	5
aou	5
ráa	5
áas	5
llr	5
zuk	5
owd	5
ibm	4
aïd	4
ïdi	4
rhi	4
stä	4
mhi	4
kuh	4
uhl	4
zru	4
ezr	4
ntg	4
tgo	4
juí	4
duv	4
cwm	4
wmg	4
mgi	4
irf	4
jén	4
úvo	4
ezb	4
zbo	4
jaw	4
uhm	4
ióx	4
ucé	4
rzl	4
piè	4
ièg	4
ègn	4
áls	4
énn	4
kvd	4
iph	4
nkí	4
égi	4
utp	4
tph	4
kup	4
xeh	4
cbs	4
myc	4
ghl	4
táo	4
cnn	4
luw	4
uwi	4
xúp	4
bug	4
xxi	4
mgm	4
otl	4
yao	4
hór	4
amd	4
wks	4
yve	4
lyl	4
joã	4
oão	4
gps	4
omt	4
owc	4
wca	4
rih	4
iww	4
sâo	4
eip	4
ipz	4
pzi	4
ilz	4
aïa	4
ïam	4
héc	4
vih	4
esz	4
szo	4
elz	4
azg	4
váe	4
zna	4
úea	4
udv	4
héo	4
ábu	4
rmb	4
vóu	4
óum	4
fúm	4
rsó	4
iic	4
enp	4
xux	4
góu	4
lks	4
túl	4
npr	4
tja	4
áut	4
méc	4
baq	4
rdy	4
írl	4
wro	4
emd	4
mde	4
lwo	4
erú	4
stk	4
rnh	4
ítm	4
íle	4
faw	4
wke	4
uhn	4
kto	4
sda	4
éty	4
íom	4
kok	4
oaq	4
óac	4
cde	4
azú	4
sóc	4
aop	4
lok	4
atk	4
leq	4
gró	4
sgó	4
nzh	4
eyd	4
ydr	4
ueh	4
lwr	4
wra	4
jod	4
ooc	4
izc	4
agp	4
pef	4
kap	4
zed	4
gós	4
lpó	4
ksb	4
zoh	4
rtz	4
tve	4
kue	4
ñér	4
gak	4
vór	4
rmú	4
iek	4
rfí	4
ôme	4
néd	4
eñi	4
éma	4
ayo	4
vki	4
rwa	4
hba	4
láu	4
áur	4
luo	4
koy	4
vto	4
fóm	4
mha	4
ubb	4
ebú	4
úxa	4
euv	4
phn	4
hád	4
léi	4
htc	4
ónx	4
euz	4
iaf	4
yak	4
sok	4
fof	4
séq	4
kod	4
tíz	4
cok	4
zós	4
cze	4
véc	4
jig	4
bác	4
zun	4
eás	4
xof	4
núl	4
ysh	4
nlé	4
báñ	4
jal	4
ohh	4
lld	4
jih	4
uxá	4
nód	4
dbe	4
góx	4
koi	4
nae	4
niè	4
mpf	4
eeh	4
fói	4
lhu	4
ixu	4
tfo	4
cay	4
obí	4
ggs	4
iks	4
hmu	4
nrá	4
úmp	4
msm	4
rúz	4
lcú	4
nxá	4
úta	4
dno	4
fta	4
ivu	4
léb	4
èvr	4
nóc	4
yev	4
faq	4
dóm	4
ulu	4
lni	4
shr	4
ghu	4
itó	4
léx	4
mmi	4
mux	4
hém	4
dij	4
uag	4
jov	4
íva	4
mif	4
uíx	4
lír	4
gax	4
tka	4
déu	4
eie	4
rok	4
níz	4
cóf	4
ccr	4
iní	4
vov	4
fuj	4
onj	4
dod	4
klo	4
naj	4
hiy	4
péu	4
jad	4
thm	4
hli	4
lik	4
vác	4
ngm	4
xpú	4
nfú	4
ags	4
béa	4
díl	4
acs	4
cío	4
nyo	4
amy	4
úma	4
ávi	4
eja	4
eub	4
iof	4
ugg	4
ánn	4
eáz	4
bax	4
zóu	4
nfé	4
vra	4
ádo	4
nwo	4
nfá	4
ldw	4
mcl	4
dóu	4
ntz	4
úna	4
khi	4
rkh	4
ánm	4
iñó	4
wde	4
vaí	4
ríl	4
lii	4
rja	4
bek	4
odg	4
zzz	4
acv	3
cvu	3
uvr	3
hru	3
lze	3
uíg	3
awf	3
wfo	3
kew	3
jow	3
héu	3
onh	3
pué	3
osz	3
fél	3
éod	3
edz	3
zyr	3
yrz	3
ckv	3
kvi	3
qyb	3
ybu	3
rnd	3
dpt	3
ewm	3
wma	3
nnf	3
nfü	3
onç	3
çal	3
orh	3
pst	3
nyb	3
ybé	3
fée	3
éev	3
wyo	3
rii	3
eky	3
lyi	3
taí	3
yai	3
afp	3
nsy	3
uzy	3
thj	3
hja	3
ksw	3
lzh	3
uib	3
unp	3
cnu	3
rtj	3
akj	3
kje	3
kät	3
äth	3
roñ	3
eez	3
nrr	3
tmó	3
guá	3
rbr	3
owr	3
shn	3
lfg	3
vok	3
rcq	3
gnr	3
fét	3
ínu	3
iln	3
déf	3
wnl	3
xoh	3
eya	3
blv	3
lvd	3
naw	3
rhô	3
hôn	3
ône	3
raú	3
côt	3
ôte	3
ikt	3
nkr	3
lkm	3
kma	3
xúb	3
kdo	3
faf	3
oef	3
ffl	3
hrs	3
rúb	3
tce	3
ppm	3
uaz	3
ngz	3
gzh	3
uao	3
afú	3
rzu	3
zud	3
púg	3
úgn	3
tép	3
éph	3
uep	3
adf	3
ebh	3
acb	3
cbe	3
oxf	3
xfo	3
ouy	3
tpa	3
xod	3
xpá	3
buy	3
tyb	3
yba	3
msc	3
gpl	3
pkk	3
ahd	3
ttó	3
dsw	3
éem	3
rdè	3
dèc	3
èch	3
chü	3
fuk	3
iaz	3
upp	3
múr	3
joj	3
oje	3
érf	3
rôm	3
née	3
cóg	3
ógn	3
lwa	3
muz	3
yse	3
zne	3
fik	3
rão	3
rky	3
uyo	3
ñaz	3
uáb	3
miy	3
rfl	3
rún	3
edf	3
úpl	3
odz	3
yur	3
rúo	3
emt	3
zve	3
jir	3
epé	3
gés	3
lyb	3
eln	3
esx	3
gaw	3
khr	3
uzb	3
zbe	3
lép	3
tya	3
saj	3
jae	3
ewe	3
flí	3
lju	3
jub	3
ádi	3
lái	3
ehl	3
kwa	3
aém	3
dya	3
ych	3
yid	3
hmi	3
uif	3
zno	3
odl	3
dli	3
sny	3
nys	3
cyc	3
yco	3
czy	3
fúc	3
ids	3
igs	3
gsa	3
noy	3
iér	3
who	3
áea	3
uaq	3
aqi	3
huz	3
uzi	3
seí	3
ngp	3
ñia	3
avu	3
sew	3
dni	3
lbr	3
mní	3
jil	3
rlt	3
gaj	3
dux	3
udé	3
kfu	3
hek	3
moq	3
uló	3
fah	3
dúr	3
ngv	3
gva	3
kec	3
emú	3
móg	3
rdn	3
kse	3
akf	3
kfi	3
kme	3
ésc	3
moí	3
fob	3
dly	3
aíl	3
blé	3
nóg	3
bye	3
wob	3
ênc	3
lkn	3
bav	3
ryi	3
rnu	3
ezv	3
zvo	3
cuf	3
alú	3
umh	3
cuz	3
quh	3
cúe	3
oël	3
sri	3
uty	3
álg	3
téu	3
éul	3
ogg	3
bda	3
ázo	3
wig	3
tuñ	3
tsv	3
rtú	3
úrb	3
heh	3
ipá	3
mün	3
üns	3
grú	3
ibá	3
cyr	3
uur	3
faí	3
cmo	3
omv	3
dxe	3
síc	3
xfi	3
lsl	3
irú	3
aoy	3
ngj	3
btu	3
yso	3
íol	3
osb	3
cza	3
awi	3
ruj	3
rzy	3
rél	3
hex	3
ttu	3
hús	3
aén	3
uah	3
lóq	3
opé	3
ezi	3
sóm	3
xús	3
thc	3
uja	3
íul	3
lms	3
xío	3
oxá	3
oxu	3
lge	3
lej	3
ríñ	3
étr	3
ffs	3
dlo	3
lóg	3
châ	3
hât	3
âte	3
okh	3
kaf	3
afk	3
sht	3
icé	3
oár	3
foz	3
swi	3
ozi	3
ajr	3
bua	3
chy	3
aii	3
lsu	3
pde	3
adg	3
rvu	3
fud	3
bxa	3
mál	3
ziz	3
zte	3
eze	3
víu	3
uuu	3
oiñ	3
kik	3
dui	3
aiy	3
gúl	3
úll	3
pua	3
sth	3
sby	3
pém	3
tli	3
cóu	3
óas	3
ónz	3
glu	3
ñax	3
nhi	3
rdt	3
rív	3
unr	3
eíd	3
ébr	3
axó	3
zác	3
soq	3
cka	3
kae	3
rúr	3
árs	3
koe	3
ueá	3
obc	3
bce	3
kiy	3
llg	3
eís	3
baú	3
ões	3
úls	3
iyo	3
aup	3
hás	3
cúd	3
cey	3
thl	3
glú	3
guñ	3
eyr	3
otz	3
tzk	3
osd	3
mbí	3
doh	3
anw	3
uñá	3
aei	3
xax	3
fád	3
yra	3
fti	3
gfi	3
erw	3
iak	3
óic	3
íot	3
rdm	3
gín	3
óre	3
gav	3
ólg	3
ruk	3
hij	3
nóu	3
nwe	3
móf	3
puo	3
úto	3
olú	3
uwe	3
ruñ	3
uzz	3
mém	3
lns	3
xav	3
tuv	3
zem	3
uád	3
ádr	3
iis	3
lée	3
tno	3
mca	3
raá	3
gid	3
cex	3
póm	3
tão	3
ayf	3
eax	3
ónu	3
xho	3
pki	3
uzu	3
rsf	2
roë	2
oën	2
ésm	2
vuf	2
ufk	2
fku	2
wnh	2
atv	2
niw	2
sáh	2
áha	2
ghá	2
hái	2
xíl	2
ílg	2
mdp	2
lzm	2
obh	2
érô	2
zuo	2
loz	2
ñim	2
unv	2
aez	2
ngó	2
ilw	2
wau	2
auk	2
ezn	2
zhn	2
urã	2
gaí	2
ínz	2
loë	2
íap	2
puy	2
ahb	2
rcè	2
ypr	2
amg	2
mgr	2
rcy	2
ulj	2
goy	2
ñav	2
dyo	2
yoc	2
oió	2
nén	2
piw	2
iwo	2
drz	2
zej	2
prú	2
eik	2
ekí	2
ohè	2
hèm	2
ème	2
ysb	2
zya	2
idy	2
kui	2
cct	2
ctv	2
kkk	2
eaw	2
loh	2
pfe	2
búx	2
híp	2
müg	2
ügg	2
máa	2
áat	2
ezó	2
hné	2
wed	2
uaj	2
paç	2
aço	2
ugé	2
skh	2
ghb	2
hby	2
ocq	2
usg	2
heí	2
dsc	2
ulz	2
sxe	2
uíb	2
ckx	2
grâ	2
rân	2
ând	2
yej	2
énl	2
yúr	2
bié	2
beg	2
bly	2
syg	2
ygm	2
xih	2
waj	2
jel	2
láz	2
ugb	2
gby	2
jör	2
örg	2
cyp	2
ypa	2
aom	2
vyc	2
zuñ	2
rpg	2
hyu	2
kbc	2
bcr	2
pts	2
vcc	2
áin	2
tnt	2
edl	2
isz	2
szc	2
zcz	2
ewk	2
wka	2
zyn	2
kái	2
ñid	2
dgi	2
fok	2
kóp	2
noá	2
oác	2
vóm	2
evk	2
vka	2
shb	2
kda	2
lpr	2
gsy	2
aoh	2
lót	2
nób	2
aak	2
aoq	2
yif	2
gpi	2
iee	2
gyu	2
rjo	2
ovh	2
vhó	2
nnv	2
gys	2
haî	2
aîn	2
îne	2
awg	2
wge	2
sye	2
gmu	2
syc	2
óao	2
khu	2
név	2
yuh	2
uhu	2
jid	2
nkf	2
shü	2
jax	2
tóq	2
izq	2
yni	2
why	2
rwo	2
múe	2
óad	2
ozm	2
yea	2
epb	2
pbu	2
yds	2
akm	2
lañ	2
exl	2
xle	2
oof	2
çai	2
lno	2
lgh	2
odb	2
akr	2
lye	2
wym	2
pty	2
ibs	2
fiv	2
odá	2
kár	2
zeu	2
byr	2
xós	2
qio	2
paf	2
hié	2
aee	2
asr	2
zey	2
énf	2
paa	2
ráq	2
ssu	2
sót	2
efú	2
fúx	2
úxi	2
elê	2
lên	2
blü	2
lüc	2
üch	2
sox	2
rgs	2
gsk	2
kne	2
bóv	2
góz	2
ózo	2
yvo	2
íax	2
adk	2
láe	2
rsm	2
cáv	2
lúr	2
péi	2
uxh	2
foe	2
ntf	2
awb	2
wbe	2
emr	2
mro	2
psg	2
khn	2
hno	2
lnd	2
lsb	2
joë	2
ceh	2
gég	2
égé	2
ynd	2
dju	2
lrl	2
xté	2
nye	2
súr	2
rtª	2
lfp	2
fpo	2
ilà	2
zhv	2
hve	2
muy	2
pwu	2
atn	2
obj	2
bje	2
jec	2
oyn	2
guê	2
uês	2
ieh	2
ked	2
ttg	2
tge	2
smü	2
cfd	2
fdt	2
kst	2
umt	2
afs	2
fss	2
noé	2
uog	2
auh	2
toh	2
duu	2
acp	2
nít	2
xcm	2
mve	2
wem	2
tlu	2
üei	2
biv	2
exf	2
seh	2
ksh	2
joz	2
fow	2
mij	2
ryk	2
yki	2
ryc	2
zko	2
meq	2
awy	2
fól	2
sbr	2
cyn	2
qun	2
acz	2
ycz	2
zyw	2
ajd	2
waw	2
nyt	2
ngb	2
gbo	2
dsh	2
gná	2
fsp	2
ghr	2
hés	2
slé	2
ihi	2
ezí	2
zín	2
jui	2
péd	2
beq	2
ldm	2
auz	2
wid	2
icq	2
nss	2
awc	2
huk	2
ouw	2
cáz	2
jib	2
bwe	2
mml	2
ndb	2
ueó	2
ulq	2
xál	2
ráu	2
áud	2
éut	2
xaz	2
lté	2
ovn	2
ljo	2
hej	2
aió	2
ncú	2
xum	2
ubh	2
náf	2
lmu	2
rmy	2
itk	2
vch	2
ujo	2
oky	2
kyo	2
mce	2
fka	2
yna	2
tae	2
ogd	2
khb	2
xco	2
tíl	2
yaz	2
azd	2
bbb	2
ppp	2
ppr	2
rrr	2
ioz	2
zil	2
eds	2
ukr	2
öbl	2
xtá	2
lxé	2
bih	2
dta	2
núb	2
éee	2
lpé	2
péa	2
kuk	2
cié	2
brú	2
cdu	2
deí	2
lsá	2
amz	2
zid	2
pdo	2
soy	2
edb	2
pdi	2
jum	2
táx	2
yeb	2
yus	2
yab	2
amñ	2
awt	2
wth	2
eob	2
víñ	2
deh	2
cej	2
lft	2
édé	2
fry	2
míc	2
uaf	2
fús	2
tós	2
pss	2
fim	2
ije	2
úoa	2
bsó	2
vón	2
dáp	2
idw	2
dwe	2
aju	2
lsc	2
qoy	2
oyi	2
bís	2
ikk	2
móu	2
hch	2
nrc	2
luf	2
uft	2
ftw	2
úsp	2
fuh	2
uhr	2
eíb	2
axá	2
kag	2
suy	2
oyu	2
cii	2
húc	2
eii	2
xíu	2
uál	2
übe	2
ygo	2
ées	2
bcu	2
oix	2
lfá	2
rlu	2
éel	2
syn	2
dfi	2
émp	2
úlg	2
ldt	2
hty	2
iim	2
úle	2
kys	2
dew	2
ugá	2
udl	2
edm	2
mbs	2
egh	2
zda	2
hfi	2
cts	2
hso	2
átu	2
dít	2
stv	2
tvi	2
alw	2
tgu	2
imr	2
tég	2
búo	2
mõe	2
bej	2
rdc	2
beñ	2
xcí	2
azh	2
gji	2
iyu	2
uef	2
gmi	2
ìta	2
feg	2
uay	2
noó	2
cút	2
jxe	2
obn	2
btr	2
unq	2
áos	2
jár	2
árk	2
zim	2
lyu	2
yud	2
éeo	2
etk	2
ííí	2
íld	2
liy	2
sek	2
thf	2
bys	2
hko	2
ckf	2
kht	2
oám	2
xéa	2
hön	2
úga	2
höl	2
gün	2
umf	2
lzá	2
sbl	2
nóv	2
ohm	2
ozá	2
esr	2
azn	2
itv	2
fíï	2
elw	2
jik	2
gáf	2
kab	2
méa	2
xca	2
dxú	2
ngf	2
hto	2
xíc	2
shv	2
eki	2
geg	2
ött	2
msu	2
óul	2
óuc	2
eju	2
ebd	2
tân	2
bij	2
wyl	2
árv	2
séi	2
síp	2
dwy	2
boé	2
yez	2
raç	2
aça	2
ças	2
rny	2
fóg	2
nct	2
ekh	2
zky	2
ebá	2
rús	2
éoa	2
dik	2
kuw	2
uwa	2
íop	2
lnu	2
líf	2
ceá	2
tzo	2
atw	2
hda	2
éum	2
änd	2
npa	2
ulú	2
veb	2
feí	2
uod	2
sóx	2
áuf	2
déo	2
áfa	2
dej	2
nuz	2
hga	2
emc	2
caq	2
bsé	2
óal	2
híd	2
ídr	2
xcr	2
uás	2
ñiá	2
sfé	2
umú	2
euw	2
éré	2
tfi	2
sow	2
veí	2
eía	2
stc	2
zca	2
ufá	2
loá	2
lúo	2
íea	2
lyt	2
rbé	2
zzl	2
zli	2
péñ	2
áms	2
maî	2
aît	2
îtr	2
xeá	2
ínx	2
bsa	2
ioe	2
pnó	2
tzs	2
zsc	2
lmp	2
kiu	2
tié	2
sèn	2
véo	2
oav	2
guz	2
nzú	2
ulb	2
xaq	2
neñ	2
íem	2
déx	2
táu	2
líx	2
bub	2
vuk	2
noh	2
kta	2
rls	2
anb	2
dzh	2
ijn	2
éov	2
yho	2
wua	2
mcn	2
cna	2
boq	2
mío	2
séb	2
hny	2
iil	2
páp	2
uáq	2
rwi	2
dek	2
gló	2
teé	2
eén	2
eah	2
ahy	2
yfi	2
utl	2
lkl	2
xóu	2
csa	2
evl	2
vlv	2
póu	2
nrí	2
xeb	2
qul	2
lmh	2
pyo	2
yil	2
moj	2
azy	2
grd	2
slú	2
efá	2
ggu	2
jaq	2
opk	2
ppl	2
buj	2
arj	2
jas	2
dsk	2
fób	2
etw	2
lóu	2
ñet	2
ção	2
gsu	2
lvy	2
xcé	2
vlt	2
aot	2
jra	2
hée	1
hút	1
még	1
rbè	1
bèr	1
ièl	1
èle	1
oev	1
gju	1
eóp	1
ñoz	1
alò	1
zef	1
ijá	1
jái	1
luñ	1
ciò	1
owo	1
rku	1
fió	1
kry	1
rzk	1
byk	1
yky	1
rsy	1
syt	1
eje	1
fex	1
rbí	1
eóg	1
ohu	1
ucz	1
bdó	1
woj	1
ojs	1
jsl	1
tms	1
eáv	1
ryj	1
ujs	1
jsk	1
ólu	1
icy	1
udn	1
wys	1
czo	1
ómn	1
ovó	1
tyc	1
paw	1
krz	1
rzb	1
zba	1
jda	1
trz	1
zyk	1
spú	1
cds	1
mrp	1
rpp	1
pco	1
xéh	1
ého	1
osw	1
wsb	1
réq	1
aof	1
aag	1
omw	1
táa	1
áaa	1
ghú	1
ghé	1
sái	1
hañ	1
hih	1
nih	1
xuz	1
uzg	1
zga	1
axw	1
xwe	1
yss	1
ecq	1
ibn	1
yoj	1
ofs	1
iév	1
tct	1
qer	1
nío	1
uzk	1
zkh	1
óur	1
wsh	1
vij	1
dza	1
ldy	1
ouj	1
rzi	1
wch	1
ndô	1
dôm	1
llp	1
lpl	1
luy	1
uwk	1
ibw	1
nkt	1
kti	1
cgo	1
dby	1
íaz	1
dhé	1
vip	1
fiz	1
drô	1
dlg	1
meí	1
eíu	1
íud	1
lói	1
lfé	1
uyè	1
yèr	1
kua	1
ilf	1
páv	1
ávl	1
pép	1
coj	1
lód	1
knu	1
puj	1
ujó	1
jóv	1
óvs	1
sná	1
ldá	1
rrm	1
apn	1
lfú	1
fúr	1
myn	1
lfí	1
evc	1
rzh	1
gss	1
ssc	1
wii	1
iie	1
shp	1
hpa	1
pak	1
noî	1
oît	1
iey	1
tye	1
euj	1
jol	1
ucs	1
csi	1
héj	1
éjo	1
vaé	1
aéc	1
khz	1
hza	1
érz	1
gdr	1
izp	1
zpi	1
duá	1
gah	1
ñee	1
qqq	1
qqu	1
drö	1
oty	1
mlb	1
wir	1
neh	1
ooz	1
bch	1
prr	1
faj	1
ccc	1
zeo	1
zez	1
zoz	1
zcr	1
úao	1
dtu	1
yec	1
hhe	1
zpe	1
ttt	1
sku	1
fíq	1
fui	1
mys	1
dxa	1
nzm	1
htm	1
psh	1
kfc	1
qig	1
döb	1
psy	1
toñ	1
uét	1
lèg	1
ège	1
ézi	1
ziè	1
vus	1
émt	1
uée	1
éba	1
üín	1
wye	1
ídá	1
dte	1
atd	1
tde	1
izt	1
odp	1
dpd	1
éxc	1
chp	1
hpu	1
zéz	1
ádc	1
dce	1
cdi	1
ezt	1
ztr	1
mzó	1
dba	1
ukl	1
ycl	1
shw	1
díz	1
ísk	1
qut	1
iuu	1
nuy	1
uys	1
goá	1
ikí	1
puu	1
udp	1
jaj	1
abh	1
mza	1
qas	1
mña	1
kbr	1
héa	1
gev	1
giy	1
iyá	1
yán	1
chè	1
hèr	1
tbr	1
azr	1
írd	1
ivz	1
vza	1
ejt	1
jtl	1
htr	1
eeñ	1
lmé	1
eát	1
bmu	1
dhu	1
hui	1
mtv	1
abt	1
bto	1
xez	1
ócu	1
óug	1
stê	1
tên	1
stb	1
idf	1
úrg	1
jug	1
jei	1
wli	1
dpc	1
pcr	1
gop	1
gim	1
ndâ	1
dân	1
ânc	1
amã	1
xut	1
ziñ	1
ozg	1
éje	1
fki	1
érn	1
kof	1
qoh	1
bqu	1
ísb	1
kke	1
érq	1
waf	1
ósv	1
úed	1
vha	1
jey	1
lry	1
lyv	1
yva	1
aek	1
qot	1
ánv	1
mcg	1
hms	1
rié	1
mih	1
jiw	1
moy	1
hry	1
ysl	1
yta	1
tsf	1
ldv	1
iñi	1
ñiñ	1
rsl	1
yli	1
brg	1
iiz	1
quc	1
msi	1
nux	1
céi	1
éib	1
ióo	1
óon	1
úmo	1
grü	1
rüb	1
bóu	1
lyg	1
yré	1
ajn	1
jna	1
ípa	1
lje	1
lmd	1
rdf	1
ióc	1
réb	1
idm	1
búl	1
ilú	1
zúc	1
buz	1
awh	1
ukt	1
ktú	1
wns	1
tzf	1
zfe	1
rdh	1
iqi	1
qir	1
tii	1
ryb	1
bhu	1
héb	1
éñó	1
ñól	1
ryd	1
dúz	1
cnd	1
nyw	1
ywh	1
xys	1
dmu	1
gpr	1
líp	1
ólc	1
cíl	1
rkt	1
rtf	1
cry	1
tlc	1
sph	1
xág	1
llh	1
ssk	1
owh	1
níx	1
chf	1
opm	1
pme	1
dúp	1
úlm	1
lko	1
stg	1
síf	1
siè	1
ièc	1
ècl	1
pft	1
oyx	1
yxe	1
dée	1
feh	1
lzi	1
nçó	1
çói	1
noj	1
aús	1
emõ	1
joq	1
dco	1
ogb	1
gba	1
úot	1
ahj	1
hjo	1
aiw	1
ngd	1
gdo	1
nyu	1
wub	1
úem	1
ejp	1
jpa	1
wuj	1
xúl	1
osì	1
sìt	1
ueé	1
ipú	1
cóe	1
tvn	1
guh	1
ndh	1
gyo	1
exm	1
xma	1
nèg	1
ègr	1
ssp	1
oón	1
úss	1
ejx	1
ugè	1
gèn	1
úor	1
cóa	1
dmé	1
pbr	1
uné	1
máo	1
cnó	1
nuh	1
udh	1
aky	1
kya	1
abw	1
hiá	1
ekr	1
súd	1
yns	1
oml	1
izv	1
pce	1
kva	1
jev	1
mre	1
líí	1
íín	1
máá	1
ááá	1
áán	1
rcr	1
ilj	1
amt	1
mta	1
tih	1
hfu	1
rlb	1
khy	1
hym	1
árá	1
ogl	1
kfo	1
dyc	1
vse	1
uzt	1
yda	1
zóc	1
axt	1
chö	1
önb	1
zki	1
chä	1
häf	1
äfe	1
stf	1
tfa	1
sys	1
fúg	1
ttw	1
öll	1
ünt	1
mfo	1
idz	1
sdr	1
völ	1
ölk	1
bíq	1
váv	1
hwe	1
lbs	1
orw	1
rwä	1
wär	1
ärt	1
lsz	1
hsh	1
nzl	1
zla	1
bön	1
öni	1
ckm	1
kmo	1
qho	1
izd	1
cái	1
zcl	1
jeo	1
zny	1
qur	1
íïa	1
bsk	1
zev	1
lwy	1
gbi	1
rwy	1
wyc	1
yck	1
eyg	1
ñex	1
ásp	1
yob	1
ihn	1
fln	1
ému	1
ácc	1
ñus	1
zzm	1
áet	1
owp	1
wpo	1
geñ	1
áft	1
dép	1
épe	1
uym	1
cll	1
gec	1
röt	1
ttc	1
nnh	1
nmá	1
frä	1
räu	1
äul	1
wax	1
fpi	1
nmm	1
nnm	1
rêv	1
êve	1
nôt	1
ôtr	1
vaj	1
úmu	1
coá	1
oág	1
féd	1
qux	1
tuq	1
fué	1
iké	1
péx	1
tzy	1
guú	1
uún	1
opy	1
éso	1
úoo	1
rói	1
kky	1
ajl	1
jlo	1
jej	1
evd	1
nyl	1
spy	1
pyn	1
tym	1
nqé	1
qéd	1
óng	1
pcf	1
noë	1
anè	1
nèr	1
ayk	1
yka	1
kyn	1
zúr	1
gii	1
yoh	1
hoh	1
ioj	1
zeb	1
eyk	1
tyt	1
hén	1
sív	1
júp	1
ngí	1
ínq	1
fêm	1
ême	1
dey	1
ntâ	1
âne	1
óev	1
umk	1
rnw	1
éiv	1
ísq	1
oém	1
âni	1
giv	1
dób	1
dáa	1
zzy	1
hóv	1
joc	1
bya	1
mlo	1
ttk	1
tke	1
usb	1
ltz	1
ikr	1
odj	1
ssé	1
úeo	1
dói	1
útl	1
mné	1
rji	1
írá	1
byl	1
ovc	1
eíx	1
dsu	1
jok	1
sóv	1
hku	1
msk	1
xóv	1
oht	1
oiz	1
lút	1
taj	1
uyn	1
eeb	1
nku	1
leh	1
óuz	1
tux	1
skl	1
hva	1
éin	1
nhd	1
áró	1
dch	1
iuo	1
hóu	1
njx	1
jxu	1
dyk	1
hän	1
ghs	1
áig	1
loñ	1
rzó	1
ióg	1
mfr	1
onp	1
kye	1
wce	1
owy	1
baw	1
íxé	1
tva	1
shc	1
hci	1
djv	1
jve	1
nkm	1
diw	1
thw	1
xch	1
ldf	1
pym	1
rér	1
mew	1
gef	1
myf	1
yfa	1
gry	1
ryf	1
yff	1
gly	1
sbá	1
sfl	1
geu	1
iiv	1
atq	1
tqu	1
lóé	1
zic	1
auw	1
úam	1
amh	1
mhe	1
xlx	1
wih	1
ihl	1
crè	1
rèc	1
èce	1
hog	1
hwo	1
syo	1
lnn	1
syd	1
ydn	1
uzc	1
yav	1
iok	1
éng	1
ácr	1
smé	1
cln	1
jiy	1
chg	1
peú	1
eúg	1
úgo	1
mch	1
póx	1
zob	1
thn	1
rmg	1
mga	1
gbf	1
gtu	1
imx	1
mxg	1
xgí	1
ógi	1
úee	1
aún	1
únl	1
péz	1
éop	1
mvi	1
hlm	1
trb	1
sgú	1
mím	1
ocy	1
cys	1
énz	1
zzu	1
oib	1
uww	1
nró	1
ckj	1
kja	1
aai	1
itf	1
auu	1
voó	1
mii	1
iin	1
buh	1
flq	1
wdy	1
ánw	1
iex	1
íuu	1
uun	1
áps	1
báv	1
joi	1
thó	1
rgè	1
gès	1
cèb	1
èbe	1
rgé	1
rwe	1
sló	1
eyt	1
yti	1
úet	1
jaa	1
cég	1
coí	1
hío	1
fyo	1
yod	1
xíx	1
vóo	1
slí	1
mts	1
otw	1
eue	1
gso	1
añu	1
ñur	1
dái	1
ceñ	1
few	1
poí	1
oít	1
dót	1
msr	1
rtä	1
fwm	1
wms	1
evu	1
vue	1
lúd	1
gny	1
rpm	1
imc	1
nlú	1
lúx	1
hrm	1
mño	1
ölz	1
lzl	1
xhí	1
szk	1
ahé	1
ufu	1
rbj	1
bjo	1
itd	1
dúo	1
jue	1
tpe	1
uoñ	1
xuk	1
olw	1
gór	1
rsè	1
éox	1
plú	1
lúm	1
idj	1
úrt	1
meñ	1
eññ	1
ñño	1
kuc	1
zúa	1
bny	1
ayw	1
ywa	1
iox	1
gok	1
kuj	1
iuk	1
odf	1
igc	1
bóo	1
óol	1
dys	1
rfr	1
orj	1
snf	1
uzó	1
ldé	1
otg	1
póg	1
éxs	1
xsa	1
ikú	1
nhk	1
náz	1
ccí	1
niy	1
uxó	1
óru	1
htf	1
iés	1
cyd	1
phl	1
hím	1
ilg	1
élo	1
tuk	1
umü	1
kwi	1
owt	1
rpá	1
ftu	1
zwö	1
wöl	1
ölf	1
thè	1
hèq	1
èqu	1
rní	1
okt	1
aït	1
ïti	1
wiz	1
tcl	1
voï	1
oït	1
ïtc	1
lsp	1
nnw	1
weg	1
leë	1
eëv	1
imj	1
mja	1
wom	1
mej	1
áit	1
gea	1
fiè	1
kpe	1
tpi	1
añi	1
ñis	1
okq	1
kqu	1
deq	1
kux	1
aey	1
ijl	1
jlm	1
zay	1
rij	1
ijk	1
jks	1
ksm	1
fóc	1
xpí	1
néo	1
téi	1
zze	1
ifá	1
gux	1
ckg	1
kga	1
mmn	1
ajx	1
otj	1
tje	1
ruu	1
uus	1
ayh	1
éab	1
gki	1
báf	1
épa	1
rpé	1
étu	1
zoñ	1
anp	1
záf	1
éru	1
güa	1
üac	1
vaf	1
óbo	1
oee	1
iia	1
pút	1
útr	1
cne	1
ynh	1
peé	1
eéi	1
ahv	1
hvé	1
úbo	1
rló	1
sfb	1
eyc	1
lpu	1
kna	1
udt	1
lsm	1
uoc	1
rbá	1
huy	1
lbj	1
céb	1
ghw	1
khe	1
miê	1
iêu	1
ióf	1
hél	1
tme	1
rtm	1
óun	1
zmi	1
dét	1
ntt	1
kiv	1
coë	1
oët	1
róa	1
ksu	1
rdr	1
etã	1
igw	1
hsk	1
rnn	1
dçu	1
çua	1
nré	1
sbó	1
huo	1
uob	1
iói	1
óin	1
ahg	1
hgr	1
frn	1
aúi	1
úis	1
ápe	1
róq	1
ílñ	1
lña	1
gez	1
oyk	1
árp	1
óut	1
nej	1
ntè	1
tès	1
hhn	1
dév	1
fif	1
fth	1
uxt	1
azt	1
dìa	1
ìas	1
árx	1
icì	1
cìa	1
esw	1
weh	1
rnt	1
yoi	1
zún	1
jür	1
ürg	1
vée	1
göt	1
psc	1
odh	1
nhn	1
dsi	1
vlc	1
úcr	1
érb	1
ónc	1
kog	1
vep	1
eyh	1
fbl	1
eyl	1
aòo	1
òos	1
ñai	1
llt	1
dhd	1
ccu	1
uñi	1
ñin	1
snd	1
háv	1
tvs	1
lgl	1
lzb	1
zbu	1
brü	1
rüd	1
üde	1
slä	1
län	1
lng	1
axf	1
nrt	1
cdc	1
lvl	1
vln	1
uml	1
mls	1
pll	1
clñ	1
lño	1
cld	1
dlq	1
aán	1
ebn	1
aoa	1
tób	1
óbn	1
eáp	1
ólr	1
pej	1
vág	1
ènt	1
iej	1
gpo	1
sxa	1
arú	1
eew	1
ysi	1
zhd	1
áxo	1
ónn	1
mci	1
ckt	1
mhu	1
nyd	1
mcm	1
cma	1
gya	1
üne	1
què	1
uèd	1
èda	1
íïc	1
ïci	1
rxá	1
ffu	1
fiú	1
iún	1
íñe	1
ñeo	1
bff	1
líu	1
jnn	1
aïm	1
ïmo	1
diy	1
réf	1
éfl	1
ngé	1
píe	1
ámt	1
eby	1
úrm	1
bex	1
mby	1
mrs	1
blp	1
lpp	1
pph	1
uok	1
xuc	1
dbo	1
xéx	1
hoj	1
oju	1
spg	1
pgf	1
dye	1
atf	1
umw	1
mwa	1
vks	1
ksy	1
ghg	1
imk	1
mké	1
okf	1
rmm	1
ttd	1
oyt	1
crc	1
rtn	1
mpc	1
pch	1
uxè	1
xèr	1
èro	1
bep	1
epf	1
tsm	1
itj	1
pté	1
moï	1
oïs	1
ïse	1
flü	1
lüs	1
üss	1
igk	1
gke	1
oñc	1
ñce	1
lgé	1
rfü	1
csí	1
mho	1
rtb	1
tbe	1
yed	1
fba	1
shd	1
ésb	1
bip	1
bap	1
nsâ	1
khé	1
rák	1
lfh	1
fhí	1
mút	1
útu	1
ftá	1
ssr	1
kiw	1
iwi	1
uñs	1
thä	1
häl	1
älm	1
oqy	1
qyé	1
uéa	1
ebf	1
bfo	1
ági	1
ovl	1
vle	1
sóo	1
túi	1
ehz	1
hzr	1
abp	1
bpo	1
yrs	1
mpy	1
pya	1
yuz	1
kuv	1
yug	1
ruá	1
sdh	1
wás	1
ásh	1
yfl	1
ujl	1
jll	1
cág	1
róv	1
nfh	1
fha	1
ojá	1
íck	1
ubn	1
bno	1
sáñ	1
túd	1
óld	1
usv	1
uoq	1
qia	1
xee	1
dáe	1
gsá	1
qix	1
íar	1
dút	1
doú	1
oús	1
íbé	1
éoo	1
ryt	1
igb	1
rhy	1
hyt	1
áeu	1
húp	1
rtw	1
twr	1
çat	1
tij	1
mnb	1
nbi	1
aoñ	1
ssb	1
nsw	1
xeq	1
npí	1
ggr	1
gúm	1
jur	1
bop	1
ótu	1
wya	1
gep	1
ddt	1
súc	1
fda	1
vói	1
oós	1
csh	1
xáv	1
qae	1
ivy	1
dél	1
roá	1
nói	1
xíd	1
juv	1
hti	1
kfa	1
pja	1
naç	1
açã	1
beç	1
eça	1
vya	1
érè	1
rès	1
èse	1
syi	1
tiç	1
iço	1
stã	1
itã	1
ugã	1
gão	1
xoz	1
ejé	1
jér	1
jdu	1
löb	1
ajk	1
ónm	1
rlé	1
ivm	1
vmo	1
ndn	1
múj	1
úji	1
jic	1
ecv	1
cve	1
ucd	1
imã	1
mão	1
dgo	1
ríq	1
txi	1
xik	1
lúb	1
únh	1
thb	1
hbr	1
oér	1
avs	1
mnt	1
éos	1
inw	1
rbs	1
óie	1
díf	1
qeu	1
azs	1
afõ	1
fõe	1
feq	1
mbh	1
bho	1
sct	1
vyn	1
qat	1
tót	1
obó	1
kwo	1
aua	1
spì	1
pìt	1
muo	1
ngg	1
unw	1
nwu	1
nrw	1
reé	1
euo	1
uks	1
rek	1
hkl	1
uzn	1
khl	1
yot	1
vay	1
mly	1
kve	1
auq	1
tza	1
ldó	1
dóz	1
óze	1
cnt	1
gde	1
böh	1
öhm	1
ecm	1
nfs	1
fsa	1
úbí	1
kuu	1
uuh	1
lwi	1
höh	1
öhn	1
önn	1
ómu	1
rrh	1
áed	1
éac	1
fey	1
gey	1
zep	1
hyr	1
abx	1
kiz	1
rvs	1
mpk	1
aqe	1
qen	1
nnd	1
sío	1
jha	1
aqo	1
kkh	1
amõ	1
teç	1
ngc	1
gch	1
eém	1
dáo	1
rju	1
bhá	1
hág	1
rúc	1
cyb	1
píx	1
kcp	1
cpc	1
khj	1
igz	1
gza	1
egí	1
édr	1
xóp	1
mip	1
zoi	1
duf	1
voá	1
páu	1
cúo	1
sué	1
úpr	1
nóq	1
lhã	1
ffk	1
fky	1
orâ	1
râm	1
âml	1
mlc	1
rrã	1
lrm	1
erç	1
rço	1
vaz	1
nld	1
wul	1
etú	1
túb	1
jit	1
tói	1
hii	1
ldl	1
xtí	1
hsu	1
eaq	1
órf	1
kij	1
eiç	1
içã	1
nuk	1
bll	1
púa	1
snó	1
órk	1
