არა	18032
თრვ	15278
კაკ	13695
პაგ	10618
ოპვ	10362
ჟრა	9996
ოპა	9544
თმა	9092
აკგ	8599
აგა	8564
გამ	8349
აგთ	7937
ოპთ	7907
აკა	7400
პვე	7365
ჟკა	6829
კარ	6811
ვრვ	6673
ვნთ	6431
სგა	6255
ამვ	6156
თნა	6031
ჟრთ	6029
ჟამ	5769
მვნ	5757
ლვე	5497
ალთ	5389
ვენ	5375
თჟკ	5326
ნარ	5283
ვკა	5121
მთჟ	5095
გაქ	5076
რაკ	4978
ჟრგ	4848
პარ	4788
ჟყმ	4785
რვლ	4744
თჟლ	4689
თჟრ	4679
ნაო	4651
ვჟრ	4649
თპა	4630
ნამ	4612
ვეთ	4598
წმა	4574
თლთ	4566
ანთ	4513
ვქვ	4512
ჟლვ	4456
ნთკ	4451
ნწმ	4427
ბგა	4388
გარ	4368
თწრ	4347
ჟრპ	4343
რპწ	4321
პწბ	4256
წბგ	4255
ბპვ	4252
ვმვ	4209
არვ	4168
პან	4121
ვფვ	4057
თფკ	4048
ნთვ	4039
რან	4023
ნალ	4006
აპა	3996
ევნ	3993
მამ	3989
გყპ	3949
ნავ	3850
კაზ	3773
რპვ	3770
ვლთ	3726
ანა	3699
ვნა	3687
რსკ	3632
ბპა	3627
რარ	3597
კამ	3561
რაგ	3559
ყევ	3553
გთე	3522
ანვ	3480
ეთნ	3463
აოპ	3463
ჟთფ	3391
აპთ	3375
გჟთ	3350
წგა	3310
ზეა	3255
რპა	3213
პვმ	3145
ვპთ	3138
მალ	3135
ჟრვ	3129
ჟლს	3103
გვფ	3070
დლვ	3064
ბვქ	3051
გთნ	3045
პაე	3044
ნვღ	2991
აქვ	2988
პაბ	2987
რამ	2971
ვდა	2960
წრა	2956
თევ	2908
ეგა	2907
თკა	2906
სბთ	2891
ჟმვ	2866
ვეა	2854
ლად	2803
ენა	2792
ეაპ	2755
რვბ	2753
ალა	2749
ნწკ	2735
ნვრ	2722
აჟრ	2677
ნვმ	2660
ართ	2660
კპა	2641
რთნ	2626
ნთრ	2621
ზთგ	2617
პვჟ	2592
ნთწ	2590
პამ	2578
ჟვდ	2566
ზვნ	2563
კაპ	2535
თნთ	2531
ევკ	2507
ვმა	2476
დპა	2474
აევ	2455
ვრა	2446
რგა	2436
ჟლთ	2427
კყე	2419
გვნ	2405
გაი	2404
გვრ	2403
ლვნ	2375
თგა	2366
ბთლ	2342
ეამ	2339
თრა	2336
დარ	2332
მვპ	2323
ვნრ	2307
გპვ	2306
გან	2305
ნაჟ	2302
კაქ	2291
ნაფ	2276
აპვ	2267
პსდ	2260
ამა	2260
ეპს	2251
მარ	2243
გვპ	2236
მთნ	2233
ოაპ	2210
ოთრ	2204
პთრ	2198
ბლა	2180
ოლა	2178
მაქ	2176
ეალ	2172
პთწ	2162
თმვ	2158
პვნ	2149
გთზ	2146
ავქ	2139
ვევ	2138
ეპა	2135
სფთ	2135
ზვქ	2126
ნაგ	2123
ენთ	2093
აეთ	2076
ლსფ	2076
აპწ	2068
ფკთ	2046
ნვდ	2045
ლარ	2036
აეა	2030
ალკ	2028
ჟკთ	2024
ვლვ	1995
თუთ	1989
ფვრ	1987
აგწ	1967
ლთრ	1940
აფთ	1933
ირვ	1929
ვნვ	1927
აგვ	1923
ამთ	1912
თლა	1888
გალ	1846
ჟვკ	1844
ვბვ	1838
თუა	1837
აზვ	1836
ვლა	1833
ბთპ	1832
ნაპ	1823
რყპ	1822
ნვქ	1821
ევლ	1811
გვე	1810
მვრ	1807
ვპა	1803
ევრ	1778
რპთ	1772
ლვრ	1771
პვკ	1768
ალვ	1760
ნვჟ	1753
ადა	1748
კპთ	1743
აზა	1742
თფა	1738
ჟაკ	1733
დლა	1727
თეთ	1713
ვღა	1686
რთგ	1682
პვქ	1672
გჟვ	1671
რვპ	1663
პაჟ	1661
იევ	1655
ფვპ	1650
ნვკ	1647
რთრ	1646
ვპვ	1646
ეარ	1629
ფვნ	1625
გთქ	1618
მაი	1614
ფაკ	1612
ვრთ	1607
ლთფ	1601
ყპგ	1593
ჟპვ	1587
ბაგ	1579
ბყე	1572
პვბ	1563
ეაგ	1561
რვნ	1553
პგა	1539
ოვპ	1534
ბყპ	1529
თფვ	1524
მვჟ	1520
ნთუ	1520
ნაე	1517
ჟგვ	1506
გვკ	1488
მან	1474
აპრ	1468
ჟოპ	1453
გთვ	1451
პთჟ	1448
ვჟვ	1445
კგა	1442
აირ	1438
ჟგა	1432
ყპნ	1426
კთრ	1413
გთრ	1407
ლვმ	1403
გპა	1403
ეთმ	1397
ზალ	1395
ეან	1395
პთკ	1394
დნა	1387
პთმ	1377
გთლ	1371
თნვ	1364
გნთ	1364
ნაქ	1356
ნთმ	1349
აღა	1347
ლწგ	1345
ჟთდ	1345
ჟლა	1342
ფსგ	1342
ჟლწ	1339
თნჟ	1337
ნთღ	1334
ანრ	1326
პაქ	1319
ბთე	1315
პალ	1313
ლთქ	1311
ლვკ	1309
თვრ	1309
რკა	1303
ჟსმ	1298
ვზე	1298
ოსჟ	1298
პვრ	1298
ლაგ	1294
ნვნ	1294
აქთ	1287
ფთნ	1282
ჟნა	1281
ვმთ	1279
კალ	1277
ლაე	1269
ლან	1266
თდს	1263
დსპ	1263
ჟოა	1262
წრვ	1261
გთმ	1260
ოაჟ	1256
ფაჟ	1255
ოყრ	1254
აჟთ	1252
ჟყღ	1244
ფვჟ	1244
ნჟკ	1238
ვლწ	1229
ვბა	1223
ლნთ	1219
ბლვ	1218
გაპ	1218
პნა	1214
ნრა	1208
ვჟნ	1205
აიკ	1202
აუთ	1199
თფნ	1197
ნად	1194
ალწ	1184
უთწ	1184
ეთქ	1183
რგვ	1183
აენ	1178
ალნ	1173
არკ	1169
ლთნ	1168
აიე	1167
ენვ	1158
თზე	1158
დაქ	1152
მთპ	1142
დნვ	1139
ვეგ	1130
რაპ	1128
ჟთნ	1124
აჟნ	1124
ჟთრ	1120
პვგ	1116
პთნ	1112
ბვპ	1108
ეაი	1105
ყპრ	1104
ჟოვ	1104
აკრ	1099
ლამ	1094
ჟვე	1091
მთლ	1086
ყზა	1076
სრპ	1073
უვლ	1073
ბაპ	1072
ეაე	1071
ეთრ	1071
ევმ	1069
ანე	1065
უთრ	1061
ფთრ	1060
აოა	1060
ჟნთ	1059
სქა	1058
ლსქ	1057
პგთ	1056
ევქ	1056
კან	1056
თგვ	1046
თრთ	1044
ლვზ	1042
აზთ	1036
პსგ	1034
თეწ	1032
ლკს	1030
ჟთლ	1029
მყპ	1028
აკყ	1027
სკა	1023
გთჟ	1018
ოყპ	1018
გწპ	1009
ეზვ	1007
ლთუ	1003
ჟყზ	1001
ადთ	998
პყდ	997
ლთკ	994
გაჟ	992
პაკ	989
ღარ	987
რპყ	987
რთდ	983
მაპ	977
ჟყპ	976
პთფ	976
დპვ	976
ეყპ	962
ვკთ	960
ოაე	960
უარ	950
ნწგ	949
ჟყჟ	948
სფა	947
აჟა	946
ვუა	942
ოთჟ	939
პმა	937
ვკჟ	932
ანჟ	932
პთლ	928
ფკა	928
პთვ	926
დპთ	924
აბა	923
ბთფ	921
ზვრ	921
თდა	920
პაი	917
აგნ	917
ჟვმ	916
თდნ	915
თდპ	914
კაე	912
ყპზ	912
პრთ	910
ოარ	908
სჟნ	906
ნთქ	903
ეწგ	901
სქრ	897
ჟრყ	894
ევჟ	892
აქა	892
პთქ	888
ვიჟ	888
ჟვნ	888
დსბ	886
სპნ	885
სჟრ	885
სბა	882
გჟრ	881
პვღ	880
ნსზ	879
გთკ	872
პრა	870
სჟო	870
კაი	867
იჟრ	865
სევ	864
ლკა	864
მფვ	856
ლნა	850
ეყლ	849
ყპჟ	849
ლაჟ	849
ვგვ	847
პნთ	846
ლთგ	846
რნთ	846
რპს	845
რთმ	837
აარ	836
აპკ	835
ვლნ	835
პვლ	834
დაგ	832
უვნ	828
თნრ	827
გვლ	826
აოთ	825
რნა	825
ნვგ	824
ნრთ	823
ქვნ	821
ქრვ	820
სდა	820
ოაკ	818
ვპწ	818
არგ	817
ყღა	813
რთე	813
წკა	813
ყლნ	813
თნს	811
ევი	811
ჟვრ	807
გვი	806
ბვე	806
ზამ	800
ბაღ	799
თქვ	799
ბვნ	799
კლძ	799
ბთვ	798
ლძფ	789
ბარ	787
ეაქ	786
ბვლ	785
გლვ	782
ზვმ	777
აფა	774
ზაგ	773
ჟყნ	772
ვქრ	769
ნაკ	769
ოთქ	768
ნათ	767
პთგ	767
თეა	766
ბლთ	766
ბთრ	762
წპგ	760
რგთ	754
ნუთ	753
რკპ	752
სეა	746
ათჟ	744
ნჟრ	743
ქრა	741
მთფ	739
ლთმ	739
ფგა	738
ფსე	736
კსო	736
რალ	736
პკა	734
ნრვ	733
ზვლ	731
ავრ	727
ეგთ	725
ყპქ	725
მად	724
ნსგ	721
რრა	719
ფთლ	717
წჟრ	716
აბპ	714
სეთ	714
ყოპ	712
სგჟ	712
ვჟთ	711
კყგ	710
მყზ	709
თპთ	708
კლა	705
პთზ	703
კლვ	702
ბთგ	701
პნვ	699
ნეა	697
გევ	694
სზე	693
ოვრ	693
ფამ	692
პზა	692
კყმ	690
აფვ	690
სფვ	689
ეგვ	687
ბპთ	687
დლს	687
ინა	687
მწჟ	686
ავმ	684
გპყ	684
ვკრ	684
ვჟა	681
ვირ	680
ვნწ	679
ყპე	679
ვგთ	678
თლვ	675
ლვფ	674
რვჟ	672
იკა	671
კყჟ	671
ფნა	671
თჟა	671
ნეთ	670
თნდ	666
ჟვპ	664
რთპ	663
ანუ	663
ჟოთ	662
ნვპ	662
პლთ	660
ვპნ	658
აეგ	657
ლსე	655
პქთ	654
ლწმ	650
თგთ	649
მნთ	646
დგა	645
წჟნ	644
ქარ	643
არყ	642
თუვ	641
დამ	638
სმპ	636
ოან	635
პყზ	632
პვო	628
სდთ	627
ჟნვ	625
ლსო	621
უვრ	621
ვპგ	621
პჟთ	619
კპვ	616
თეგ	615
გაღ	608
თქრ	607
რთლ	607
დაპ	604
ევუ	603
ვინ	600
ლვდ	599
ფვკ	598
ვეს	597
ლძბ	597
პვფ	596
ნვე	596
რთქ	596
ოყლ	593
ვკს	592
ესქ	590
კგთ	589
პთბ	589
ლწრ	589
კაო	588
სრთ	587
კყღ	586
სოა	586
რთვ	585
ვჟგ	585
აპლ	585
ფარ	584
გვჟ	583
ნუვ	583
თფთ	582
გნა	582
ჟწკ	576
რლთ	574
თვმ	574
რაი	573
გწრ	572
ვპრ	572
გმვ	571
ლაპ	570
კსფ	570
ნთფ	569
სნთ	569
ნვწ	568
წრნ	568
ყდგ	567
გაზ	567
აჟვ	567
რვრ	565
ქკა	565
ბსე	564
გთწ	564
აინ	563
აღთ	563
ჟრნ	561
ნსრ	557
ყჟრ	557
რთფ	557
ვეჟ	554
ქთრ	552
დან	552
სპა	552
ამს	548
სლთ	548
რყო	548
ტთლ	547
უწლ	546
ლთჟ	546
მთრ	545
აოს	544
გკა	544
მაგ	543
წდა	542
ჟან	542
სპვ	541
ზთმ	541
ფნთ	540
ეჟრ	539
ჟყე	539
სმა	536
ქამ	535
ჟკყ	534
სოვ	533
გყგ	532
ოალ	531
ვქთ	529
ვჟკ	529
ნთჟ	528
ჟგყ	527
არნ	527
გაა	524
ველ	523
რსგ	523
დვნ	521
ლვჟ	519
კაგ	519
ფვლ	518
ბან	518
ავე	515
ება	515
ევგ	514
ვბთ	513
კაფ	513
ეზთ	512
პაზ	511
თნწ	509
ვგა	508
ოსქ	505
ლთლ	503
ვქკ	503
ჟყბ	502
ჟმთ	502
ოვფ	502
ეთლ	501
ჟვბ	500
ყზვ	499
ლთწ	499
ყლზ	499
კყო	496
გყნ	496
ნას	496
პრგ	492
თკთ	492
ვქნ	491
ყკა	491
ამო	490
აგლ	489
რაა	488
თმთ	488
თზთ	486
თრგ	484
ფაპ	483
რგყ	482
პზთ	482
აბთ	482
სენ	481
ესმ	481
ჟგთ	480
სმვ	480
მაკ	477
ლსზ	476
ზარ	475
ვნნ	474
პვზ	474
გყო	473
ყჟნ	471
ლვგ	469
ვზთ	468
ევპ	466
დვპ	465
მპა	465
ბწდ	463
სმთ	463
პყჟ	463
ვნე	463
ინთ	461
კნთ	460
ვპს	460
ანკ	459
სზა	457
ნაწ	456
კპყ	454
ოვნ	454
მვქ	453
თლნ	452
გსგ	452
კსგ	451
ფაგ	450
გვვ	449
ბაე	448
მვი	448
ნვო	448
აბვ	448
კთწ	447
ჟრრ	447
მნვ	444
აკჟ	444
არპ	444
პვუ	444
თან	443
ები	442
თჟთ	441
ბალ	439
თგნ	439
პსე	438
ჟვლ	438
აზნ	437
ბთი	436
ნთნ	436
თჟყ	436
პად	436
აეწ	435
სბვ	435
ვეო	434
თნე	433
ყფნ	432
სოთ	432
ჟარ	431
ფაი	430
ლჟრ	430
რთწ	430
პყღ	429
ემთ	427
პვი	426
ჟნწ	426
ვრნ	426
ვნჟ	426
აზე	425
ყეა	424
აპნ	423
აკთ	422
ჟსო	421
ნთგ	419
კყრ	419
კლთ	419
ღთრ	418
ეზა	416
ვლკ	416
ასფ	416
ეპვ	415
აგპ	415
ლაქ	415
ოლვ	415
კსპ	413
ჟთმ	413
სჟკ	412
რყრ	411
წლა	410
გლა	410
აკს	410
ვუთ	409
გჟწ	408
ჟრს	408
ნწრ	407
ნან	406
ნვლ	405
ბთწ	404
მწრ	403
თნუ	403
ნთპ	403
ფთჟ	402
მვფ	401
ყპლ	401
თვნ	401
ვპჟ	399
პყკ	398
რყნ	398
კრთ	398
ნკა	398
თჟო	395
ვემ	392
ლვპ	392
ეპყ	392
ყზთ	391
თვქ	390
პთე	390
გრა	389
ვრკ	389
არჩ	389
ვნუ	388
კთნ	388
სპთ	387
გლწ	387
ჟვუ	384
კჟთ	383
პგვ	383
პვდ	383
რყფ	382
ოპყ	382
ფალ	382
ყღთ	380
ნდა	380
აჟლ	380
სქთ	379
ქრთ	379
ზვი	378
პჟკ	378
მაჟ	378
თღვ	376
ნრპ	376
ჟკპ	375
ჟთგ	374
მპვ	373
ყღვ	373
გლთ	373
ეთდ	373
ყპკ	373
ტალ	372
ზთქ	372
რვმ	372
ვკპ	371
პყრ	369
თალ	368
ქან	367
ყდნ	367
აწრ	365
პაწ	365
ვლჟ	365
ანდ	363
პბა	358
თიჟ	358
აფკ	358
ზვბ	356
ჟყგ	356
ძფთ	356
რთჟ	356
ოთვ	356
ჟსგ	354
ყოა	352
დსგ	352
აპმ	352
მთწ	352
აპე	352
კსჟ	352
რსპ	352
რომ	351
ღვნ	351
თნკ	350
ბვრ	350
თზა	350
პყგ	349
ნნთ	349
სზთ	348
ზთრ	348
ნყრ	347
პრყ	346
მნწ	346
რაწ	345
თკლ	345
ნაბ	345
ჟპა	344
ლაკ	344
ტპა	343
აჟკ	343
პსზ	343
ვფა	343
პევ	342
ვპმ	342
ყეთ	341
მნა	341
ანნ	340
აგრ	340
ფაქ	340
ვოპ	339
დალ	339
მკა	338
პწრ	338
რვკ	338
ოთლ	338
ოკა	337
პაუ	337
მთუ	336
პმთ	336
სრა	335
ღამ	334
ლაზ	334
ვილ	334
სზნ	333
ჟოწ	333
თქა	333
ლსკ	332
სქნ	332
ლკთ	332
ესგ	332
გყრ	331
ელა	331
ეთპ	331
კუთ	331
ოთპ	330
სოპ	329
ზსგ	328
ვდლ	326
ლყზ	326
თრს	325
ბთნ	325
აქრ	324
ადს	324
კნა	324
მოვ	323
ბაქ	322
პეა	321
ლსგ	321
ვრჟ	321
ევწ	320
აჟწ	320
ლრა	319
ეთგ	319
ჟსრ	318
ქნა	318
სგვ	318
ანწ	318
კყპ	317
ვზა	317
ზეს	316
რთუ	316
მყკ	316
მვზ	315
ლვტ	315
ჟმყ	314
ნთდ	314
პუვ	312
სნე	310
ვიკ	310
წეა	310
ეპზ	310
რგს	310
კსლ	310
პაფ	310
ქთწ	308
ვღვ	308
რყკ	307
რჟრ	307
ყრპ	306
ლყკ	306
უთთ	306
ქვრ	305
კლს	305
ვალ	304
თოა	304
კყლ	303
თბა	303
ლვი	303
ნნა	303
თკჟ	302
ტარ	302
პკთ	302
ზთლ	302
ნთლ	302
კვი	301
ოპგ	301
ჟმწ	301
აოვ	300
ყკნ	300
გაგ	300
ყრთ	299
მპრ	299
ვდს	299
ლთო	299
სნა	299
გვქ	298
ვჟლ	297
ვრყ	297
მვლ	297
ქნთ	297
კვნ	296
ვმნ	295
ვარ	295
ლზა	294
ჟთპ	294
დნთ	293
ვრპ	293
რთკ	293
ზაჟ	292
ადვ	292
ადპ	292
აეყ	292
დთრ	291
ქლთ	291
სზვ	291
პჟრ	291
რკყ	290
ვვქ	290
იკთ	290
გაკ	289
ყღნ	288
ზაკ	288
წნთ	288
დაე	288
ზნთ	288
ოსკ	287
რაქ	286
ვფთ	286
ქაი	285
ღაჟ	285
ფთქ	285
რთო	284
აპჟ	284
აბლ	284
ოპს	283
ქვდ	283
ვდნ	283
ვმწ	282
ჟვჟ	281
აკლ	281
ოვლ	280
ვფკ	280
უთა	280
დპს	279
რკთ	279
ვრლ	278
ესო	278
პეთ	278
მოა	277
თპვ	277
ლაბ	277
ბვბ	276
სჟვ	276
სლა	276
გჟყ	275
ზან	275
ოვჟ	275
თინ	275
ჟკს	275
შენ	274
აგყ	274
რნვ	274
მლა	273
აეპ	273
ვპკ	272
გაფ	272
წკყ	271
ეთა	271
ვოვ	271
პავ	271
დთწ	271
ჟალ	270
ბვღ	269
ლთვ	269
ზევ	268
პყუ	267
ჟაე	267
გპქ	267
თრჩ	267
კვპ	266
მსნ	266
პთუ	266
ტვპ	266
ამკ	264
დლთ	264
პთი	264
პდა	264
ლაფ	263
ნრყ	263
თმო	263
ქკთ	263
არს	263
ქვტ	262
ოაგ	262
ბჟრ	262
პთდ	260
ჟყო	259
ავი	259
ყოთ	258
თკნ	258
ოამ	257
ბვჟ	257
ლზთ	256
პსო	254
ვფნ	254
ფან	254
პთპ	254
ფთფ	253
ღთწ	253
გაე	253
არწ	253
ვქჩ	253
რვდ	253
ნვი	252
ქთქ	252
ბვგ	250
თლწ	250
დაი	249
მოთ	249
ალს	249
თზვ	249
ბთკ	248
ბვდ	248
პსკ	248
რყგ	247
მყრ	247
იჟკ	246
პთტ	246
ღვრ	245
ვღნ	245
ჟყკ	245
ყმნ	245
გსფ	244
ელთ	244
მაზ	243
თრყ	242
ქთლ	242
გთპ	242
ანს	241
ლებ	238
ბღვ	237
ბვკ	237
ვჟს	236
პთა	236
ნაი	236
ლყნ	235
ჟვღ	235
ოვე	235
დყპ	234
ყპო	234
აგს	234
ფვქ	233
ქაგ	233
თოჟ	231
ტვჟ	231
რებ	231
ლია	230
ზვპ	230
ვლს	230
ფრთ	229
ყუვ	229
რვქ	229
ვგყ	229
აიმ	229
ვბნ	229
ყლდ	228
ჟთჟ	228
ლვო	228
პწგ	228
ნებ	228
კსნ	227
გეთ	227
აპს	227
ოვუ	226
აჟო	226
ლთღ	225
ბწჟ	224
ვქა	224
ენყ	223
ესპ	223
აზს	223
ნყზ	222
მთკ	222
ნვბ	222
ლყპ	222
ვგპ	222
ალყ	221
ვოა	221
რვზ	221
ჟთქ	220
ჟრჩ	220
ზნა	220
თკყ	220
კნვ	220
ტთნ	220
აეს	220
ქვჟ	219
ღაგ	219
პსჟ	219
პყფ	219
ვღს	218
ლვლ	218
გრვ	218
პსქ	218
კვრ	218
ლთპ	217
კთგ	216
ყპუ	216
ფნვ	216
პრნ	216
ჟთწ	216
ნკთ	216
გთუ	216
ყვე	215
მბა	215
ოთწ	213
თჟს	213
ღვქ	212
დევ	211
ვიგ	211
ზვჟ	211
ღვჟ	210
აქნ	209
პფვ	209
ეკა	209
ფთგ	208
ყპბ	208
კთლ	208
ვოთ	207
ვღთ	207
თრნ	207
იეა	206
ალი	206
ენი	206
გკთ	206
გვღ	206
იან	205
ჟვს	204
მვე	204
რჟკ	204
პქვ	203
სჟლ	202
აპფ	202
ეპთ	202
ეზყ	202
ნვუ	202
ვსქ	201
მაუ	201
ჟრლ	201
ვმს	201
თჟნ	201
თლმ	200
დეა	200
თჟმ	200
ეყნ	200
ნაუ	200
პვა	199
ჟსე	198
ოვვ	198
რწრ	198
ვვმ	197
ვკლ	197
მვმ	196
ზთვ	196
ლსდ	196
ბსპ	196
ეყღ	195
ვიმ	195
ეზს	195
თრკ	195
თნტ	194
პწმ	194
ევზ	194
გთგ	193
ყდლ	193
რთი	193
ადლ	193
ღვპ	192
ოაი	192
ალე	192
გკყ	191
დყლ	191
ეთჟ	191
პატ	191
აპგ	191
ყჟმ	190
ქთნ	190
ქსმ	190
ნჟთ	190
გვუ	190
ვან	190
კაჟ	190
თმკ	189
ნდვ	189
რპდ	189
ნევ	189
ჟევ	188
სლრ	188
ჟგწ	187
წპნ	187
ზრვ	187
თგკ	187
ნაა	187
აგმ	187
რჟწ	187
ული	187
პრრ	186
კატ	186
იკყ	186
ერი	186
პქა	186
ვეწ	186
ვკყ	185
ვწრ	185
არი	185
ჟვგ	185
აილ	185
ტთუ	185
ერთ	185
ვრგ	185
ფთმ	185
ვის	185
ეწრ	184
სან	184
ამბ	184
რაუ	184
ბაკ	184
აოყ	183
ლაო	183
ტან	183
ეაფ	183
ორთ	183
აგე	183
ბთმ	183
გყლ	183
დებ	183
ხარ	182
დთნ	182
პთო	182
პრვ	182
გფვ	180
თვუ	180
ჟყრ	180
მის	180
საი	179
ნეზ	179
ეთუ	179
ლძე	179
ოლთ	179
გვზ	179
გწე	178
მვვ	178
ტპვ	178
ვბწ	177
თენ	177
ჟყლ	177
ყგვ	177
თბვ	177
ჟვი	177
სმნ	177
ყბთ	177
ბნთ	177
თბთ	176
ვდთ	176
რსე	175
ევა	175
თკრ	175
ვრწ	175
სფგ	174
მას	174
ფვმ	174
ამი	174
ვლჩ	174
ლთზ	174
თთრ	174
აგჟ	173
ქსგ	173
ქთმ	173
ეწლ	172
წგთ	172
სქკ	172
წნა	172
ჩჟწ	172
ვნჩ	171
პაო	171
ევბ	171
ოყკ	170
ატვ	170
სჟთ	170
ლყრ	170
ჟოლ	170
ლწე	169
ფვგ	169
კთო	169
პბთ	169
ზბა	169
რაო	169
ყრწ	168
მლყ	168
ვზვ	168
ლსნ	168
აიყ	167
ძეა	167
ლაი	167
ძბთ	167
კპს	167
ეაზ	166
პჟწ	166
ზთწ	166
ჟაგ	166
ლთი	166
რვო	166
რწლ	165
დაჟ	165
რვი	165
ნდლ	165
ტპთ	165
ფსო	165
აოლ	165
ვპზ	164
ოჟგ	164
ჟმპ	164
ოსრ	164
კჟო	164
მთქ	164
ოგა	164
ქყლ	163
თრპ	163
წევ	163
მაფ	163
ტაპ	163
ბგთ	163
ლწნ	163
ლჟკ	163
რრს	162
რაზ	162
ბპს	162
მვკ	162
ოთფ	161
დყნ	161
ბაზ	161
ტვკ	161
ოთო	161
დპყ	160
ნუს	160
პაღ	160
ლჩნ	160
ჩემ	159
პდნ	159
წმვ	159
ოჟთ	159
უნდ	158
ჟწრ	158
ლაღ	158
ქგა	158
ოვქ	158
ბლძ	158
ეწე	157
თნყ	157
რეა	157
აპყ	157
თქთ	157
ძფვ	157
ვებ	157
თდთ	156
ჟყდ	156
ამყ	156
უაპ	156
ეთწ	156
გკლ	155
მპყ	155
ნვა	154
პეზ	154
კპგ	154
გკს	154
ქვპ	154
ზყპ	154
სფს	153
მპწ	153
ღნა	153
უგვ	153
ყნთ	153
რავ	153
ალბ	152
რსა	152
გწმ	152
მყნ	152
ალჟ	152
ღან	152
ლთა	152
კსმ	151
ბსგ	151
ვიე	151
გწგ	151
ალჩ	151
ლთე	150
პყნ	150
ყონ	150
ლგა	150
ყბს	149
იმს	149
უვპ	149
საუ	149
ბსრ	149
თკს	149
სქვ	149
ქაპ	148
თტა	148
თირ	148
ოპწ	148
კთპ	148
გვწ	147
ლწი	147
ებთ	147
ლავ	147
გავ	147
ბაბ	146
გად	146
ვფრ	146
ჟმა	146
ეავ	146
აეკ	146
ქალ	146
პაა	146
ჟრწ	146
პჟვ	145
ყრს	145
ევღ	144
კაა	144
ლყდ	144
ყდა	144
ჟთკ	144
აქს	144
რევ	144
აიჟ	144
იჟყ	143
ავლ	143
ესა	143
რგპ	143
ოსგ	143
ლბა	143
ვჟჩ	142
ბშლ	142
ჟსჟ	142
პქს	142
ღაქ	142
კჟა	142
ზთნ	142
კაბ	142
ვტვ	141
აკპ	141
ანფ	141
რაჟ	141
პზვ	141
არბ	140
ობი	140
თწნ	140
რვფ	140
ყუთ	140
თბლ	140
სოს	140
ჟსქ	139
ყპა	139
ანყ	139
ჟაპ	138
სთლ	138
ბობ	137
ოგო	137
ვგჟ	137
ლვქ	137
პწლ	137
მწნ	137
თჟჩ	137
ლყჟ	137
ტვნ	137
ვნკ	137
აეზ	136
ვეპ	136
ოკთ	136
გთფ	136
ჟოს	136
არლ	136
ვკუ	135
წეთ	134
სბლ	134
თეპ	134
პსბ	134
აგკ	134
ონა	134
ნფვ	134
ანი	134
ნსჟ	133
დყრ	133
სეწ	133
ორვ	133
ატა	133
ქთბ	133
რყლ	133
გსკ	132
ვპდ	132
ამნ	132
არჟ	132
ფსკ	132
თკპ	132
ლნვ	132
ელი	132
რჩჟ	132
თზრ	131
ვიფ	131
რაე	131
ყკგ	131
ოსბ	131
ოდი	131
ობა	131
ყპდ	131
ტპლ	131
დავ	131
ტთჟ	130
სრკ	130
ოსნ	130
აკუ	130
ეჟკ	130
თგწ	130
წგნ	129
ილყ	129
ევფ	129
ლმა	129
სგკ	129
ყპმ	129
თკვ	129
ჟთო	129
თეს	129
თგმ	129
ფერ	128
ვნდ	128
ეთი	128
ნვს	128
ჟკლ	128
ბვზ	128
ნსე	128
თქკ	127
გპრ	127
ონთ	127
მსჟ	127
სუთ	127
თვი	127
ატთ	127
ვგნ	127
როპ	126
ოთი	126
სნვ	126
ბნა	126
გწქ	125
ედა	125
ღაი	125
სჟა	125
რლვ	125
ვნს	125
ბამ	125
პწე	125
თვლ	124
სოკ	124
ყლბ	124
სეს	124
ვპყ	124
ილი	124
ყებ	123
ოვკ	123
ტომ	122
ბად	122
პთთ	122
თქნ	122
სკპ	122
ნვფ	121
გლძ	121
ჟფს	121
სპჟ	121
ბის	121
ეთე	121
ღრა	120
ემი	120
უვჟ	120
ტთპ	120
ბლყ	120
აში	120
ვლძ	119
ევე	119
სფკ	119
ფრა	119
შემ	119
ვპლ	119
ინე	119
ემა	119
ლნწ	119
ქვლ	119
რაბ	119
სკს	118
პდთ	118
პმვ	118
პლწ	118
გუთ	118
აკვ	118
კვგ	117
ვლრ	117
რას	117
სპქ	117
ჟვფ	117
სალ	117
ნში	117
მუთ	116
ლჩკ	116
ფსვ	116
კჟყ	116
როს	116
ოთკ	116
რგი	115
გპჟ	115
ქაქ	115
აუვ	115
იუთ	115
ნვზ	115
თბპ	115
პსმ	115
ეოთ	115
ელს	115
პლა	115
ვჟო	115
აფე	114
სნჟ	114
ჩვე	114
ლრყ	114
ჟპუ	114
ბთჟ	114
კსრ	114
ბპყ	114
თტთ	114
არე	114
ფსი	113
მკთ	113
ჟვქ	113
ბაჟ	113
ტაკ	113
კრა	113
როგ	112
გორ	112
უნა	112
აქკ	112
ბყლ	112
ვრს	112
ყბპ	112
თღა	112
აფნ	112
იცი	111
რატ	111
ღნვ	111
თავ	111
კსკ	111
თგლ	111
ქვქ	110
ჟსპ	110
ეკპ	110
თვპ	110
ოვი	110
ზკა	110
ბსლ	110
თმს	110
ზსლ	109
კრნ	109
ილთ	109
ლზვ	109
სეპ	109
ლნს	109
ქლა	108
კვლ	108
თლგ	108
ალრ	108
ოაქ	108
კთი	108
მყლ	108
ზაპ	108
ქთგ	108
ვბპ	108
ებს	108
რსრ	107
ჟდპ	107
ინდ	107
ჟწგ	107
რყმ	107
ნეყ	107
დთფ	107
კლწ	106
რის	106
აწნ	106
ეყკ	106
პკგ	106
ოფვ	106
აფს	106
აკნ	106
ყვა	106
ოსლ	106
ყგჟ	105
ქვე	105
ფვდ	105
ვგმ	105
მაე	105
ბსნ	105
თმნ	105
ლვვ	105
მბთ	105
ეყრ	105
პსრ	105
ჟვო	104
ყგრ	104
ფაწ	104
პჟყ	104
ბთქ	104
დვი	104
ეთვ	104
ვზკ	104
თზს	104
ჟსბ	103
იმჟ	103
ოსა	103
რბა	103
იყო	103
ჟლყ	103
ჟრძ	103
ზთუ	103
რობ	103
პყმ	103
რჟვ	103
ვოს	103
ასრ	103
ასნ	102
პოვ	102
ინვ	102
ლსრ	102
ლწლ	102
ლთდ	102
თქჩ	102
ჟთბ	101
ძალ	101
მაა	101
ფვი	101
კთმ	101
სკჟ	101
პყო	101
კას	101
თჟვ	101
უთპ	101
წნვ	101
გწი	100
გოვ	100
ვიც	99
ყფკ	99
ლსბ	99
უსგ	99
ვკვ	99
ლის	99
ლბთ	99
ქთპ	99
სოყ	98
ნთი	98
თგყ	98
ბოდ	98
ჟკგ	98
გპთ	98
აჟს	98
ლუთ	98
იყრ	97
ირყ	97
უვგ	97
ბჟყ	97
მაწ	97
ლფთ	97
თლკ	97
პყბ	97
უთნ	97
პტვ	96
ატპ	96
ლძჟ	96
მდე	96
მბყ	96
აპბ	96
ტლთ	96
ღალ	96
ოვა	96
აოკ	96
აბყ	96
ავა	96
ებო	96
ნჟა	95
იძლ	95
რთა	95
აკე	95
ყოკ	95
ქმა	95
რფვ	95
სრვ	95
ყკმ	94
ჟაჟ	94
თოვ	94
ნვვ	94
ჟფვ	94
ნრნ	94
ვპტ	93
თლჟ	93
სებ	93
მსპ	93
ძფა	93
რაფ	93
კრვ	93
ტთკ	93
ონვ	93
რლა	93
წნნ	92
დაზ	92
ვვრ	92
თნნ	92
სჟმ	92
ჟთვ	92
თპს	92
ილა	92
თარ	92
სბრ	91
ბრთ	91
თდლ	91
დვრ	91
ისი	91
ბვი	91
ჟგპ	91
ოთგ	91
ყლმ	91
რად	91
თამ	91
სვლ	91
გვდ	90
პგწ	90
ჟაი	90
თსჟ	90
აფგ	90
ვლტ	90
რგწ	90
ბსფ	90
ებუ	90
ყენ	90
კეთ	90
თეზ	90
თნფ	89
ყნუ	89
რძმ	89
მინ	89
აქლ	89
პუთ	89
ეკთ	89
უვო	89
თგქ	89
სპდ	89
კჟს	89
ჟაქ	88
რთღ	88
ყჟვ	88
ნუა	88
ფყპ	88
ფიქ	88
იქრ	88
ჟტა	88
მერ	88
ვუვ	88
ლობ	88
ლწქ	88
ყჟა	88
ელწ	87
ფსწ	87
ატო	87
აბჟ	87
სპგ	87
ვეყ	87
ძბვ	87
ელვ	87
ადე	87
ოლს	87
ლვუ	87
ვნფ	87
ვტა	86
გეა	86
ეწღ	86
ნჟყ	86
სკლ	86
კაუ	86
ოვო	86
ჟკვ	86
ბულ	86
სთნ	86
პვვ	86
ვიდ	86
მოს	86
ავგ	85
ყნწ	85
ნსპ	85
ასე	85
საპ	85
იდე	85
ყბვ	85
ვლბ	85
ლწდ	85
ენს	85
ყპთ	85
პფთ	85
ვდპ	85
ჟცპ	84
წჟვ	84
ვერ	84
ფსლ	84
ოაუ	84
აზბ	84
ოაფ	84
ელყ	84
მთგ	84
ვმო	84
ძფგ	84
ლთბ	84
პყე	84
მოლ	84
ფსზ	84
ყნკ	84
მჟკ	84
მომ	84
იფყ	83
სოწ	83
ზვგ	83
ყლრ	83
ალო	83
პყლ	83
ჟუვ	83
მავ	83
აპქ	83
კრპ	83
რთტ	82
სთჟ	82
ლდა	82
სნრ	82
ფსჟ	82
ხვა	82
აონ	82
ღნთ	82
ხოვ	82
უყრ	82
სლკ	82
ოთნ	82
ბსმ	81
იგთ	81
ყზნ	81
გვა	81
ლალ	81
უაკ	81
ყზე	81
პდვ	81
ვზნ	81
ბწლ	80
ნდჟ	80
რმყ	80
ფთუ	80
ვორ	80
ვნყ	80
ნეგ	80
ირა	80
გაუ	80
თოთ	80
ვგრ	80
ყფვ	80
იდა	80
გჟს	79
პკყ	79
თპნ	79
ენწ	79
წირ	79
ლსჟ	79
ყოლ	79
თქლ	79
ზვკ	79
უკა	79
ნჟვ	79
ოწრ	79
ამდ	79
თნგ	79
თპკ	79
ოდა	79
ფყლ	78
ეაჟ	78
ბწე	78
ვლმ	78
მათ	78
თაპ	78
ვეზ	78
გნს	78
თონ	78
ოლყ	78
თრჟ	78
ნფთ	78
სნკ	78
გჟკ	78
ხლა	77
დედ	77
რვე	77
თლყ	77
ვდე	77
უთო	77
სთკ	77
ნდპ	77
კვა	77
პლვ	77
თკგ	77
ლძრ	76
რნჩ	76
პთს	76
ლფვ	76
ვდვ	76
კვმ	76
აჟყ	76
პწქ	76
ქვი	76
ნსლ	76
მყფ	76
პოა	76
აძრ	76
ბით	76
სლვ	76
თიუ	75
მპე	75
საც	75
თპმ	75
მთვ	75
ასა	75
სეგ	75
თოლ	75
ყჟკ	75
ვმყ	74
ოქრ	74
მოდ	74
ვრრ	74
ლწკ	74
აბს	74
აელ	74
კთვ	74
კსა	74
ვტთ	74
იმა	74
ყლფ	74
ბლს	74
კსქ	74
ლსთ	73
უთე	73
აიო	73
სზბ	73
რსნ	73
სახ	73
ლას	73
ეთკ	73
ვუყ	73
პას	73
ნვთ	73
წღთ	73
პოთ	73
ვით	73
ბვა	72
ლჟყ	72
თმბ	72
იეთ	72
ლტთ	72
წპა	72
ლჩქ	72
ტვე	72
ვიბ	72
ყნჟ	72
სოლ	72
ეაკ	72
ალუ	72
ქპვ	71
ლოდ	71
დთჟ	71
მთდ	71
ავს	71
ვლე	71
ნთთ	71
ზსპ	71
ოას	70
გოა	70
სუვ	70
ქგვ	70
ეწჟ	70
ზკთ	70
კპქ	70
სვი	70
ალქ	70
ლქთ	70
აპდ	70
ნგა	70
ყრნ	70
ნაძ	69
ზყრ	69
ვპჩ	69
ქრო	69
ესჟ	69
ყლყ	69
სრნ	69
ტვლ	69
რია	69
ვად	69
სკნ	69
ვოლ	69
პკვ	69
შგა	69
ლჟწ	69
ქსდ	68
პქგ	68
ნპა	68
ახლ	68
სბწ	68
ნეპ	68
გთღ	68
ნთზ	68
ბწგ	68
ტლა	68
წგწ	68
სფნ	68
ყფგ	68
ჟყვ	68
თმჟ	68
ჟსა	68
ნტვ	68
ოთუ	67
ასკ	67
რათ	67
გნვ	67
ირთ	67
მენ	67
არო	67
ოთმ	67
სგთ	67
ქვმ	67
ლწპ	67
კჟრ	67
დით	67
თჟგ	67
სდყ	66
თად	66
თილ	66
უთვ	66
დღე	66
სტა	66
ვამ	66
ერე	66
ლსმ	66
დნს	66
იყვ	66
თგრ	66
ეოა	66
ლძკ	65
შეი	65
პნს	65
ვფყ	65
ჟბლ	65
ბსჟ	65
მჟრ	65
ყოვ	65
ნგვ	65
ნჟო	65
კთჟ	65
ჟფთ	65
ათე	64
ეაწ	64
ტლვ	64
წრთ	64
პსნ	64
ფყრ	64
ფთკ	64
ტვი	64
ფთწ	64
როვ	64
ბთზ	64
სნდ	64
დსმ	64
ნია	64
სქგ	64
დაა	64
ნდრ	63
ყნნ	63
ოჟრ	63
ალტ	63
ფლვ	63
უთდ	63
თქს	63
შვი	63
ვრე	63
პფა	63
ავნ	63
რულ	63
რბვ	63
თებ	63
დსლ	63
ფავ	63
ყოგ	63
ილე	63
პვპ	63
ჟძე	62
ქმთ	62
თფყ	62
ძლი	62
უყპ	62
ნთტ	62
სას	62
ყნრ	62
სმყ	62
თჟფ	62
ქვგ	62
ევვ	62
ვჟწ	62
ტბპ	61
ბძპ	61
ძლე	61
ლთტ	61
ლზნ	61
ევო	61
ოპჟ	61
სჟყ	61
ბსკ	61
რრვ	61
აიგ	61
წლთ	61
ნფა	61
როთ	61
ძრნ	60
თმყ	60
აპძ	60
ნპთ	60
მსფ	60
კსე	60
დეს	60
ქლვ	60
აემ	60
ყზკ	60
ნთა	60
რმა	60
მოგ	60
თუკ	59
სფქ	59
ოლო	59
ამწ	59
მოხ	59
ოდე	59
გთდ	59
სკთ	59
ორი	59
კსთ	59
იგა	59
იერ	59
რვგ	59
ეპწ	59
წრჩ	59
აჟჟ	59
ეყდ	58
ჟწე	58
ტაბ	58
იუა	58
ქვა	58
უვე	58
ვპო	58
ვჟყ	58
ლაუ	58
ითხ	58
ააა	58
ვჟმ	58
ყნა	58
სუა	58
ომა	58
ვრჩ	58
ზვტ	57
ფყკ	57
ოვწ	57
ბაა	57
ვრო	57
იმყ	57
იდი	57
თნჩ	57
პწნ	57
ბყბ	57
ცოდ	57
დრო	57
ამე	57
ვლყ	57
ვმჟ	57
ნენ	57
სპკ	57
პვტ	57
ვოწ	57
ჟსლ	57
ვსე	56
სგყ	56
ქვს	56
ბფვ	56
რსმ	56
ძმა	56
ნრჟ	56
დთლ	56
ვედ	56
ჟსნ	56
ზეთ	56
პრს	56
ბაფ	55
პწკ	55
კვე	55
დსჟ	55
ნელ	55
აოჟ	55
დვლ	55
ათრ	55
კაწ	55
ტსრ	55
ნყპ	55
თლჩ	55
ოაო	55
ყპყ	55
მსგ	55
ყფა	55
ათნ	55
ვია	55
ფპვ	54
ნთბ	54
იყნ	54
ყგო	54
სსე	54
ვლფ	54
ბპწ	54
დაღ	54
ლჟთ	54
ყგნ	54
რთთ	54
ნრს	54
სკრ	54
რდა	54
ვდი	54
ური	54
ზთფ	53
ქრგ	53
სპწ	53
მსკ	53
ორა	53
აუა	53
იჟთ	53
ძევ	53
ქაო	53
ცხო	53
ივი	53
სკუ	53
გწლ	53
პსფ	53
პუა	53
მბვ	53
ბთუ	53
მსლ	53
დთპ	53
ჟბყ	53
თსმ	53
ლბყ	52
ეხლ	52
კყბ	52
ყზრ	52
სყპ	52
ევთ	52
თქყ	52
ტთწ	52
ზთჟ	52
პკს	52
ქთტ	52
ლევ	52
ლრს	52
დაბ	52
ყდყ	52
მგპ	52
ყნე	52
ნთე	52
ლეა	52
კჟვ	52
ლყფ	52
ესრ	52
ყჟთ	52
ედი	52
მოი	52
პირ	52
ეთო	52
ამპ	52
რწგ	52
ყმბ	51
ტყრ	51
რრთ	51
ტვრ	51
დთმ	51
ჩქვ	51
ტსჟ	51
კსტ	51
ადჩ	51
პრჟ	51
პოწ	51
ჟაბ	51
ვოყ	51
აეჟ	51
რგლ	51
ასპ	51
ვლგ	51
ვდყ	51
ოლწ	51
ჟათ	50
ყზყ	50
ყლვ	50
ვნპ	50
თტვ	50
ვჟპ	50
წმთ	50
ლაწ	50
ოწლ	50
ადგ	50
ყნს	50
სვჟ	50
რკს	50
პენ	50
ვონ	50
აორ	50
ყეპ	50
ხვე	50
ლრთ	50
ბას	50
ებე	50
ძჟთ	49
მაძ	49
ნწქ	49
ბთბ	49
თტპ	49
რყზ	49
ნეს	49
ნყნ	49
სად	49
თდყ	49
ქოთ	49
ზსე	49
იქნ	49
ბღთ	49
ყავ	49
ზგა	49
ახა	49
თდვ	49
თიკ	49
ვპე	49
ოსე	49
რბთ	49
წუთ	49
ყვი	49
სამ	49
ლსი	48
ვყპ	48
ბლე	48
პნჟ	48
სვმ	48
პლჟ	48
პწი	48
სულ	48
რპფ	48
ქვო	48
სმბ	48
ვეკ	48
ღაე	48
ლძუ	48
ვაკ	48
ომე	48
ერა	48
ლქვ	48
ნკს	48
ჟმს	48
ლვბ	48
ეოპ	48
სნუ	47
უაი	47
ეიძ	47
იფა	47
დეგ	47
ფვე	47
ფნს	47
ოლძ	47
ტყპ	47
ეაა	47
ესე	47
ქნვ	47
უთუ	47
ფთო	47
სეზ	47
იყპ	47
ყკპ	47
ვიყ	47
გქთ	47
ყლკ	47
აჟპ	47
ნობ	47
მია	47
ნახ	47
ნნშ	47
ღთნ	47
თლს	47
დლწ	47
ნშვ	47
ყნდ	46
სვქ	46
რვუ	46
ხოლ	46
ნდთ	46
ვმბ	46
ლში	46
რყუ	46
ნდი	46
ყკთ	46
ათქ	46
კსბ	46
ქნე	46
ჟაზ	46
ძუთ	46
მით	46
პსლ	46
რმვ	46
ეგო	46
რდე	46
ავპ	46
გას	46
გპე	46
სია	46
ყნფ	46
სრჩ	46
კნს	46
რყი	45
ჩან	45
ვბფ	45
ნტთ	45
ისე	45
სბპ	45
ევტ	45
მოძ	45
ეეყ	45
ეუთ	45
კმვ	45
ვუს	45
ჟპთ	45
ზყლ	45
იეზ	45
გრძ	45
თლე	45
ხმა	45
მელ	45
ოჟვ	45
აპო	45
ადნ	45
ტყნ	44
ქსპ	44
შრჩ	44
ფთდ	44
იმთ	44
მლწ	44
ყკყ	44
ასბ	44
ოძრ	44
ხან	44
ძჟჩ	44
ახე	44
ობს	44
ვთნ	44
ტთრ	44
ირდ	44
ბწრ	44
პდს	44
ესკ	44
ქვბ	44
ტყვ	44
ნჟს	44
უალ	44
სლწ	44
ნდე	44
ვეჩ	43
მყღ	43
რაღ	43
დლო	43
ანტ	43
ლსუ	43
წეკ	43
რეპ	43
სთრ	43
გში	43
ღმე	43
არუ	43
აამ	43
იმე	43
ყეყ	43
სლჟ	43
ებპ	43
პჟა	43
რფა	43
ტსნ	43
ლვწ	43
უთკ	43
არმ	43
იჟწ	43
დის	43
მოპ	43
პმს	43
რკლ	43
ამჟ	43
ქსრ	43
ისთ	43
რაც	42
ასყ	42
სიჟ	42
თლტ	42
გსი	42
ვოჟ	42
ნჟლ	42
ბრა	42
ყჟყ	42
სხვ	42
არჯ	42
ენდ	42
უპგ	42
სვრ	42
ნლთ	42
სკგ	42
უნე	42
პაპ	42
ყლა	42
რვა	42
ვიქ	42
გთა	42
ემვ	42
მსე	42
ასჟ	42
სთპ	42
ჭირ	42
უთგ	42
ნკვ	42
ნდს	42
ალგ	42
ტაი	42
თუს	42
შევ	42
ებდ	42
თაკ	41
უბრ	41
აკკ	41
ალმ	41
სქს	41
ძზნ	41
გყე	41
ჯერ	41
ყჟგ	41
აოფ	41
იეყ	41
დენ	41
წინ	41
ჟაო	41
ვიტ	41
ყნვ	41
ბია	41
ურე	41
ომი	41
მივ	41
პვს	41
ეჟვ	41
ეფთ	41
მსრ	41
ნზვ	41
წქვ	41
სღვ	41
ელე	41
ორც	40
ბშრ	40
ზსრ	40
წრყ	40
ჟსთ	40
ვმგ	40
კვჟ	40
მეგ	40
ზბთ	40
წავ	40
ხვდ	40
ავშ	40
საკ	40
თვგ	40
ისა	40
ვიუ	39
გინ	39
ნსკ	39
ასტ	39
პეწ	39
წნკ	39
გსე	39
თიე	39
ტამ	39
ძპთ	39
სმი	39
ჟბთ	39
შეს	39
ფკვ	39
მაშ	39
მყე	39
ნწლ	39
რსლ	39
სვნ	39
ყფთ	39
ჟთე	39
ჟნს	39
მთმ	39
ყოფ	39
მვუ	39
კრს	39
ვპბ	39
ლწჟ	39
ზლთ	39
ავბ	39
პპთ	38
ვლდ	38
ძეზ	38
თოს	38
უთჟ	38
მთე	38
იტო	38
ოაზ	38
სრბ	38
სპს	38
უვი	38
აიფ	38
ივპ	38
ყპტ	38
ლფა	38
აპუ	38
გებ	38
თღნ	38
რწღ	38
რუნ	38
ვკნ	38
ეეა	38
კავ	38
სთვ	38
რსო	38
ულე	38
ჟაღ	37
ხომ	37
ლგყ	37
ზვუ	37
ვეი	37
კიდ	37
თიფ	37
ესუ	37
პსა	37
თტყ	37
პრლ	37
ძრყ	37
ვნლ	37
დჟრ	37
ბსქ	37
თქმ	37
მიტ	37
გსლ	37
პგნ	37
შეგ	37
ბმთ	37
ვტპ	37
გწნ	37
ზპრ	37
უთტ	37
ოად	37
ოვგ	37
ბდი	37
ბავ	37
ნრკ	37
სლს	37
არდ	37
კთა	36
ფქვ	36
როდ	36
დიდ	36
კად	36
პში	36
პვწ	36
თლლ	36
აეუ	36
სინ	36
სარ	36
თხო	36
ხებ	36
ყრვ	36
თელ	36
გობ	36
დპწ	36
ხალ	36
აბე	36
ფთვ	36
ლეს	36
დსქ	36
წღა	36
იტყ	36
აოგ	36
უპნ	36
პბვ	36
მლნ	35
ვქმ	35
აწმ	35
ბსს	35
მხო	35
სპუ	35
ვფი	35
ეიჩ	35
იჩა	35
ღაც	35
უფრ	35
ლმთ	35
ლეყ	35
ქრპ	35
ბიჭ	35
ღთუ	35
ვაგ	35
თზკ	35
დპბ	35
იბპ	35
თტრ	35
ანქ	35
დყღ	35
ნკრ	35
წეგ	35
ზთპ	35
ნკუ	35
რსჟ	35
ოუთ	35
ონი	35
ტსპ	35
დილ	35
უკთ	35
ლვღ	35
მბს	35
ლდთ	35
დთბ	35
ჟაფ	35
ივა	35
სეყ	35
როლ	35
ოყნ	35
ნსს	34
ყლე	34
იოყ	34
პეყ	34
თიმ	34
თიგ	34
დია	34
ეპძ	34
პგძ	34
ბათ	34
ლრვ	34
სმს	34
შინ	34
პვთ	34
რსთ	34
ნიე	34
აივ	34
მჟწ	34
თყპ	34
ხედ	34
ლლთ	34
თეყ	34
თორ	34
მაო	34
ივე	34
გონ	34
ვფს	34
ხელ	34
ყურ	34
ანგ	34
ნის	34
ექს	34
ნიშ	34
ქჩჟ	34
წჟკ	34
ურა	34
ღებ	34
აცი	34
ვლი	34
ულა	34
ჟრკ	34
ჩნშ	34
ლვყ	33
უკვ	33
მიძ	33
ნსმ	33
ფრო	33
ეაბ	33
სდვ	33
კაც	33
ნკნ	33
იყა	33
სგპ	33
ცრთ	33
იფთ	33
ბღა	33
ზნვ	33
სზს	33
მყჟ	33
მთთ	33
ბლწ	33
ფვბ	33
დეთ	33
აუკ	33
იფი	33
პკჟ	33
ღსპ	33
კგვ	33
ტაჟ	33
ირე	33
ავდ	33
ენე	33
გაძ	33
სსრ	32
ფენ	32
ეყმ	32
ხდა	32
სიფ	32
ვზყ	32
სთე	32
დსნ	32
ოცა	32
სმჟ	32
თპყ	32
ეკვ	32
სვპ	32
აუნ	32
თრლ	32
თგს	32
რლწ	32
ზნშ	32
გშჟ	32
ათი	32
პრწ	32
როა	32
ქთი	32
რძა	32
ზვე	32
ეძლ	32
ილო	32
ვზბ	32
მორ	32
ესნ	32
ქრს	32
ესვ	32
ანჩ	32
ვბლ	32
დას	32
რდლ	32
ვპფ	32
იწყ	32
ბებ	32
ემდ	31
ვტყ	31
ღეს	31
დვმ	31
რიგ	31
წიუ	31
აგდ	31
უან	31
ლმჟ	31
ბთდ	31
სოფ	31
ქაე	31
ფსნ	31
ლეთ	31
ჟტვ	31
ანზ	31
რვტ	31
ვკგ	31
ლშქ	31
პზე	31
გფა	31
მატ	31
თზნ	31
ლთთ	31
ბრუ	31
თნზ	31
ყპფ	31
ზავ	31
ბაუ	31
მსქ	31
ნსძ	31
აწჟ	30
საე	30
ლთს	30
ნკლ	30
ძლთ	30
ბყრ	30
ჯან	30
კთე	30
ადყ	30
ესდ	30
სკვ	30
ინი	30
იოვ	30
სპე	30
შჟრ	30
არფ	30
ბთღ	30
ჟლშ	30
ბედ	30
რძნ	30
ჟთა	30
ბჟკ	30
დსა	30
გმა	30
მაღ	30
ყლუ	30
ვგკ	30
სექ	30
რსქ	30
ელო	30
ირი	30
უთმ	30
რჩე	30
ოფა	30
ეთფ	30
პგრ	29
ოხდ	29
მბლ	29
გეი	29
თემ	29
პწდ	29
წუხ	29
რჯო	29
ლმვ	29
მვა	29
შლა	29
დვე	29
თბყ	29
აბფ	29
ჟყძ	29
ყგყ	29
ზაე	29
ყჟპ	29
თხა	29
წოა	29
რბპ	29
ადი	29
ლოა	29
ეში	29
სდს	29
პწჟ	29
ოჟა	29
რპკ	29
ესი	29
ღვე	29
ომო	29
ახს	29
რსზ	29
გვმ	29
ნსი	29
კვდ	29
ბდა	29
ზვო	28
ზყჟ	28
თიპ	28
იპყ	28
ლტა	28
მოჟ	28
ნჟჩ	28
ზთი	28
ცრა	28
თოყ	28
ირჟ	28
დთთ	28
ვგლ	28
მპს	28
ქმე	28
პოს	28
ჟპს	28
ლწო	28
ოჯა	28
ახი	28
ნპვ	28
ავღ	28
ლწძ	28
გათ	28
თლრ	28
იგყ	28
ავუ	28
გვგ	28
იჟვ	28
ვგს	28
მლვ	28
ობდ	28
ყბლ	28
მსა	28
ვსჟ	28
ემო	28
ასვ	28
დაუ	28
ქთვ	28
წონ	28
ოფთ	28
მგა	28
ნშმ	28
ზსნ	27
ფათ	27
ლსა	27
თმგ	27
ნყკ	27
ძან	27
ფსმ	27
ობთ	27
ჩმთ	27
გსძ	27
გყზ	27
მეტ	27
ჟთუ	27
ოდვ	27
თყნ	27
ბაი	27
ჟუთ	27
თგშ	27
რბლ	27
ეევ	27
ატი	27
ორწ	27
ვგწ	27
ახვ	27
ქსუ	27
ბსზ	27
ყგა	27
ყოწ	27
ღავ	27
აჟმ	27
იარ	27
რდი	27
ეთთ	27
გზე	26
ბპშ	26
არც	26
ლწბ	26
ათმ	26
ყბა	26
ინც	26
ჟწნ	26
ჟშნ	26
სწრ	26
ეყზ	26
თთნ	26
იმი	26
ლბს	26
ჟვვ	26
მევ	26
ბჟვ	26
დაფ	26
მთი	26
ვეუ	26
ჯახ	26
იტა	26
კნწ	26
ჟწმ	26
მყდ	26
დთვ	26
მედ	26
მსღ	26
უვმ	26
თჟჟ	26
ღსგ	26
ძრჟ	26
დლყ	26
კაღ	26
ლყგ	26
ალფ	26
სთა	26
ინჟ	26
უნთ	26
სურ	26
სის	26
ბელ	26
ესბ	26
დაწ	26
რწდ	26
კპშ	26
აგი	26
ულო	26
დბყ	25
ზყკ	25
იგზ	25
იახ	25
შლთ	25
ლტპ	25
პკპ	25
ანბ	25
აექ	25
რწმ	25
წჟყ	25
სნს	25
ბაწ	25
საქ	25
გსუ	25
გეს	25
ვვნ	25
სზგ	25
აკქ	25
ლკყ	25
ძნო	25
დბთ	25
ვრფ	25
ნკპ	25
ყბჟ	25
გოგ	25
ოვდ	25
აიტ	25
ცლლ	25
ეყგ	25
თჟუ	25
სერ	25
ყკლ	25
ვვგ	25
კმა	25
ღთფ	25
ფნშ	25
წგვ	25
ჟოყ	25
რჟყ	25
ანმ	25
გზა	25
ჰომ	25
სპბ	25
ნწჟ	25
ძღთ	25
ძრა	25
გეყ	25
აკმ	25
შობ	25
წერ	25
ბპკ	25
ყლთ	25
თვა	25
ეხმ	25
ტერ	25
არშ	25
თოგ	25
ვიწ	25
კით	25
დნე	25
ტებ	25
აჟჩ	25
გდს	24
ღვმ	24
სგს	24
ტრთ	24
იცო	24
უათ	24
სრს	24
გრპ	24
აქმ	24
გთი	24
ნჟტ	24
მბო	24
ეგი	24
ბჟლ	24
ივლ	24
სირ	24
ჟწქ	24
გთბ	24
აიბ	24
კათ	24
ლთყ	24
ვნბ	24
ოსმ	24
რთბ	24
კყნ	24
ორე	24
აბნ	24
ოთა	24
პთყ	24
წპთ	24
აწგ	24
ვსმ	24
აფყ	24
ოწგ	24
პქკ	24
ოსვ	24
ვხვ	24
ნწუ	24
ნდო	24
ძგა	24
გულ	24
ეთს	24
ვპუ	24
ბგყ	24
ეუვ	24
ლჩჟ	24
ედპ	24
თპგ	24
ზნწ	24
ეჟლ	24
ლვა	24
ჩრვ	24
აჩე	24
იღე	24
უაო	24
ლწვ	24
ატრ	24
რუვ	24
წჟა	24
წარ	24
ბძმ	23
ოჟყ	23
უხვ	23
იჭი	23
წდჟ	23
ბევ	23
მეც	23
ძმპ	23
რძჟ	23
კთქ	23
ილჟ	23
აზი	23
ტსლ	23
ღწლ	23
ყეწ	23
ბოლ	23
სეჩ	23
წზვ	23
აეო	23
ტთი	23
იაშ	23
მვდ	23
ცნე	23
იგი	23
ედე	23
რჟლ	23
რაძ	23
ზთთ	23
ქორ	23
რწი	23
ოფი	23
ფილ	23
თთჟ	23
გრთ	23
აპი	23
ვსგ	23
ეპგ	23
დახ	23
კფვ	23
ამრ	23
აქგ	23
გილ	23
ტრა	23
არტ	23
ეტყ	23
ობლ	23
ეულ	23
დაც	23
გფთ	23
წამ	23
პათ	23
ნჩკ	23
ონდ	23
თკჩ	23
სმო	23
პტთ	23
ჩამ	23
უგწ	22
ხლშ	22
დიშ	22
იში	22
ძბლ	22
მჟლ	22
სლტ	22
რპბ	22
ჯობ	22
ვრი	22
ჟპწ	22
ნკყ	22
ზაა	22
ვნძ	22
ხრა	22
სლე	22
ემს	22
ამშ	22
ბვმ	22
ედნ	22
დნი	22
ბნვ	22
ქცე	22
ნრლ	22
ცდი	22
იხა	22
დად	22
პრჩ	22
ეტა	22
შვე	22
ბყნ	22
გოპ	22
ჟყს	22
ყსფ	22
უამ	22
მრთ	22
წრჟ	22
ვბყ	22
ვვვ	22
ლატ	22
მვგ	22
ზაი	22
წყე	22
ალძ	22
თჟტ	22
პზს	22
ვმლ	22
რძე	22
გაწ	22
მსზ	22
კსუ	22
აღვ	22
ნით	22
ებზ	22
ბზე	22
წდგ	22
აურ	22
რში	22
წლი	21
რჟძ	21
ლდპ	21
თიტ	21
ჟჩვ	21
კუვ	21
ძლვ	21
ინრ	21
რჟთ	21
იბთ	21
პეს	21
გპს	21
ოწჟ	21
ოტა	21
ჟწდ	21
ნზე	21
გით	21
ვიო	21
ვლუ	21
ხდე	21
გქა	21
ბრე	21
წნრ	21
იეს	21
ჟპყ	21
რსფ	21
მსმ	21
ვთრ	21
ათგ	21
რფს	21
თვე	21
წფკ	21
წილ	21
ბლი	21
მვწ	21
ქრე	21
ფთი	21
წეპ	21
მთა	21
ლგთ	21
ეცი	21
ზაბ	21
ლოვ	21
კრყ	21
სიკ	21
ოთს	21
ისხ	21
თპრ	21
უშა	21
აეე	21
წნჟ	21
ლიე	21
ეგს	21
ლგვ	21
რეთ	21
თხვ	21
აწყ	21
პბს	21
ბდპ	21
ვოკ	21
აბგ	21
სრჟ	21
ქლწ	21
სდლ	21
მწგ	21
პცნ	20
დსფ	20
ტმა	20
დთკ	20
პპა	20
ფთტ	20
თხრ	20
ერს	20
ეტი	20
თრფ	20
პსპ	20
ნყფ	20
ქყნ	20
წბყ	20
ტივ	20
ლჩმ	20
ოხვ	20
ნფს	20
უთლ	20
იბლ	20
ყრკ	20
მზა	20
ავჟ	20
ნმა	20
წყვ	20
ვსბ	20
ტპკ	20
რსუ	20
დთო	20
ლლა	20
დთდ	20
რფთ	20
ლდე	20
ცილ	20
ქონ	20
ერდ	20
სწო	20
ოებ	20
ბნე	20
ბენ	20
გნწ	20
რპო	20
ებვ	20
ქთკ	20
მოკ	20
ჟსვ	20
ეაღ	20
ლურ	20
საბ	20
ძინ	20
ინო	20
სრუ	20
ტოვ	20
რეკ	20
მჟჩ	19
ტბთ	19
თპც	19
პლყ	19
ნბს	19
ესთ	19
ვპპ	19
გთხ	19
ბჟს	19
ტდა	19
კქთ	19
ცუდ	19
თის	19
ივრ	19
ყლო	19
გპგ	19
დსე	19
მწლ	19
ტყჟ	19
ეხე	19
სდპ	19
სღა	19
აზრ	19
საო	19
ჟსკ	19
ზად	19
ბში	19
მშვ	19
ავკ	19
წეყ	19
ძლო	19
აიდ	19
ასმ	19
იშვ	19
ლოც	19
დგთ	19
ეყჟ	19
საა	19
დივ	19
ოსუ	19
ისმ	19
ჟტპ	19
მობ	19
თპწ	19
იშნ	19
მუშ	19
ჟრმ	19
ჟეყ	19
ძელ	19
ვრშ	19
მეს	19
სიმ	19
აოწ	19
ისგ	19
ოაწ	19
კჟკ	19
გშბ	19
ამგ	19
რნს	19
ცვლ	19
ნსა	19
რნშ	19
იცვ	19
სმე	19
ბინ	19
პნწ	19
ევდ	19
ასუ	19
ვწუ	18
სტმ	18
კლც	18
ლცპ	18
როც	18
აცრ	18
აან	18
ბღწ	18
თლბ	18
პნყ	18
ძჟა	18
სიყ	18
სლყ	18
რწნ	18
თრწ	18
ვლპ	18
დვა	18
ობრ	18
ადბ	18
ყნპ	18
ლაძ	18
მდვ	18
ნტლ	18
რპგ	18
აია	18
ყგკ	18
ტკა	18
პსუ	18
ეკლ	18
ხში	18
ალლ	18
ყლქ	18
ლწფ	18
გსქ	18
ბიბ	18
სიტ	18
რივ	18
რაშ	18
ტთდ	18
ლიყ	18
იგე	18
პთღ	18
რპძ	18
ებშ	18
ჟჟკ	18
პბყ	18
ვშვ	18
ეგე	18
წჟგ	18
ასთ	18
ლყტ	18
ფრი	18
ვნღ	18
თბს	18
ადმ	18
აშე	18
ევს	18
ჩჟრ	18
შნა	18
ჟას	18
იამ	18
ეკს	18
ღთი	18
ეებ	18
დათ	18
პსვ	18
ჟთთ	18
რთზ	18
იკვ	18
აუბ	18
იცა	18
ნტე	18
რეს	18
ცია	18
ბაშ	18
ჟჟრ	18
მმა	18
კპჟ	18
ვზს	18
ხვი	18
პსთ	18
მოუ	18
დგე	18
ფკს	18
უპს	17
ყოს	17
ნლყ	17
კვქ	17
მძლ	17
რუა	17
გსრ	17
ნწდ	17
ნნს	17
პრძ	17
მყუ	17
ლჩფ	17
ევძ	17
ბყტ	17
აიუ	17
ეყბ	17
კვო	17
პშვ	17
რფყ	17
მფთ	17
ფქთ	17
ეგპ	17
წკვ	17
ბძე	17
ვოუ	17
ჟვა	17
გშზ	17
არძ	17
კლე	17
ახშ	17
ჟყუ	17
იის	17
ეპქ	17
თლძ	17
ბღს	17
მახ	17
ამუ	17
ღთმ	17
სელ	17
აბწ	17
ყნქ	17
აფრ	17
სპრ	17
ნნვ	17
აედ	17
ლუვ	17
ვნშ	17
თჟწ	17
დაკ	17
ჩევ	17
ცნო	17
შეუ	17
დგი	17
ოჟს	17
ქვკ	17
უყვ	17
ეუბ	17
უბნ	17
უკე	17
პაძ	17
თწვ	17
ეაუ	17
ოთღ	17
ლით	17
ბთა	17
ითა	17
ვას	17
ბსბ	17
ძღვ	17
ობე	17
ვტრ	17
მლთ	17
კსძ	17
ანო	17
ოლე	17
კურ	17
ნაც	17
გენ	17
ბილ	17
ჰეი	16
მუნ	16
ნუყ	16
ნქთ	16
წქკ	16
ვკე	16
იგვ	16
წეწ	16
ვეფ	16
ეფს	16
უთხ	16
პრტ	16
ნყუ	16
იქც	16
გდა	16
ბეს	16
სტი	16
შზთ	16
ბშგ	16
ასო	16
ქვღ	16
რუთ	16
მვბ	16
სპფ	16
ოგვ	16
უდა	16
ლეპ	16
უგპ	16
ააგ	16
ნტი	16
ბეწ	16
ფთთ	16
ვიძ	16
ტთქ	16
ლუა	16
მრვ	16
ნღთ	16
აჟგ	16
მაც	16
ზთე	16
აბრ	16
ემე	16
მშო	16
ტფვ	16
სხმ	16
უთძ	16
წლნ	16
დსრ	16
შაო	16
ყტთ	16
ასი	16
ლსლ	16
ებლ	16
ნუჩ	16
სძღ	16
ნაზ	16
ასლ	16
სნფ	16
წორ	16
ინტ	16
ჩმვ	16
ონს	16
ონე	16
პშრ	16
მქთ	16
ნეჟ	16
ავთ	16
სძრ	16
ბთთ	16
ეას	16
ფაღ	16
ნწღ	16
აძღ	16
აჟფ	16
ნვტ	16
ტთფ	16
ლრპ	16
ვჟჟ	16
ჟყფ	16
აკო	16
ექი	16
ყიდ	16
სმწ	16
ენტ	16
თხე	16
ჩენ	16
ერო	16
ყლგ	16
ძეთ	15
წმუ	15
ცოტ	15
მმმ	15
ილწ	15
ძნთ	15
გიძ	15
ვმე	15
მში	15
ლეჟ	15
კჟჩ	15
ვაა	15
წად	15
უდი	15
მიდ	15
კრჩ	15
ნტა	15
ზეშ	15
ზია	15
გეწ	15
მშჟ	15
შჟლ	15
გვთ	15
დცლ	15
წგლ	15
ესლ	15
ჟდა	15
შეხ	15
წდნ	15
კლყ	15
ოსპ	15
ვცდ	15
წელ	15
თგუ	15
ჟჟლ	15
ტთე	15
რჟს	15
პგშ	15
ზვდ	15
იულ	15
ოთზ	15
ოლი	15
სფრ	15
ანშ	15
კოლ	15
ლფნ	15
ცავ	15
გბვ	15
ლყბ	15
ყგლ	15
ფრე	15
ვპქ	15
ცეკ	15
ეჟყ	15
შქა	15
დვჟ	15
ატყ	15
აიპ	15
ჟბს	15
ვზლ	15
ძბგ	15
ჩკთ	15
პწღ	15
სოგ	15
ლჟა	15
ნკჟ	15
ვავ	15
საფ	15
მთხ	15
ალდ	15
მბპ	15
აებ	15
სრყ	15
სპმ	15
წვრ	15
რჟგ	15
თფრ	15
ჟფა	15
ნბვ	15
ცად	15
მკვ	15
უთი	15
გახ	15
ვნგ	15
სლჩ	15
სჟგ	15
ცვა	15
ვდფ	15
რინ	15
პშგ	15
ენშ	15
უებ	15
რმო	15
ურნ	15
მებ	15
ოგი	15
სავ	15
სქფ	14
ძფყ	14
ანპ	14
უმც	14
პსი	14
გია	14
ენკ	14
ნძრ	14
ჩფთ	14
გდთ	14
ლმყ	14
კკვ	14
თაუ	14
ბშჟ	14
ვტკ	14
პჟს	14
თღთ	14
ვრუ	14
გუა	14
აგჩ	14
ზაძ	14
აბშ	14
ოიყ	14
ითო	14
ინმ	14
შია	14
ნაშ	14
ზრდ	14
ყბნ	14
დოდ	14
რშლ	14
ლზე	14
იტე	14
ჟთტ	14
ხსო	14
ყფმ	14
ნქნ	14
ყპვ	14
აპჩ	14
ნჩქ	14
თით	14
ნდგ	14
თმლ	14
მეძ	14
ივდ	14
პსძ	14
შორ	14
თპჟ	14
ოსი	14
რვღ	14
ლჩრ	14
აობ	14
ეეპ	14
უფლ	14
აგფ	14
ოვღ	14
ზთკ	14
ისუ	14
ესძ	14
სათ	14
მიე	14
სტუ	14
სრშ	14
ჟსღ	14
გოს	14
ვში	14
მეხ	14
ღვვ	14
შრთ	14
წზე	14
ვოგ	14
ათვ	14
ნდყ	14
ჭამ	14
ვკფ	14
ოქვ	14
აძჟ	14
ოჟკ	14
ღვი	14
აკი	14
ზაღ	14
დობ	14
ვბს	14
ცემ	14
კონ	14
ასწ	14
ტყუ	14
მიმ	14
ხილ	14
წკს	13
ქსვ	13
თმწ	13
თუმ	13
მცა	13
ტვგ	13
თპბ	13
ენზ	13
ვგდ	13
ირლ	13
სემ	13
ლმე	13
ზყნ	13
ნლა	13
მჭი	13
პკრ	13
ოთყ	13
ძაპ	13
ტსე	13
თფს	13
იტვ	13
თმუ	13
წპე	13
ანძ	13
აეჩ	13
უპკ	13
ღაბ	13
ძბწ	13
ტიე	13
ბვუ	13
მიხ	13
ვმჩ	13
ნქა	13
ლზს	13
სკყ	13
ქთე	13
გშო	13
ფრვ	13
ცოლ	13
მუდ	13
წპკ	13
შვნ	13
ითქ	13
დაშ	13
რენ	13
ქთფ	13
რვთ	13
ადღ	13
ქაწ	13
ათა	13
ნრდ	13
რჩვ	13
ვნო	13
ელდ	13
მეთ	13
ლოს	13
ჩნა	13
ფაე	13
კთფ	13
ვბჟ	13
ოდნ	13
ორს	13
ბრძ	13
პთძ	13
დატ	13
ოში	13
უხე	13
სში	13
ისტ	13
ტორ	13
ჟრშ	13
ტპს	13
ეწნ	13
ქატ	13
უპრ	13
ეფვ	13
ქპთ	13
თოპ	13
თლუ	13
ხლი	13
ცებ	13
თნშ	13
ცინ	13
ოავ	13
წყო	13
გოთ	13
ედლ	13
ჩწნ	13
ბეთ	13
იძი	13
ახუ	13
ხურ	13
ქოა	13
ეჟთ	13
ბგპ	13
პჟგ	13
ყლჟ	13
წეს	13
სრგ	13
ჟბვ	13
ვტო	13
მბე	13
თოკ	13
ყზლ	13
ვიღ	13
იდო	13
მონ	13
რძპ	13
ყგფ	13
ეაძ	13
თთთ	13
გმჟ	12
ბბთ	12
ძმყ	12
წნდ	12
ყტა	12
ტთთ	12
ქთთ	12
გჟძ	12
შქთ	12
რტვ	12
ნწზ	12
გწჟ	12
თიბ	12
დრე	12
ღაზ	12
აქე	12
ძმთ	12
ღპვ	12
ზვა	12
პსტ	12
სოდ	12
ლყმ	12
ოხე	12
იყუ	12
ღპა	12
გეპ	12
რჟპ	12
ცბბ	12
ნმე	12
ფად	12
ჟწუ	12
წმჟ	12
გრი	12
ფით	12
სნნ	12
ტად	12
ირს	12
ეაო	12
ოვს	12
ფმა	12
მჟვ	12
ჟჟთ	12
შეე	12
რთს	12
ოწმ	12
ძპვ	12
დაძ	12
წღვ	12
რტო	12
გუვ	12
გქვ	12
სჟს	12
იპთ	12
აპტ	12
რჟბ	12
ოყო	12
თია	12
თაე	12
ბატ	12
ონო	12
საშ	12
ვრმ	12
მჟყ	12
ვღწ	12
ძჟვ	12
ჟაა	12
უმრ	12
ძჟრ	12
ვსრ	12
რხა	12
ნთო	12
ხავ	12
ჟვტ	12
გნშ	12
ვბრ	12
მყა	12
ვწნ	12
იზმ	12
ჩქა	12
რით	12
პყქ	12
გშლ	12
თუშ	12
ვრბ	12
მვღ	12
ბფთ	12
ვფჩ	12
იპა	12
ოცნ	12
დმს	12
წყდ	12
ღთლ	12
ლძგ	12
სუნ	12
ინყ	12
ვუკ	12
ნატ	12
ბსი	12
ეად	12
სვე	12
ურდ	12
ნოთ	12
რნე	12
გყდ	12
პჟნ	12
ჟნშ	12
ქკვ	12
ვლშ	12
სღთ	12
ეძა	12
რმთ	12
ამჩ	12
წნს	12
ლელ	12
აწი	12
ოპშ	12
იმვ	12
საწ	12
მიყ	12
ფსრ	12
რჩი	12
ნერ	12
ვწლ	12
თპლ	12
სუხ	12
მიი	12
დრყ	12
ჩნთ	12
ნილ	12
ვძჟ	11
ძპდ	11
ცრს	11
ატდ	11
ცლთ	11
ფყნ	11
ნიმ	11
კეზ	11
მსვ	11
ზთღ	11
თვდ	11
ბთო	11
წმი	11
ტაუ	11
ყეკ	11
მპთ	11
ღაწ	11
ყზგ	11
კპუ	11
თნლ	11
ნწპ	11
რიფ	11
ორტ	11
დში	11
აჟშ	11
ვნქ	11
ნძი	11
ეწყ	11
ატწ	11
ვვლ	11
ოკე	11
კთბ	11
ვივ	11
დთე	11
ყრგ	11
მზე	11
მნი	11
ოთე	11
გივ	11
წპვ	11
თწფ	11
კმთ	11
ვწე	11
სთფ	11
ქკს	11
ყელ	11
რდვ	11
წას	11
დაჩ	11
უნვ	11
ყმა	11
ხია	11
აპშ	11
სუფ	11
იათ	11
ჟვთ	11
პრო	11
უცი	11
ძრვ	11
გშვ	11
არხ	11
ჩერ	11
ვეშ	11
ჭებ	11
წვე	11
ყარ	11
იგო	11
აერ	11
ითი	11
შავ	11
ზაზ	11
პკნ	11
ოგე	11
ეწო	11
ნთძ	11
წენ	11
აწზ	11
ღთვ	11
ვიპ	11
გპწ	11
ამქ	11
ლდვ	11
თგჟ	11
ცნა	11
წიკ	11
ეზე	11
სჟჩ	11
ძთპ	11
ბსვ	11
ვეტ	11
ენგ	11
აზყ	11
ბჟა	11
კთკ	11
თბნ	11
ავტ	11
ლულ	11
რზე	11
იებ	11
შეა	11
ულს	11
იმო	11
ააკ	11
მნს	11
სგლ	11
ატე	11
ირჩ	11
წვმ	11
იალ	11
სწა	11
გშგ	11
ექთ	10
ვვე	10
ოლმ	10
ცპპ	10
წბა	10
აკბ	10
კქყ	10
ადრ	10
გთო	10
პჟო	10
აზდ	10
იუვ	10
ზთო	10
ნსუ	10
ჟგს	10
სქლ	10
ოვთ	10
ენც	10
ლიც	10
ტვთ	10
ეგნ	10
ხეთ	10
ლაც	10
ქსი	10
იმბ	10
გჭი	10
მგო	10
იდყ	10
რნი	10
ლკნ	10
ამფ	10
წახ	10
თჟქ	10
ვქპ	10
სკო	10
ნჟგ	10
ილს	10
გიყ	10
ყმო	10
რტპ	10
რყდ	10
უპვ	10
ზოგ	10
თბჟ	10
გემ	10
რიე	10
ტონ	10
ფლე	10
ქსბ	10
ურთ	10
უფა	10
რიო	10
უძლ	10
ლემ	10
გეხ	10
აუც	10
ჩქთ	10
ღთქ	10
იკლ	10
იფვ	10
იჭე	10
ცევ	10
იას	10
აყე	10
იკე	10
ხლო	10
მწუ	10
ფეხ	10
თაჟ	10
ივნ	10
ჟჟვ	10
ნბპ	10
მდა	10
ეყუ	10
დყჟ	10
უყტ	10
ათუ	10
ოყგ	10
ვმუ	10
ოაა	10
ტელ	10
ფონ	10
ზენ	10
ნყლ	10
სიე	10
გშნ	10
ტრვ	10
მეშ	10
ფას	10
სეჟ	10
პნშ	10
სტე	10
რცხ	10
ზბვ	10
პლს	10
თულ	10
ვბგ	10
გსვ	10
მოე	10
იღო	10
აცე	10
კთუ	10
თდგ	10
ხსე	10
რთხ	10
ჟჟა	10
დთი	10
კსვ	10
წვქ	10
რპრ	10
შირ	10
იიღ	10
ეიც	10
შეძ	10
ალშ	10
დთგ	10
დინ	10
აჟუ	10
ყუე	10
ბმა	10
რჩძ	10
წძრ	10
დელ	10
ჩავ	10
ქაფ	10
ვნი	10
ლპთ	9
იყჟ	9
ბცპ	9
მნძ	9
რეწ	9
ღვთ	9
ვთი	9
კბთ	9
დნწ	9
ვკქ	9
ფჩძ	9
ჟმშ	9
ნაღ	9
რეი	9
წკლ	9
ათლ	9
კჟტ	9
მეო	9
თახ	9
საგ	9
ძკჟ	9
თყლ	9
ასგ	9
ალხ	9
თში	9
პეჟ	9
ტლე	9
ვწჟ	9
ფსქ	9
თტლ	9
ახმ	9
ქვუ	9
ქსლ	9
პწუ	9
ტიუ	9
ყგუ	9
პნტ	9
გპკ	9
ლჟვ	9
ყგპ	9
პკლ	9
სვბ	9
რსს	9
ატლ	9
ვხე	9
ჩწმ	9
ცეს	9
კჟგ	9
ავწ	9
პგს	9
ქაძ	9
ფმთ	9
კრძ	9
ძზვ	9
ნსვ	9
ჟავ	9
ბყკ	9
ვდკ	9
ორყ	9
მვძ	9
თსნ	9
მხი	9
იცნ	9
ეუძ	9
ღწრ	9
ჩაი	9
უსტ	9
ზსკ	9
ზაქ	9
ბკა	9
ტუმ	9
აყვ	9
რელ	9
გსპ	9
გაჩ	9
თძრ	9
გაც	9
ვაშ	9
ნიც	9
ომლ	9
რიდ	9
ლიზ	9
ზმი	9
ქაა	9
ოზე	9
ვპშ	9
დპე	9
სნბ	9
რჩწ	9
სლნ	9
მოქ	9
ლტვ	9
გაო	9
მიკ	9
იკო	9
პცი	9
ბოს	9
ჩებ	9
ძრო	9
ლეფ	9
ეფო	9
ოკვ	9
კვფ	9
აპპ	9
ფაა	9
სვგ	9
გძთ	9
გშპ	9
ბსუ	9
რჟმ	9
ნტს	9
სმგ	9
იშა	9
წყა	9
ყალ	9
სსს	9
რქვ	9
პმყ	9
კფთ	9
ნგთ	9
ჟეა	9
კსღ	9
თგპ	9
რსბ	9
აეშ	9
მოჩ	9
გწღ	9
ეტე	9
აიც	9
რეუ	9
ბერ	9
ნბა	9
ნწი	9
წფვ	9
დფთ	9
ისკ	9
ერვ	9
პრე	9
სონ	9
ცდა	9
ვდგ	9
სპო	9
ფლთ	9
აპზ	9
იბრ	9
გის	9
აქც	9
იქვ	9
ეობ	9
ჟვწ	9
ოსდ	9
ლჩუ	9
ხსნ	9
ეყვ	9
ახო	9
ხდი	9
ეგლ	9
იკი	9
ტჟკ	9
მიგ	9
მცი	9
ბიმ	8
ქედ	8
კმს	8
აღპ	8
წგდ	8
ეტთ	8
გცნ	8
ვჟდ	8
გძრ	8
ეორ	8
პკმ	8
ფსუ	8
ლტდ	8
რწჟ	8
თლშ	8
ჯოჯ	8
ოჯო	8
ჯოხ	8
უავ	8
უმა	8
ჯოს	8
ღსკ	8
სოო	8
ოოა	8
პორ	8
ლენ	8
ყქლ	8
ძმვ	8
შლვ	8
ბღნ	8
ზას	8
შეწ	8
ტწგ	8
თიდ	8
შოთ	8
აჟი	8
კაძ	8
ვაო	8
ქყპ	8
ჟჟნ	8
ვაქ	8
ჟქა	8
ზეყ	8
ყმვ	8
ემზ	8
კვწ	8
უსჟ	8
ზეჩ	8
ვქგ	8
ატფ	8
ძუკ	8
უკნ	8
ხმო	8
აფმ	8
ვაზ	8
წკთ	8
სმტ	8
აშვ	8
მრი	8
სტთ	8
ვგჩ	8
მოშ	8
ლინ	8
თრე	8
ტავ	8
დსვ	8
ათღ	8
ცის	8
ვგე	8
დოთ	8
ვმშ	8
ტსკ	8
გეე	8
აოდ	8
პოპ	8
თბკ	8
იოთ	8
საყ	8
წიფ	8
ევხ	8
აიქ	8
ცან	8
მიუ	8
ხმე	8
ცმე	8
მიწ	8
მლე	8
ბიც	8
ვლლ	8
უხა	8
იზე	8
ეზი	8
თზგ	8
ტთა	8
უბე	8
სტო	8
ყქკ	8
ლბვ	8
უსნ	8
თდჟ	8
გშმ	8
თაბ	8
გსჟ	8
თკფ	8
ებყ	8
ძოთ	8
ყდე	8
იცე	8
ეცხ	8
ურო	8
თერ	8
ტჟრ	8
უცნ	8
მრო	8
გიი	8
ვსპ	8
რკვ	8
ანლ	8
ნურ	8
ცხე	8
ყნყ	8
ლჩე	8
წყნ	8
რჯვ	8
ძკა	8
თვჟ	8
ჩკა	8
ვტლ	8
თპქ	8
სბყ	8
ესზ	8
წკგ	8
სკმ	8
რლყ	8
ოშრ	8
რწზ	8
ოის	8
აშო	8
ერმ	8
ტობ	8
აფლ	8
ტას	8
ინძ	8
იყი	8
ყმთ	8
რილ	8
ლყღ	8
ზვღ	8
აკდ	8
ღთო	8
ჟრჟ	8
ეჟმ	8
შრო	8
იბა	8
აქო	8
ტულ	8
ლიდ	8
ვიზ	8
იწე	8
კომ	8
შუა	8
ტაც	8
აღმ	8
აფი	8
ახდ	8
კებ	8
ეკე	8
წრკ	8
იჟე	8
დმო	8
კენ	8
აის	8
მოწ	8
ტრი	8
სიც	8
მაყ	8
ძახ	8
გატ	8
იხდ	8
იურ	8
დფვ	8
სგნ	8
მღე	8
ღერ	8
ტია	8
ეხვ	8
ტის	8
ონტ	8
დომ	8
დყგ	8
ეძზ	7
კყქ	7
პგო	7
პცე	7
ცეტ	7
მცმ	7
ტძკ	7
გგო	7
ეთშ	7
ზპვ	7
მჩწ	7
ბბა	7
პუკ	7
ნდუ	7
დუთ	7
ქყო	7
რტლ	7
მთტ	7
ძილ	7
ილზ	7
ლოყ	7
პძმ	7
ოსტ	7
ლბპ	7
ბძრ	7
ვაჟ	7
ზატ	7
ტკთ	7
ეეძ	7
თლფ	7
ლაშ	7
ვმრ	7
თქო	7
თდე	7
ვმკ	7
ურს	7
პრმ	7
ოწნ	7
მპჟ	7
აუს	7
ძნა	7
პტძ	7
ტძმ	7
პფს	7
რსწ	7
სოუ	7
ბიძ	7
იძა	7
რეშ	7
იელ	7
აცთ	7
დპშ	7
რნწ	7
ნოა	7
რიც	7
ყუკ	7
თობ	7
აზლ	7
იოზ	7
ოზუ	7
ზულ	7
ქვთ	7
კჟმ	7
ვკძ	7
ცით	7
მრე	7
ლძლ	7
სჭი	7
მიშ	7
ნსხ	7
აქი	7
გოე	7
ნნი	7
დთა	7
მწე	7
ეილ	7
ნჯე	7
იწა	7
აუშ	7
აწკ	7
ბშფ	7
შფნ	7
ეხი	7
მიჯ	7
მოყ	7
ესღ	7
რშნ	7
ვვღ	7
კვკ	7
კპმ	7
უსვ	7
ინშ	7
სბჩ	7
ფთზ	7
კძპ	7
ოქთ	7
ოკპ	7
ლსწ	7
ათპ	7
ვვი	7
საღ	7
კოს	7
ცხლ	7
აცნ	7
ნეჯ	7
ეჯე	7
გჟო	7
თღს	7
ტტვ	7
მეა	7
შებ	7
როხ	7
ძენ	7
იიო	7
იომ	7
კკთ	7
ჟად	7
ხენ	7
ძვე	7
სლშ	7
ელჩ	7
სლფ	7
სოჟ	7
უაქ	7
გაბ	7
თტჟ	7
დჟკ	7
ჟაძ	7
საძ	7
უმე	7
ჯვე	7
ფვო	7
პოლ	7
ჟრფ	7
აოქ	7
რგშ	7
დყმ	7
ოჩძ	7
ჩძრ	7
დყე	7
ლჩწ	7
ქნშ	7
სჟჟ	7
ქვვ	7
აბო	7
აწე	7
სრი	7
ვლო	7
კეტ	7
უსმ	7
ოკლ	7
წაი	7
ფლა	7
ნოდ	7
ოპკ	7
ერგ	7
ვრდ	7
მძი	7
ვწყ	7
იქი	7
ფოტ	7
ოტო	7
ჯავ	7
ზრუ	7
თომ	7
ჯექ	7
შოს	7
ნწწ	7
აღნ	7
გეგ	7
ლაა	7
ექვ	7
ლოთ	7
კპწ	7
ცოც	7
ცხა	7
ერპ	7
რეტ	7
ამხ	7
ააღ	7
ღმდ	7
გომ	7
იზა	7
მეუ	7
თოწ	7
ვატ	7
მირ	7
ხით	7
ტაქ	7
ყრჟ	7
მკლ	7
სკე	7
გიჟ	7
აად	7
იზი	7
ღვდ	7
ლონ	7
ღაძ	7
ტრო	7
იოდ	7
ვაბ	7
გიკ	7
აცხ	7
ინჯ	7
ცხვ	7
რბწ	7
გირ	7
ტოს	7
ძრთ	7
პწძ	7
ავხ	7
მხა	7
ძებ	7
თწმ	7
სნი	7
ედრ	7
ეკი	7
იაა	7
საჭ	7
იპო	7
სეი	7
ოპე	7
უაგ	7
კპჩ	7
ოთთ	7
პმწ	7
ილვ	7
ლხი	6
ბპჩ	6
ლდყ	6
ლიი	6
წუვ	6
აუმ	6
ააპ	6
ლქა	6
ნდშ	6
ივხ	6
გყქ	6
მჟტ	6
ასზ	6
კეი	6
თყრ	6
ძჟს	6
წძღ	6
რგჟ	6
რჩმ	6
გრყ	6
თყდ	6
მწპ	6
ჟწპ	6
დმე	6
თოფ	6
მკს	6
ყპს	6
ფქა	6
ვდჟ	6
გჯე	6
ვგუ	6
ყრა	6
ნჩთ	6
ასდ	6
ცთა	6
ქმი	6
გჩწ	6
გშრ	6
აუფ	6
მსტ	6
ჟსტ	6
მპი	6
შედ	6
ზუს	6
ძვლ	6
შპვ	6
ოსო	6
დპლ	6
ვკმ	6
ვაუ	6
მქო	6
ვვუ	6
დსო	6
აიღ	6
წმო	6
იქე	6
ქეც	6
იგნ	6
როშ	6
ოგწ	6
გწო	6
ეიდ	6
ნქვ	6
ტუა	6
დურ	6
რიი	6
ქსო	6
პქპ	6
ქპს	6
ჟშგ	6
ძრპ	6
ძტვ	6
ყრფ	6
ვვჟ	6
აეფ	6
ქსნ	6
ყტრ	6
ჟაუ	6
პვყ	6
ნწფ	6
ჟლძ	6
ნძფ	6
იდვ	6
ლძთ	6
ცეც	6
რკნ	6
ხბო	6
ინბ	6
პრპ	6
ოხა	6
იგრ	6
იტრ	6
ბპნ	6
ვჟბ	6
შპა	6
ლსტ	6
ნდბ	6
ყდპ	6
გყფ	6
ხის	6
ეჩრ	6
წლჟ	6
თრბ	6
ეუა	6
ჩრა	6
ეთყ	6
სტვ	6
თწლ	6
კფა	6
გდლ	6
თაფ	6
ჟთი	6
ლსს	6
ნთყ	6
რჟა	6
ჟატ	6
სპლ	6
რლს	6
თრშ	6
პბწ	6
კვტ	6
გჩრ	6
დსღ	6
ჩნვ	6
ინს	6
ოსწ	6
გეძ	6
ეძი	6
ობუ	6
ბუს	6
აათ	6
ქტო	6
ელშ	6
უყუ	6
ნსქ	6
მრა	6
ემშ	6
აკფ	6
ფსპ	6
უხი	6
ტთბ	6
გსმ	6
შბპ	6
პშდ	6
ვთმ	6
ვჟფ	6
წფთ	6
ბყფ	6
ნთს	6
ძიმ	6
მშრ	6
ქით	6
გელ	6
ოიც	6
კში	6
აიძ	6
დაჯ	6
ეშქ	6
ჟშო	6
შოა	6
ეძნ	6
დვო	6
ოსღ	6
ატჟ	6
თპდ	6
ქფვ	6
გშქ	6
ძქვ	6
თკუ	6
ეოლ	6
ვთჟ	6
ახტ	6
ხტა	6
ირო	6
ამლ	6
სბგ	6
ელმ	6
ვეხ	6
იოს	6
პრკ	6
ზვვ	6
უსო	6
რსვ	6
ჟქთ	6
შმთ	6
პშზ	6
ტკი	6
ძულ	6
უშვ	6
ჩუვ	6
ნულ	6
სცე	6
უსა	6
ცენ	6
ნტრ	6
ვქლ	6
ეცა	6
დიო	6
კის	6
აქტ	6
ფნჩ	6
ხატ	6
ქავ	6
ეშმ	6
მპქ	6
ნრძ	6
ჟბპ	6
ვგშ	6
ეყფ	6
გრე	6
ისშ	6
ცირ	6
ბეჭ	6
ტყო	6
ორმ	6
ითმ	6
ადო	6
ვათ	6
ვიხ	6
ოცვ	6
ღნი	6
ნნჩ	6
პტა	6
ზნს	6
კსდ	6
სთი	6
ებმ	6
ზმა	6
ნგრ	6
ზიზ	6
იზღ	6
ჰაი	5
წუა	5
ლტყ	5
ივჟ	5
ტძჟ	5
რზთ	5
ყრრ	5
ყგდ	5
პეუ	5
ოძპ	5
ვსზ	5
მძპ	5
პთც	5
თცლ	5
ქოს	5
ნკტ	5
კტს	5
გღვ	5
წპყ	5
ყეუ	5
ეყს	5
მჯე	5
თქდ	5
ქდპ	5
ყვნ	5
ლძი	5
ქაღ	5
მთს	5
ეყე	5
უთს	5
ძაშ	5
სდრ	5
ჩვნ	5
ოულ	5
ოშლ	5
ყეჟ	5
ფვუ	5
ნეტ	5
წმკ	5
ამძ	5
მძვ	5
თუყ	5
რშპ	5
სზკ	5
გვბ	5
იჟმ	5
ნედ	5
ყზუ	5
ზუთ	5
ოპუ	5
პულ	5
ოიკ	5
ლიო	5
ძკთ	5
სორ	5
ბრო	5
შან	5
რლჩ	5
იცდ	5
იგუ	5
ხნი	5
იტუ	5
ქმვ	5
იჯე	5
ასშ	5
ვეღ	5
ეღა	5
ედუ	5
ეძჟ	5
სსმ	5
გჩჟ	5
თკძ	5
ბპდ	5
ყდბ	5
ტრწ	5
უაწ	5
გპნ	5
კქვ	5
ლძნ	5
სბფ	5
მსძ	5
ძფკ	5
უცე	5
ოიტ	5
შჟა	5
შქკ	5
აიწ	5
სცა	5
უთქ	5
აალ	5
პდყ	5
აგშ	5
ზეწ	5
წზთ	5
ჟლჩ	5
ნრჩ	5
პგჩ	5
ნჟდ	5
ჟდვ	5
აეტ	5
ქაჟ	5
ნძძ	5
ესს	5
ძკვ	5
თზლ	5
ოჩწ	5
ლწწ	5
ზფვ	5
ღსღ	5
ომწ	5
მწო	5
ძვი	5
სმლ	5
ჩნს	5
შალ	5
დგუ	5
გურ	5
მეე	5
ღოთ	5
ლილ	5
ფსდ	5
ბმვ	5
ბწღ	5
გჟგ	5
პქრ	5
კლჩ	5
წდთ	5
სჟპ	5
მტთ	5
ვჟე	5
მუა	5
პძნ	5
უსპ	5
თეუ	5
ღთღ	5
სზფ	5
ზფთ	5
ჟძზ	5
ფგპ	5
ძამ	5
ყნლ	5
ზვფ	5
ღთკ	5
პჩვ	5
შბთ	5
ქუჩ	5
ზნჩ	5
ფაძ	5
ეჩბ	5
როი	5
ლახ	5
ბოზ	5
ხერ	5
ერხ	5
რხე	5
ომს	5
კობ	5
ბიდ	5
მემ	5
ისს	5
თმი	5
ღლი	5
გაყ	5
ქთუ	5
რწკ	5
დყკ	5
ძპა	5
კდპ	5
იეჟ	5
თმტ	5
ყგთ	5
გშე	5
ჩვრ	5
შდნ	5
რძლ	5
რნყ	5
აყი	5
დორ	5
ეშვ	5
იატ	5
პრი	5
უწი	5
ბურ	5
ტურ	5
იტი	5
ხეშ	5
რდო	5
ვქო	5
ეტო	5
ფორ	5
სმშ	5
მშგ	5
ლლვ	5
ჟშპ	5
ვუნ	5
ემლ	5
ათდ	5
ავზ	5
ოვმ	5
ბპძ	5
რვვ	5
ყფს	5
მნშ	5
თჟე	5
ჟეთ	5
აჩუ	5
ფთპ	5
ხოთ	5
დმვ	5
ოაბ	5
აგუ	5
ვექ	5
პრშ	5
ბორ	5
სიბ	5
აძა	5
აღი	5
ღია	5
ძირ	5
დღი	5
ციი	5
აცვ	5
ხრე	5
ბდე	5
ოხუ	5
ხუც	5
ვსი	5
ევც	5
აწვ	5
წმე	5
ილდ	5
ლეო	5
სატ	5
აღლ	5
ვთვ	5
იყე	5
ქქქ	5
ვაპ	5
დიხ	5
ღელ	5
თჟბ	5
ნწვ	5
პშმ	5
ფნწ	5
ვეც	5
რშმ	5
წვი	5
აშა	5
აღე	5
აუპ	5
ჟებ	5
მოჯ	5
უნო	5
ზთდ	5
ნრშ	5
ნწძ	5
სხი	5
ოთხ	5
თხი	5
ამზ	5
ილმ	5
გიხ	5
ოდგ	5
ბრი	5
უსი	5
რმე	5
მეზ	5
ვეძ	5
ბივ	5
ციე	5
წყი	5
თნბ	5
დფა	5
რშგ	5
სძჟ	5
რტი	5
იმღ	5
ვმფ	5
ლჩვ	5
მიღ	5
გშკ	5
ჩაგ	5
ფთღ	5
ვაე	5
გკვ	5
ფვღ	5
ეგრ	5
ასც	5
იძე	5
ბდნ	5
ორდ	5
იდგ	5
ოვხ	5
აჭი	5
ნივ	5
ხად	5
ეირ	5
ირნ	5
დმა	5
ძნე	5
აუგ	5
ეგუ	5
ამმ	5
კევ	5
ჟთღ	5
ჩკს	5
ბჩვ	5
ლყე	5
დპნ	5
რეყ	5
ჟდლ	5
ნჟბ	5
შმა	5
ლწუ	5
თგო	5
ეათ	5
შიშ	5
ყობ	5
ისფ	5
სფე	5
ნმრ	5
ბპზ	4
მსს	4
სსნ	4
პოყ	4
ძმი	4
ოგჯ	4
ეშე	4
აკზ	4
კზვ	4
ემრ	4
პძქ	4
ძქა	4
ეია	4
დოჟ	4
ტცლ	4
მშმ	4
ვდრ	4
როუ	4
თყმ	4
ლჩძ	4
ინკ	4
თბძ	4
ბძნ	4
წზრ	4
წლვ	4
კთდ	4
ჰქო	4
ცპა	4
იეც	4
ქყკ	4
ჟყქ	4
ყქნ	4
ძლკ	4
ოყჟ	4
მგზ	4
მდი	4
ქის	4
წიგ	4
ქგთ	4
გზი	4
ზიდ	4
ვთქ	4
გეუ	4
ენჯ	4
იცმ	4
ლუდ	4
წაზ	4
ლეშ	4
უაც	4
შლკ	4
სქმ	4
მიზ	4
ზეზ	4
ცეე	4
დვდ	4
ნღა	4
რუს	4
ვთდ	4
ბჩძ	4
ეწმ	4
წნჩ	4
ბძტ	4
რტა	4
ტრყ	4
დსდ	4
ემყ	4
დყქ	4
ძნკ	4
ცდე	4
რდშ	4
ჩჟთ	4
ყმგ	4
ჟოშ	4
ოშქ	4
ქად	4
პპც	4
ირუ	4
იბჟ	4
უნი	4
ჩაა	4
ნბყ	4
დეც	4
ტრე	4
ეოს	4
სქყ	4
ტძპ	4
ნეძ	4
ფეა	4
თთკ	4
ეძპ	4
ბნშ	4
ეჟგ	4
ეპკ	4
პოჟ	4
ვქყ	4
ირფ	4
ლჩა	4
სუკ	4
ვგფ	4
თპე	4
ჩუმ	4
ხმი	4
შიც	4
ულმ	4
რდნ	4
ეტლ	4
სუს	4
რრყ	4
სჟწ	4
ნრწ	4
წჟლ	4
ნტპ	4
დსზ	4
ყჟფ	4
იქთ	4
ზლვ	4
ეთზ	4
შნს	4
ეცგ	4
ცგთ	4
ყრლ	4
ბსძ	4
ვკკ	4
ლჩბ	4
ჩბშ	4
ქპა	4
შრა	4
სტლ	4
ოახ	4
ეპჟ	4
ტიპ	4
იპი	4
ხევ	4
აახ	4
ოეწ	4
ივუ	4
მცო	4
ოქტ	4
ქიმ	4
დოლ	4
ჰყა	4
ზვზ	4
ტირ	4
გნე	4
ოგმ	4
ღყპ	4
წეჩ	4
ოჩვ	4
ფთე	4
კკა	4
ბვტ	4
სკი	4
იუს	4
ყმფ	4
ოუხ	4
ფულ	4
ეყო	4
ორჩ	4
ვშნ	4
ოზი	4
ქმრ	4
იზრ	4
რტუ	4
უდმ	4
დმი	4
აჯე	4
ულდ	4
შქვ	4
გჩვ	4
წქნ	4
სბკ	4
ბკს	4
სბშ	4
ვსფ	4
რეზ	4
სჟშ	4
აწუ	4
აქფ	4
სთუ	4
პგყ	4
წრშ	4
შქლ	4
თუუ	4
ეძქ	4
ენნ	4
ჩუქ	4
მკი	4
ჟტთ	4
გმთ	4
ბქთ	4
ემწ	4
ყგმ	4
ოცხ	4
ორო	4
ოტე	4
ვცე	4
გყა	4
რიყ	4
ხიდ	4
ბუნ	4
სთქ	4
ქცი	4
ქრდ	4
თრმ	4
სბო	4
ყმზ	4
უპო	4
სიზ	4
ქებ	4
ფკგ	4
სკფ	4
აღწ	4
გქო	4
ლდს	4
პია	4
ეუღ	4
უღლ	4
ღლე	4
ბყდ	4
ეჭვ	4
ჭვი	4
იშე	4
უკი	4
ჟსყ	4
ნსფ	4
ჟქვ	4
ნომ	4
მჩნ	4
ქთჟ	4
ვჟტ	4
ეძკ	4
პძკ	4
ლძქ	4
ყვლ	4
ოდო	4
ოაძ	4
ძვრ	4
ფლი	4
ლშბ	4
უჭე	4
ჭერ	4
აჩვ	4
ექნ	4
ზერ	4
იძუ	4
ლშვ	4
შკა	4
ეხუ	4
ურვ	4
მშქ	4
აბი	4
ქნი	4
ოუს	4
ვთა	4
ონშ	4
შამ	4
რსძ	4
ჩნდ	4
აგქ	4
ოფე	4
ჟდს	4
წიო	4
შეყ	4
შეც	4
პწფ	4
უდე	4
ირმ	4
რიზ	4
მეყ	4
ედო	4
ანც	4
რსდ	4
ჩინ	4
ისნ	4
ჯულ	4
დტთ	4
ქსქ	4
ლძო	4
მსუ	4
ლათ	4
ბზვ	4
ზკს	4
შზკ	4
კივ	4
ქნს	4
შნვ	4
იუშ	4
ქსძ	4
ლივ	4
ბყწ	4
ყეგ	4
თღწ	4
ათფ	4
ჟგლ	4
მპზ	4
ატკ	4
სვყ	4
კლი	4
ეკო	4
აზო	4
ჩაე	4
ტიკ	4
ეიმ	4
ომც	4
აავ	4
რგე	4
გექ	4
თლი	4
იწი	4
ეინ	4
ემც	4
ოიქ	4
ვვა	4
ამც	4
ელზ	4
ხობ	4
ტში	4
ნეუ	4
ვთე	4
ობო	4
ქტე	4
ებრ	4
კრი	4
ილშ	4
რბი	4
აცდ	4
მოც	4
თურ	4
სვა	4
ინგ	4
გუე	4
ნჯა	4
ადუ	4
დულ	4
ონგ	4
ალზ	4
გდპ	4
პუს	4
მწდ	4
აჟქ	4
ჩნჩ	4
ჩვპ	4
პწზ	4
გყჟ	4
ჟბა	4
სნყ	4
ბპბ	4
ქკპ	4
ძნვ	4
ჟსდ	4
სპყ	4
გჟლ	4
სლო	4
ლორ	4
წვღ	4
ყდს	4
სბს	4
ბაო	4
ვქს	4
ქყრ	4
ტრს	4
ლძვ	4
გთთ	4
ცვე	4
ისც	4
მღვ	4
ლნი	4
შთა	4
ზრა	4
ტყტ	4
ლწღ	4
ავფ	4
კთთ	4
ფვფ	4
ამტ	4
გწა	4
დკთ	4
რბე	4
ლდი	4
იმხ	4
იკუ	4
რიტ	4
ზღე	4
კლუ	4
ლეჯ	4
ცდუ	4
დუნ	4
სედ	3
ვძე	3
ლიმ	3
დუა	3
ზდი	3
უბა	3
ადქ	3
სუუ	3
იუხ	3
დეი	3
ჯოი	3
ზრს	3
წლე	3
აქშ	3
ქში	3
თეე	3
როზ	3
ეეთ	3
ვღჩ	3
შნნ	3
ყბრ	3
უვბ	3
ეზგ	3
ზგთ	3
ჩჟჩ	3
ძეწ	3
კგს	3
ელრ	3
უძპ	3
კფყ	3
რლრ	3
თუჟ	3
უჟთ	3
ვყმ	3
პქყ	3
გჩძ	3
ყქთ	3
ძთნ	3
ბიგ	3
აკტ	3
ოგზ	3
ზაუ	3
ლძდ	3
ძდვ	3
ტჟბ	3
ზელ	3
ვშე	3
იშს	3
ჰოდ	3
სუბ	3
უბტ	3
ბტი	3
ტიტ	3
ნდმ	3
აოტ	3
გწზ	3
იტლ	3
რსი	3
ყფე	3
დჟმ	3
ილნ	3
ნწო	3
წოყ	3
მჟე	3
ენძ	3
იცშ	3
ცშე	3
გპლ	3
მთყ	3
ქლძ	3
შჟს	3
კძტ	3
ძტრ	3
ლვძ	3
ჩეთ	3
ვოფ	3
რვყ	3
ქლშ	3
სყნ	3
იკჟ	3
ლჩტ	3
მგთ	3
ოოვ	3
უსდ	3
სიჩ	3
იჩუ	3
ლმო	3
რიშ	3
ეეტ	3
იეღ	3
ეღო	3
ღჩძ	3
ცხი	3
იხვ	3
ტნა	3
პქმ	3
რჩკ	3
რწბ	3
წბპ	3
ყბგ	3
თწწ	3
იფნ	3
დვგ	3
ნჩჟ	3
გსბ	3
უკპ	3
ულთ	3
ყბყ	3
იეპ	3
ჟონ	3
სთდ	3
ნლს	3
ჟნძ	3
ბსთ	3
აბჩ	3
რცე	3
ცერ	3
ოზვ	3
გსო	3
დერ	3
იბო	3
აცმ	3
უცხ	3
ფაფ	3
წრო	3
ომმ	3
იად	3
თრი	3
ცხრ	3
ასხ	3
ლედ	3
ურზ	3
ომბ	3
ნძუ	3
ძურ	3
ზურ	3
ურგ	3
შლი	3
ჟპე	3
დყბ	3
ატუ	3
აუხ	3
ზედ	3
მწვ	3
ტთტ	3
პოგ	3
პქლ	3
ნქყ	3
რპჩ	3
აქძ	3
ქძრ	3
ეთტ	3
თტტ	3
ძლწ	3
თლდ	3
თოდ	3
თმფ	3
ნდჩ	3
რედ	3
უსე	3
ლდო	3
ორფ	3
ფში	3
მაჩ	3
უხდ	3
ზრე	3
ნგკ	3
კოკ	3
ოკშ	3
იჯა	3
ვუხ	3
ყდთ	3
შაბ	3
ომფ	3
მფო	3
ლოო	3
კჟფ	3
ნჩრ	3
ჩვგ	3
ქნწ	3
მძჟ	3
ძჟძ	3
ჟძლ	3
ძლმ	3
პშლ	3
სბნ	3
ჟთზ	3
პშუ	3
ტვმ	3
ძყპ	3
ვპძ	3
ეჟპ	3
ბკთ	3
მპლ	3
შქს	3
ვძრ	3
საჩ	3
უქა	3
ნრბ	3
შკს	3
ვტფ	3
ქსა	3
ქვფ	3
პეძ	3
ნქრ	3
იოპ	3
ყვჟ	3
ეყტ	3
ძია	3
როტ	3
ბიზ	3
ძაგ	3
გლო	3
იგშ	3
ემუ	3
მულ	3
რუე	3
ედს	3
ავყ	3
ჭკვ	3
აძი	3
ეძრ	3
ვიშ	3
შაშ	3
ღის	3
ოსთ	3
ვსუ	3
თსე	3
წნე	3
უხრ	3
ბსწ	3
იჩქ	3
უკუ	3
კუნ	3
მზთ	3
ჟუპ	3
ორგ	3
ნიზ	3
ზაც	3
ჰეტ	3
ღწე	3
გიმ	3
ცალ	3
ვთლ	3
ეყი	3
როე	3
ვჭა	3
რემ	3
ნიო	3
ოხტ	3
ჩიო	3
ჯგუ	3
გუფ	3
ფის	3
ენმ	3
ქთღ	3
იგჟ	3
ჟჟპ	3
სგრ	3
ჟპო	3
აქჩ	3
შიე	3
სბჟ	3
ჟრე	3
პბლ	3
ვოქ	3
ჭრა	3
ოგც	3
გცა	3
ონრ	3
ნრე	3
დოვ	3
პჩრ	3
აძვ	3
ვგქ	3
ჟურ	3
შბა	3
ერშ	3
რმი	3
მილ	3
შპნ	3
უპა	3
ტიჟ	3
ტექ	3
ლოგ	3
ერუ	3
ოწვ	3
ცარ	3
შკნ	3
შნო	3
შდპ	3
იჭვ	3
ჩნწ	3
წძჟ	3
კოქ	3
ნშა	3
გშფ	3
ოყვ	3
ბკვ	3
აჭმ	3
ჭმე	3
ყნგ	3
ყუდ	3
ნძქ	3
ძქნ	3
ბძლ	3
ოწი	3
ნაყ	3
ყტნ	3
ივს	3
ვსა	3
წოდ	3
ვნტ	3
ეცვ	3
ჭიქ	3
ფუჭ	3
სით	3
ადფ	3
იაკ	3
ნყმ	3
უფთ	3
ფთა	3
ეზო	3
ზობ	3
ზებ	3
ლჩგ	3
ერზ	3
წრე	3
ცვი	3
ქკგ	3
რჯუ	3
ნდტ	3
მეწ	3
ყინ	3
ჩვქ	3
იოტ	3
სმკ	3
ნწნ	3
გმყ	3
ოყე	3
ძბნ	3
პნჩ	3
გრს	3
თპფ	3
გპმ	3
იქყ	3
უგა	3
ფვვ	3
ნკგ	3
გიც	3
ვკი	3
ბყვ	3
ჟკნ	3
ვხა	3
თაა	3
ცკჟ	3
ლეგ	3
ლწზ	3
ოუვ	3
ეძე	3
აზგ	3
იუმ	3
ნძე	3
ბდყ	3
ყწგ	3
იჟბ	3
ისვ	3
გუს	3
სილ	3
ქრი	3
შგქ	3
შგფ	3
ჟჟმ	3
ყვკ	3
ლსვ	3
სპშ	3
ზკვ	3
შურ	3
წიჟ	3
ლვთ	3
ნონ	3
პწვ	3
თაო	3
თქგ	3
ძგთ	3
ქსკ	3
ებწ	3
ყოყ	3
თივ	3
ლიშ	3
ტოე	3
ანხ	3
დრა	3
შტე	3
ჯეი	3
მსი	3
ჯდე	3
სპი	3
რიბ	3
ათხ	3
ტატ	3
ზეი	3
ოპო	3
გეტ	3
აუწ	3
ურჩ	3
ტეხ	3
მცე	3
ვშო	3
მიც	3
მიბ	3
დექ	3
ექტ	3
დირ	3
ოცი	3
პონ	3
გიგ	3
ომპ	3
აით	3
რტყ	3
შვა	3
ვცვ	3
ნჯო	3
აჯა	3
ვხს	3
აყო	3
ბლო	3
გიწ	3
ედვ	3
ხუმ	3
ეგმ	3
ივთ	3
ბოთ	3
ეჩვ	3
იხე	3
პერ	3
იენ	3
ეცე	3
წვდ	3
წრფ	3
ზის	3
სიხ	3
აბუ	3
ქმნ	3
ომყ	3
შნე	3
ნორ	3
ეწი	3
კულ	3
ჭედ	3
ერტ	3
აცა	3
მეკ	3
ანჯ	3
ჯარ	3
ნჟუ	3
ლეტ	3
ვვბ	3
დრი	3
მზი	3
ხეს	3
ოიწ	3
იუტ	3
ოია	3
მჟა	3
კკს	3
ბნწ	3
ჟზვ	3
ჩბვ	3
თგჩ	3
ჟმჩ	3
გნჩ	3
ოთძ	3
სლდ	3
წზს	3
ქაკ	3
კდა	3
ჟდყ	3
თუნ	3
ლსპ	3
თმმ	3
ლკვ	3
კყკ	3
მვთ	3
თსფ	3
ივმ	3
იბყ	3
ოპზ	3
ხვრ	3
იით	3
საჯ	3
საზ	3
იდრ	3
ფსა	3
აატ	3
ტილ	3
დნჩ	3
რიკ	3
მტვ	3
თაც	3
ულნ	3
ეფი	3
ეჭდ	3
აუჭ	3
თთმ	3
სდნ	3
სპტ	3
პსს	3
ესფ	3
ნოს	3
თსა	3
მტპ	3
ეაყ	3
თდბ	3
თეჟ	3
ტაგ	3
იჟა	3
პელ	3
გსა	3
ნძჟ	3
აზმ	3
ბკპ	3
გშდ	3
ეშგ	3
ლნშ	3
ჟჩმ	3
მცრ	3
ეცნ	3
მსდ	3
კვბ	3
წდკ	3
პწა	3
უეა	3
მტკ	3
დაჭ	3
სიქ	3
ქურ	3
შეტ	3
მყო	3
დუმ	3
ჩახ	3
ენო	3
დგო	3
აჭა	3
ჭარ	3
უვტ	2
დვუ	2
ჩტა	2
ტსუ	2
რლო	2
უგყ	2
გყკ	2
აძმ	2
ძმო	2
რჩრ	2
ჩმს	2
ესხ	2
ოიშ	2
იშხ	2
შხა	2
უცბ	2
ცბა	2
ბოშ	2
ოშე	2
ნდნ	2
ქრნ	2
ლფს	2
შნწ	2
ფთბ	2
აქყ	2
ვვპ	2
ტვწ	2
აჟტ	2
ვსლ	2
სნტ	2
ვმტ	2
პმჟ	2
ჟეგ	2
რღა	2
დლჟ	2
იკტ	2
ჩფა	2
კნლ	2
ჟპბ	2
დპძ	2
ძნბ	2
ბჟწ	2
ვყჟ	2
შნთ	2
ნზა	2
ფგს	2
გგჟ	2
იოუ	2
ბძჟ	2
ძბს	2
კკნ	2
ცნნ	2
ნმვ	2
ზთძ	2
ძბჩ	2
ჩეჩ	2
ცეგ	2
ერც	2
ძავ	2
მგრ	2
ახრ	2
ხრჩ	2
რჩო	2
ჩობ	2
ოლტ	2
ლტი	2
ოგდ	2
გდი	2
ლოე	2
იაჩ	2
აჩო	2
ჩოშ	2
ბლჩ	2
ჰქვ	2
უსწ	2
უსს	2
აცს	2
პის	2
იჭთ	2
ჭთა	2
ჯგრ	2
გრო	2
ემმ	2
დნო	2
ვცხ	2
იღლ	2
რგზ	2
ზრი	2
აშლ	2
აყა	2
ჯინ	2
კდბ	2
უყკ	2
ტუთ	2
ბთყ	2
ონზ	2
ეუკ	2
წვა	2
აცპ	2
ვუფ	2
ყრჩ	2
შქნ	2
ტლჩ	2
ყმჟ	2
ნეშ	2
იპმ	2
სთგ	2
ტტთ	2
ყმმ	2
ძვნ	2
ნზს	2
წჟმ	2
ეყა	2
ღეი	2
ხმძ	2
იდლ	2
დლე	2
დიუ	2
რფშ	2
კიბ	2
რიქ	2
ქეთ	2
დიმ	2
ნცე	2
გკო	2
პოზ	2
ზიტ	2
ივზ	2
ორნ	2
ივფ	2
ეშა	2
შად	2
ოოდ	2
ზყე	2
ლომ	2
ომდ	2
შიგ	2
გნი	2
ნჩდ	2
ჩდთ	2
აოშ	2
თკკ	2
ყმლ	2
ძპნ	2
პჩძ	2
იჟლ	2
ბსღ	2
ძძძ	2
ეძო	2
რძრ	2
ძრძ	2
პძყ	2
იკწ	2
კწგ	2
აწწ	2
ბნყ	2
გსნ	2
სნწ	2
პგჟ	2
უუს	2
ფსთ	2
ნცდ	2
ტლყ	2
ლყქ	2
ცმბ	2
ილჩ	2
ლოლ	2
დვვ	2
თნო	2
ნძო	2
სგუ	2
ტთო	2
თოო	2
პჟჩ	2
ბსო	2
მჟბ	2
ოდს	2
ვსძ	2
უმჯ	2
მჯო	2
წეზ	2
ღრმ	2
ივც	2
ხლთ	2
თტფ	2
ედგ	2
ცრუ	2
ვყვ	2
ღეზ	2
რპე	2
ჭია	2
უჩა	2
ჩაშ	2
მხდ	2
ევშ	2
უძი	2
უხს	2
ნკქ	2
ითს	2
ნგყ	2
თქი	2
ხდნ	2
ლგბ	2
გბტ	2
ნეე	2
ბრმ	2
ღიქ	2
ლკე	2
პმრ	2
ვძლ	2
ამღ	2
მღა	2
ყილ	2
გპი	2
შელ	2
ლჟს	2
ვოც	2
არქ	2
სსძ	2
სძე	2
ეპმ	2
მიპ	2
ძაღ	2
ემგ	2
ოდდ	2
დდა	2
კოხ	2
უფი	2
ძდა	2
აკშ	2
ჩნი	2
გჟმ	2
ჟჟჟ	2
სნქ	2
აბკ	2
ტსტ	2
სტკ	2
სსქ	2
დპჟ	2
შჟქ	2
პგუ	2
პყტ	2
ვლქ	2
ჩრთ	2
ენრ	2
უაბ	2
კძჟ	2
ცათ	2
მხრ	2
უჩე	2
ვსკ	2
თჟშ	2
ოფლ	2
წთნ	2
ძრე	2
ხორ	2
რცი	2
ეიე	2
ურმ	2
ლშმ	2
ნშპ	2
აოც	2
ბშკ	2
ეფე	2
ძფს	2
მოტ	2
პბპ	2
ვზი	2
მთძ	2
ნჩვ	2
ოქს	2
გოლ	2
აჩნ	2
ლხს	2
ვაი	2
შფა	2
ოინ	2
პშბ	2
კსი	2
აფუ	2
როფ	2
აუდ	2
უდგ	2
აუძ	2
შერ	2
წეო	2
ააბ	2
გხე	2
უაზ	2
ეეც	2
უდრ	2
თაყ	2
ტბა	2
აყრ	2
ყრე	2
ტნვ	2
ზაო	2
უწო	2
ელუ	2
ჩალ	2
რჯე	2
მხე	2
მრუ	2
ეურ	2
ცხყ	2
ხყო	2
აას	2
ხლს	2
ოფნ	2
ფნი	2
ურპ	2
მეფ	2
ღვლ	2
უაა	2
ნგო	2
ეტრ	2
ჩგა	2
რეგ	2
გნო	2
ხტე	2
ოიო	2
ააქ	2
კნი	2
სხლ	2
ლმდ	2
ქაუ	2
ყუი	2
უილ	2
ააჩ	2
ვაც	2
თრუ	2
სდჟ	2
უქე	2
ირზ	2
ვაწ	2
ლოშ	2
ეზრ	2
ინწ	2
თეკ	2
წკნ	2
ლძღ	2
შზა	2
გკპ	2
თუგ	2
ზსმ	2
ჟწღ	2
ღაღ	2
ბჟთ	2
ოსფ	2
პშქ	2
წეძ	2
ხულ	2
პღთ	2
თას	2
ზში	2
ლსძ	2
ცივ	2
აწო	2
წოლ	2
ეცო	2
რეც	2
შღთ	2
ნტო	2
გეკ	2
პსღ	2
შეჩ	2
ეჩე	2
ააფ	2
პზკ	2
იბღ	2
ბღი	2
ღინ	2
ღვა	2
ცრე	2
თაშ	2
თლო	2
ტვა	2
სდი	2
ტეს	2
ლშგ	2
ნჩწ	2
შკლ	2
შჟკ	2
შრკ	2
ნფმ	2
ეზბ	2
ჟცნ	2
შბვ	2
ღწგ	2
წგკ	2
ვბძ	2
ჟტს	2
თაზ	2
ნდკ	2
ვსდ	2
გვო	2
სთტ	2
ძგვ	2
ფგთ	2
ლტკ	2
ტკვ	2
ტსფ	2
ფვწ	2
თბწ	2
ძნჟ	2
ყტგ	2
ტგა	2
მტა	2
ტვყ	2
ვსო	2
ხაზ	2
რჯა	2
სცდ	2
ათს	2
ოშო	2
მეღ	2
ძპკ	2
მლი	2
იბი	2
შტა	2
ოედ	2
რგუ	2
ბიხ	2
ვახ	2
იშო	2
თდტ	2
უწყ	2
აცუ	2
არზ	2
გკი	2
სიო	2
იონ	2
ყოდ	2
აძლ	2
ვთხ	2
აჭე	2
ეჯა	2
ოცე	2
შტო	2
ნიკ	2
კაშ	2
ლიწ	2
ულშ	2
ბიე	2
ქტი	2
რექ	2
ხოც	2
ნიი	2
იიდ	2
უხო	2
დოი	2
იცხ	2
ციკ	2
აგზ	2
ოჩე	2
ღად	2
გდე	2
ყუა	2
ჯოთ	2
მეჩ	2
ელგ	2
გიდ	2
უშე	2
კია	2
ნგე	2
ეის	2
ირშ	2
სხე	2
ნცხ	2
ჭიე	2
ონხ	2
ნხა	2
ამჭ	2
მჭვ	2
აყუ	2
აჟე	2
ყოჩ	2
ოჩა	2
ჩაღ	2
რგო	2
კბი	2
წიე	2
გიბ	2
რჩუ	2
ტეი	2
აცო	2
აოზ	2
დაო	2
აეძ	2
ხიხ	2
აომ	2
ღირ	2
ჩუნ	2
რფე	2
ზეც	2
ხლე	2
უგე	2
რგმ	2
იმზ	2
იკს	2
აუყ	2
ეკუ	2
ქერ	2
ელფ	2
ღეე	2
ტყმ	2
წაგ	2
ეწვ	2
დაყ	2
ოცდ	2
ღით	2
მყვ	2
ავჯ	2
ცამ	2
შეჭ	2
ცეთ	2
თმე	2
უქნ	2
ეჭე	2
პქნ	2
ვმდ	2
ედთ	2
პლბ	2
ეიკ	2
გედ	2
ბუშ	2
უშტ	2
ავო	2
იღვ	2
ულვ	2
ხუთ	2
წია	2
დვბ	2
ქენ	2
იაზ	2
უსთ	2
ჩიე	2
ნგი	2
ვუწ	2
ლეზ	2
ულხ	2
ლხა	2
ჯიუ	2
უტი	2
დიც	2
გეშ	2
ვჟუ	2
ლგნ	2
ძრს	2
მთბ	2
ეოვ	2
ყბფ	2
ბფა	2
ბრვ	2
ძღს	2
ღსძ	2
ბზა	2
სბზ	2
ჟნჩ	2
ჟჩბ	2
პპვ	2
ოთდ	2
ყვმ	2
წღნ	2
ქნძ	2
დეპ	2
კეა	2
ითჟ	2
მჟს	2
რპშ	2
ცგა	2
რვწ	2
ძნდ	2
თრრ	2
თოუ	2
ყფყ	2
თწკ	2
ჟოე	2
ოეთ	2
თსქ	2
ჟუს	2
აღყ	2
წნუ	2
ოწღ	2
სფლ	2
ოწქ	2
თრძ	2
ნჟმ	2
ჟაწ	2
ედყ	2
ქლს	2
სსლ	2
დწს	2
წსპ	2
უთფ	2
ვჟქ	2
გბპ	2
რყე	2
სსო	2
პყპ	2
გლს	2
თმრ	2
პნგ	2
ბეა	2
პსწ	2
ყდფ	2
რსღ	2
ბვვ	2
ლპვ	2
ვფგ	2
ლჟგ	2
ყკჟ	2
კქა	2
ფაუ	2
ძვქ	2
კთტ	2
გკგ	2
დჟბ	2
ლრნ	2
ქქრ	2
მსხ	2
ვფლ	2
დზე	2
ლაჩ	2
რძო	2
ძოლ	2
ჭდე	2
კნე	2
მფა	2
ითვ	2
მწი	2
უნუ	2
ლმს	2
ჯის	2
ლნე	2
უმკ	2
სობ	2
რიხ	2
ტზე	2
რახ	2
არღ	2
რღვ	2
კეს	2
სხა	2
ფებ	2
აგო	2
ვგო	2
თიო	2
ჩას	2
ყნბ	2
სმრ	2
თკე	2
ოწყ	2
აწლ	2
აღს	2
ღსრ	2
ჭვრ	2
ლშო	2
ჭდა	2
ლოზ	2
მხვ	2
ნტშ	2
ყის	2
უჭი	2
რსყ	2
ლრჟ	2
თსპ	2
ბპე	2
აგღ	2
გღთ	2
ტოთ	2
კჟბ	2
ზლა	2
ძპრ	2
ბყჟ	2
ფთს	2
მჟთ	2
ნეკ	2
კწნ	2
თთლ	2
რრპ	2
ყტყ	2
ყკვ	2
ლლყ	2
ოლკ	2
ზთტ	2
აყპ	2
გნნ	2
თგფ	2
ქოპ	2
ტვტ	2
მმთ	2
ვსნ	2
ფვა	2
სქო	2
მძნ	2
ნზმ	2
ასს	2
დძნ	2
ლვს	2
დპფ	2
პეშ	2
შრნ	2
ლკგ	2
ნუწ	2
იბვ	2
ზჟკ	2
თნძ	2
ცცც	2
კჟლ	2
ჟსზ	2
ფსძ	2
ძეს	2
ჩვმ	2
ჩმა	2
ოჟჟ	2
მვო	2
ვზრ	2
ქთო	2
აოო	2
ეჩმ	2
ცრრ	2
ცპვ	2
რცრ	2
ნრფ	2
ციტ	2
ჟწფ	2
თმჩ	2
უუვ	2
გზთ	2
ბგვ	2
ყტლ	2
პლრ	2
ტთვ	2
ბსტ	2
ცტტ	2
ბგწ	2
კძფ	2
დეზ	2
წაკ	2
ოტპ	2
ათო	2
კსს	2
ვცი	2
თპშ	2
აუე	2
ქსტ	2
კრე	2
კიც	2
კორ	2
ჩაქ	2
ქოლ	2
ზემ	2
ნბლ	2
შაუ	2
აულ	2
ცნი	2
ნხმ	2
შოკ	2
ვგზ	2
ქია	2
ემბ	2
იბე	2
სცი	2
შეკ	2
იმდ	2
იღა	2
იდს	2
ჭეშ	2
ღწი	2
ესც	2
სცო	2
ტევ	2
შნუ	2
ელნ	2
ეფა	2
იზო	2
ტრჟ	2
ნდქ	2
დქკ	2
ავც	2
იშთ	2
დოე	2
დონ	2
ოცო	2
რონ	2
მეპ	2
ექც	2
მდგ	2
რეო	2
თთა	2
ვთკ	2
იქა	2
იქო	2
ლუბ	2
ეჯი	2
ხეტ	2
კოც	2
გმე	2
ეცდ	2
ჩნე	2
მოჭ	1
ოჭრ	1
ზეო	1
ვზჩ	1
ზჩვ	1
ტუჩ	1
პოდ	1
იტკ	1
კინ	1
ლლჩ	1
იჟუ	1
ძლა	1
იძრ	1
იეხ	1
ტრუ	1
ხეზ	1
თმშ	1
მძუ	1
ცპს	1
ქნო	1
ნოლ	1
გიე	1
ბსა	1
მმს	1
ოუშ	1
ოჯე	1
ძვმ	1
გლე	1
ლეხ	1
ხუჭ	1
უჭა	1
უტრ	1
უშნ	1
ოუმ	1
უმზ	1
უხხ	1
ხხა	1
ანღ	1
ვმქ	1
მქრ	1
ჟშდ	1
ჭვა	1
ეპშ	1
ოტყ	1
ოსც	1
რშვ	1
ჩტთ	1
შბნ	1
ჩჟკ	1
ოუყ	1
უყე	1
ეშპ	1
შპკ	1
კოვ	1
ოვზ	1
აშს	1
მშლ	1
სნჩ	1
ლიტ	1
ლდღ	1
ბზთ	1
ვტი	1
მჩთ	1
ტრშ	1
ხსა	1
ქსე	1
როქ	1
ოდრ	1
თეშ	1
ფეი	1
ეივ	1
შფთ	1
უსხ	1
უძა	1
ერჩ	1
ეოდ	1
ნსბ	1
აგხ	1
გჟი	1
ჟიმ	1
ოზო	1
ლნდ	1
იჟი	1
კძრ	1
იჟდ	1
ჟდე	1
სეც	1
ეწზ	1
გიზ	1
ლეც	1
სეკ	1
ნკი	1
ჟეს	1
ტსვ	1
სვდ	1
ჟიდ	1
ვწი	1
უეთ	1
ააჰ	1
ურჯ	1
ჯებ	1
ვსთ	1
დოს	1
ოუწ	1
უწე	1
რუდ	1
ეტს	1
ნჟი	1
ძპგ	1
სიუ	1
ეფუ	1
ტაზ	1
ჩეს	1
რლმ	1
ლხშ	1
ქიკ	1
დნყ	1
ეატ	1
ზიი	1
მყი	1
ბთს	1
დოფ	1
სოი	1
ზსა	1
ხლმ	1
ვსწ	1
ფპგ	1
ნცვ	1
იფრ	1
რპნ	1
ეშუ	1
შუმ	1
უმი	1
ტთმ	1
აჩი	1
უდს	1
სლი	1
ავჩ	1
ვჩე	1
დჟგ	1
ვყი	1
იდდ	1
დდი	1
კოი	1
ორბ	1
ბეზ	1
რჟე	1
ფკპ	1
მლპ	1
ლპე	1
თატ	1
ყეო	1
ეოყ	1
ჟჩკ	1
ჟძპ	1
ძპო	1
ძღწ	1
ნსო	1
წჟს	1
რმწ	1
დლშ	1
ოქა	1
მნდ	1
ტვს	1
ზმვ	1
ზათ	1
ოივ	1
სოშ	1
ფჩჟ	1
ცლვ	1
იაქ	1
ოდუ	1
პმლ	1
წმშ	1
თხუ	1
შრპ	1
აუუ	1
უუთ	1
ვზშ	1
აიჭ	1
ჰგა	1
წოშ	1
ოლშ	1
პშღ	1
შქუ	1
ქუშ	1
ვოო	1
ბნს	1
ინუ	1
დლჩ	1
ფქს	1
შრჟ	1
ნუშ	1
ჟჟშ	1
ოჩნ	1
ოემ	1
ქსჟ	1
უნს	1
რფი	1
ფიუ	1
იაღ	1
მფს	1
ეუე	1
უერ	1
იღწ	1
წეუ	1
წფს	1
გვტ	1
ფჩთ	1
ქფთ	1
სზლ	1
ეშჟ	1
სღს	1
ნჟჟ	1
ქლჩ	1
ეხნ	1
გშთ	1
შთდ	1
უცა	1
ცაბ	1
ჩრს	1
ჩუშ	1
ოკრ	1
წგს	1
პნლ	1
ნინ	1
ლჩღ	1
ჩღთ	1
შკვ	1
ძღა	1
ცჟკ	1
კჟნ	1
რტთ	1
დსთ	1
ნვყ	1
თლპ	1
ჟჟფ	1
ზგს	1
ყტფ	1
ნსთ	1
ტსს	1
ნბთ	1
ნოყ	1
ოყტ	1
ყტჟ	1
ჟწლ	1
აქდ	1
ქდა	1
წწრ	1
ლრგ	1
ფაბ	1
ქპჩ	1
დძგ	1
პძტ	1
ოლნ	1
წლუ	1
ლტფ	1
თთზ	1
ესყ	1
კჟუ	1
ქძთ	1
ფძნ	1
პტლ	1
ნფკ	1
ჟეპ	1
თკბ	1
ჟყყ	1
ყყყ	1
ყყმ	1
რლძ	1
ძჟო	1
ლტჟ	1
კოთ	1
იჯდ	1
ჯდა	1
ორხ	1
ზოვ	1
ნხი	1
ვბე	1
სიძ	1
კოე	1
იჭო	1
ოგთ	1
სძი	1
გერ	1
ეღუ	1
ღუტ	1
უტუ	1
ტუნ	1
ჭვე	1
აჯდ	1
დეო	1
პინ	1
ნძლ	1
ძლდ	1
ტუდ	1
ეეე	1
აფქ	1
ილუ	1
ჟოზ	1
ეგხ	1
გხვ	1
იუბ	1
უბი	1
ომთ	1
აზღ	1
ზღა	1
ღაუ	1
ოუტ	1
უტყ	1
სწი	1
ხშმ	1
შმე	1
რლე	1
ეიჭ	1
იჭრ	1
ევყ	1
ვყო	1
მწა	1
ჭორ	1
აღბ	1
ღბე	1
ჭვდ	1
წებ	1
იჭს	1
რჯი	1
ჯიშ	1
უაშ	1
წნი	1
ცურ	1
ოურ	1
იწო	1
ფეს	1
ჰმმ	1
სკქ	1
ჭეს	1
ვეჯ	1
შვმ	1
ავვ	1
ალპ	1
ჟერ	1
ადშ	1
იზნ	1
ზნე	1
მურ	1
ურუ	1
უსშ	1
ღიმ	1
იექ	1
ჰოს	1
პიტ	1
ნჩი	1
გიუ	1
წაყ	1
რდგ	1
ნიხ	1
იხი	1
მრჩ	1
რჩა	1
ფხვ	1
ხვნ	1
მდო	1
ატს	1
კლო	1
ტყი	1
ჰარ	1
ჰკი	1
გიპ	1
ჟიშ	1
სტრ	1
იწრ	1
ტკე	1
რტშ	1
ეჩქ	1
ოით	1
გიშ	1
ომრ	1
მაჯ	1
ჯად	1
ეხა	1
აიჩ	1
იჩი	1
ოხს	1
უკმ	1
ესჭ	1
სჭრ	1
ოქც	1
ომხ	1
გტხ	1
ტხო	1
ვსხ	1
ნიჭ	1
ექე	1
თფე	1
უჩი	1
ჩის	1
ჟექ	1
ტკბ	1
წექ	1
ოიხ	1
სიპ	1
იპე	1
პედ	1
ქცა	1
ჩით	1
ჩურ	1
ჩულ	1
ეიუ	1
უსზ	1
გდო	1
უთშ	1
უაღ	1
ციც	1
პნი	1
ჯეთ	1
დემ	1
იძღ	1
ხივ	1
ვკტ	1
კტვ	1
უყი	1
გეც	1
ეიყ	1
კყს	1
ყსვ	1
ტოდ	1
ოდმ	1
სსა	1
ვქტ	1
ქტა	1
ვღი	1
იუძ	1
უძღ	1
ტოზ	1
ვდო	1
ფელ	1
ციდ	1
ემძ	1
ციუ	1
იხმ	1
ჩაკ	1
ლიკ	1
ტიდ	1
ეღთ	1
ხოე	1
ტენ	1
გაშ	1
ეერ	1
ყეფ	1
ლირ	1
რეე	1
იედ	1
ტეტ	1
სხდ	1
ხდო	1
ყმუ	1
ბუა	1
ზომ	1
შნი	1
უყო	1
ქტუ	1
ემქ	1
მქმ	1
უად	1
ბიუ	1
ვჯა	1
ღეშ	1
ოქმ	1
მუს	1
მფრ	1
რკშ	1
ულზ	1
გვყ	1
ვყა	1
ჩვა	1
ლმძ	1
მძღ	1
ონფ	1
ნფი	1
ფირ	1
ებნ	1
კერ	1
ეჭრ	1
ჭრი	1
ულუ	1
ჰალ	1
ტუხ	1
ხშა	1
შუქ	1
ჯვნ	1
ეუხ	1
ეაჩ	1
ეუყ	1
გეჩ	1
ნგლ	1
გლი	1
ოშვ	1
ნიდ	1
თნი	1
მიჩ	1
იჩნ	1
გიტ	1
ტყდ	1
აჰა	1
დიკ	1
ცაშ	1
ჟთყ	1
ოკგ	1
გქრ	1
პდჟ	1
ტსთ	1
ენქ	1
ეჟო	1
ყპძ	1
თვტ	1
ოუნ	1
შტი	1
ტოშ	1
იირ	1
ენლ	1
ნლე	1
ათზ	1
ოსს	1
ლეე	1
ოგნ	1
ნოზ	1
ოზშ	1
ოაც	1
თედ	1
მაბ	1
იმმ	1
უცმ	1
ცმა	1
აღფ	1
ღფრ	1
ჰყო	1
ლიუ	1
რდუ	1
უჟნ	1
აგჭ	1
ჰონ	1
ზბი	1
ღორ	1
სუქ	1
შვს	1
შვთ	1
ნკე	1
დრუ	1
სსპ	1
ვვტ	1
დბვ	1
თაქ	1
წეშ	1
სპზ	1
ძქყ	1
ვვკ	1
ლდმ	1
სრტ	1
ოფგ	1
მპფ	1
ბრწ	1
გსყ	1
წდს	1
როყ	1
თტს	1
უსლ	1
ჟნკ	1
კკგ	1
ეჟს	1
პმბ	1
სფპ	1
წუჩ	1
თპჩ	1
სმუ	1
თპღ	1
მწქ	1
წდფ	1
ჟჩძ	1
ჟჟწ	1
რეჩ	1
რუჩ	1
ბაძ	1
ბთძ	1
ძნჩ	1
ჟპჩ	1
ლნჩ	1
ძჟწ	1
ინჩ	1
რაყ	1
აყფ	1
თუჩ	1
ლმნ	1
ვმმ	1
ნნძ	1
ჩბს	1
თძღ	1
დსძ	1
ნყვ	1
სგქ	1
ეპჩ	1
დთძ	1
ღნჩ	1
ვძღ	1
წჟჩ	1
აძფ	1
თწზ	1
ძპჩ	1
პჩმ	1
პმჩ	1
ყწჟ	1
ენჩ	1
წზკ	1
წფა	1
წმპ	1
ჩჟვ	1
რკჟ	1
ჟმჟ	1
ზსზ	1
ყტვ	1
კპძ	1
პძჟ	1
სფყ	1
დძლ	1
ნმყ	1
ჟსი	1
ყბწ	1
ტნთ	1
ტბლ	1
სპპ	1
ლყო	1
ვყფ	1
ჟკქ	1
ისლ	1
ათკ	1
თდდ	1
დდვ	1
უკს	1
უვზ	1
მწღ	1
თფბ	1
ფბა	1
პდპ	1
სუგ	1
სტწ	1
ტწლ	1
ნყდ	1
ოვტ	1
ყქყ	1
ყჟწ	1
ჟსფ	1
თვღ	1
უვკ	1
ღპწ	1
ვღრ	1
ლძმ	1
ძმნ	1
მთზ	1
ასქ	1
ჟქრ	1
ყქვ	1
ძლჟ	1
ზსო	1
უგთ	1
ოტტ	1
ტტრ	1
ძუძ	1
უძნ	1
ლჟო	1
ფგნ	1
მოზ	1
დპპ	1
ტტტ	1
ილპ	1
იგლ	1
ლფგ	1
ღვო	1
აძწ	1
ძწრ	1
აკძ	1
ძვპ	1
თეძ	1
აძთ	1
თწქ	1
პბჩ	1
იკგ	1
პკფ	1
ყბკ	1
გსღ	1
რლპ	1
თწპ	1
სფწ	1
ფწგ	1
ყქა	1
გძპ	1
ჟუგ	1
ნტყ	1
ოპნ	1
ლოწ	1
საჟ	1
მპგ	1
წნწ	1
ტჟყ	1
დთყ	1
ძუვ	1
ყქგ	1
სჟბ	1
ჟნპ	1
რთყ	1
სრწ	1
თქფ	1
კპფ	1
პფმ	1
აწპ	1
ოძკ	1
ბმწ	1
ტსქ	1
გგა	1
ნფზ	1
ფზს	1
ბუთ	1
რშე	1
სდო	1
რდზ	1
აშტ	1
აჩრ	1
ჩრუ	1
ოშა	1
იშლ	1
შლე	1
უჭდ	1
რიუ	1
უმფ	1
ცბი	1
უმწ	1
უგუ	1
გუნ	1
აჯუ	1
ნსჯ	1
სჯი	1
ოიდ	1
ეუფ	1
ფლნ	1
ლბე	1
ფოს	1
ჟინ	1
ჯუზ	1
უზე	1
ზეპ	1
ეპე	1
ტახ	1
ხტზ	1
მზრ	1
მიჰ	1
იჰყ	1
ბრბ	1
რბო	1
ტლი	1
ცოფ	1
ყრი	1
იდუ	1
ტლზ	1
ბყგ	1
რრდ	1
კყი	1
წკე	1
ირბ	1
ლძტ	1
ღსზ	1
თლზ	1
თთე	1
გპზ	1
ნკბ	1
წლკ	1
ფნყ	1
კმყ	1
ნეჩ	1
ღთპ	1
ღწღ	1
ყრყ	1
ყდი	1
წყლ	1
ყლი	1
ომკ	1
ტლო	1
ყრუ	1
ძერ	1
გოც	1
სიწ	1
იწმ	1
წალ	1
ლეკ	1
რბუ	1
ბუქ	1
უქი	1
ღრუ	1
რუბ	1
დაჰ	1
აჰქ	1
ჰქრ	1
მოფ	1
ფიტ	1
ოფო	1
ბოქ	1
ღაშ	1
აშფ	1
შფო	1
ფოთ	1
ხეც	1
იუწ	1
უწვ	1
ბაც	1
ხრი	1
ოაშ	1
ემპ	1
პიო	1
ღაა	1
მბჟ	1
ბჟუ	1
ჟუტ	1
უტა	1
ვმხ	1
ეჭა	1
შივ	1
აიჯ	1
დგნ	1
ეცბ	1
ცბუ	1
ჩილ	1
ოეგ	1
ოპძ	1
პძვ	1
სგფ	1
ნდწ	1
დწჟ	1
ფუი	1
ფინ	1
ეექ	1
ხათ	1
ჭურ	1
ურჭ	1
რჭე	1
ჭელ	1
ნემ	1
ძაფ	1
ტოფ	1
იბნ	1
გძგ	1
დგვ	1
ნსდ	1
თლქ	1
დჟვ	1
პფყ	1
ყმყ	1
ოპრ	1
მპპ	1
პპრ	1
ლრკ	1
ლრრ	1
ჟძბ	1
ნძა	1
ყლს	1
ყდჟ	1
დჟთ	1
მგტ	1
ქაბ	1
უეზ	1
დდლ	1
ყკწ	1
ფსბ	1
ვმპ	1
აქპ	1
ქპრ	1
ემნ	1
წმწ	1
ღვკ	1
პგკ	1
ღათ	1
ქრყ	1
თჟდ	1
ქათ	1
ბვწ	1
პრქ	1
რქთ	1
პძწ	1
წწწ	1
ჟგკ	1
გფლ	1
აყლ	1
სმდ	1
ქმყ	1
პბჟ	1
ქოვ	1
მფგ	1
ნმბ	1
ჟპფ	1
წქა	1
დპქ	1
ნდფ	1
თფმ	1
ფმს	1
სლგ	1
ლჭჯ	1
ჩუა	1
ლტს	1
წლბ	1
პმნ	1
ბმგ	1
ტვქ	1
ვდტ	1
დტპ	1
დპკ	1
ონწ	1
ძნრ	1
ოაღ	1
სუწ	1
ყქმ	1
რუპ	1
პფლ	1
ცმვ	1
ღსნ	1
კქნ	1
ფაო	1
ჟშრ	1
ზზთ	1
შპშ	1
ლნუ	1
წბზ	1
გრჟ	1
კძლ	1
ძლფ	1
ვთყ	1
ჟნტ	1
ნშნ	1
ეზჟ	1
ძქკ	1
ოჟშ	1
შდლ	1
რჩტ	1
ჩტს	1
ცცბ	1
თბქ	1
შრვ	1
ფრს	1
ჟჟს	1
კცმ	1
ნნნ	1
ძბა	1
დკა	1
გწფ	1
ზაწ	1
მლძ	1
ჟცკ	1
რმღ	1
ჟჟგ	1
ღნშ	1
რბშ	1
პჩწ	1
აზზ	1
ზზვ	1
ჟრბ	1
რბყ	1
მრწ	1
რძყ	1
თწგ	1
მპდ	1
სდე	1
პკქ	1
კქკ	1
ადჟ	1
ვდწ	1
დწლ	1
რვჩ	1
ვჩნ	1
ეწქ	1
ჟგრ	1
ნძმ	1
ოყბ	1
ზლწ	1
ლჟბ	1
ქნჟ	1
ბვო	1
მვს	1
თთგ	1
ოტს	1
ღვგ	1
სბმ	1
რქს	1
დპგ	1
ძმფ	1
დვთ	1
ჟთს	1
თსკ	1
ტსდ	1
ქგგ	1
ფფვ	1
აფპ	1
ძრკ	1
აფჩ	1
ფჩწ	1
ქსფ	1
ჟდნ	1
ძეჩ	1
თზჟ	1
შგთ	1
ლლშ	1
შგვ	1
ცკპ	1
ძგლ	1
ცოთ	1
რრჩ	1
ჩეჟ	1
პლმ	1
სცპ	1
ცნთ	1
ჟრც	1
ცრც	1
რცმ	1
სნშ	1
შნკ	1
ბყძ	1
ყძრ	1
მცპ	1
სგწ	1
რპუ	1
ნშგ	1
სპჩ	1
შგკ	1
თწი	1
პნბ	1
ინღ	1
გპშ	1
მმვ	1
ჟგშ	1
ფრშ	1
რშჟ	1
შჟწ	1
გყვ	1
ძგწ	1
ფმვ	1
დსკ	1
ცრჩ	1
პჟე	1
ცქგ	1
ჩგვ	1
ცოო	1
ოოჟ	1
ოცკ	1
ცკრ	1
ლკც	1
პნე	1
ჟცმ	1
ცმძ	1
მძც	1
ძცლ	1
პდმ	1
ეზტ	1
ზტთ	1
ბრპ	1
ტრბ	1
სყლ	1
ოყქ	1
ჩბა	1
მქს	1
ღვზ	1
ყეზ	1
ღვტ	1
ინქ	1
იტს	1
რურ	1
ჩქს	1
აოუ	1
ეშდ	1
შდო	1
დოწ	1
ოწე	1
ოუპ	1
სღწ	1
ტყქ	1
ბპუ	1
პუნ	1
დკს	1
სტპ	1
ტლპ	1
თთვ	1
რჟო	1
ქთა	1
რბს	1
დბპ	1
დჟა	1
დტს	1
ოლჩ	1
პეჩ	1
მდლ	1
ძბკ	1
თბშ	1
თმპ	1
ოსზ	1
რვს	1
უვს	1
სწლ	1
ყერ	1
რყჟ	1
სლბ	1
თთფ	1
ლნყ	1
პწწ	1
წწბ	1
ეწწ	1
ჟკძ	1
ნგმ	1
აზწ	1
ეგწ	1
ჟსძ	1
შქგ	1
ქგშ	1
ტპწ	1
წან	1
ფწა	1
წაჟ	1
წბლ	1
ზპთ	1
ნცგ	1
ცგლ	1
კძო	1
ძოა	1
ყკდ	1
კდგ	1
აჟბ	1
ნძკ	1
ბშმ	1
უვუ	1
დპტ	1
დლძ	1
ვტტ	1
ტტა	1
დპზ	1
ლჩდ	1
ჩდა	1
პფკ	1
წნშ	1
წრგ	1
ნჩძ	1
ეთძ	1
პვც	1
გშწ	1
შწჟ	1
თპზ	1
შდა	1
ძრშ	1
ლლს	1
თქქ	1
პმშ	1
ვღმ	1
ღმვ	1
ვწმ	1
წზა	1
შჟმ	1
ძმშ	1
ზპა	1
თბდ	1
ნჟშ	1
სცლ	1
რჟჟ	1
ბშღ	1
ჩკჟ	1
კჟე	1
მჩე	1
ურწ	1
ნოე	1
სტშ	1
მკრ	1
რეხ	1
მლშ	1
იმტ	1
აჯო	1
ჯოო	1
უგო	1
ონკ	1
ნკო	1
ლმწ	1
იფო	1
ქიდ	1
ძკწ	1
წნყ	1
ღას	1
ომზ	1
ჩიხ	1
იხშ	1
მტყ	1
ყუნ	1
ზთბ	1
ზმშ	1
ლზმ	1
ვჯე	1
ზმრ	1
ხმდ	1
ოკუ	1
ჯილ	1
ბემ	1
მბი	1
ეხს	1
სიგ	1
ჩია	1
კოჟ	1
ღაფ	1
რბძ	1
ტიო	1
ღლა	1
გმნ	1
აღტ	1
ღტა	1
ლმი	1
ღეთ	1
მჩი	1
ჩირ	1
მჩა	1
უფშ	1
ეკრ	1
ასჯ	1
სჯე	1
ჯელ	1
ოილ	1
ვიჩ	1
იჩე	1
ჭკუ	1
კუა	1
ქას	1
იდზ	1
ხეე	1
ესშ	1
ქმს	1
რაჩ	1
ჩაუ	1
ტოპ	1
ვხმ	1
ოდთ	1
დეე	1
შეშ	1
ლუგ	1
ეღწ	1
კპკ	1
კპო	1
აუზ	1
უზა	1
ოიღ	1
ღოს	1
ერქ	1
აქწ	1
ქწთ	1
წთრ	1
ექუ	1
ქუა	1
ჟკჟ	1
გუო	1
უტე	1
უსუ	1
ოლუ	1
ლუს	1
უსკ	1
უჯე	1
რუშ	1
უმხ	1
გეფ	1
ექო	1
ძთრ	1
პდძ	1
დძჟ	1
ძჟყ	1
პიკ	1
იკნ	1
თუე	1
ლგზ	1
გზრ	1
ტსა	1
ხას	1
ვუმ	1
ჰორ	1
ზონ	1
ნტზ	1
დღა	1
ქუხ	1
ჭექ	1
ექა	1
ჟწი	1
ჟეზ	1
ქყტ	1
ნკჩ	1
მყწ	1
ყწნ	1
დმყ	1
ოფზ	1
ფზე	1
ტიზ	1
იდნ	1
ინფ	1
ნფო	1
ვცნ	1
ჩად	1
ითშ	1
თშე	1
შეფ	1
იუღ	1
უღე	1
ოერ	1
ლგჟ	1
იაჯ	1
აჯი	1
ჯირ	1
ეცრ	1
ღლუ	1
ლუმ	1
უმს	1
ეხქ	1
ხქვ	1
ლოი	1
ნმი	1
თსგ	1
ხაც	1
მცდ	1
ივწ	1
იკრ	1
ბონ	1
ცონ	1
ცედ	1
აიშ	1
ვმღ	1
ჰიმ	1
იმნ	1
მნე	1
ზორ	1
ორშ	1
უმო	1
სხო	1
ლერ	1
ეძღ	1
სდგ	1
დეკ	1
კემ	1
ჩატ	1
წაა	1
ასჰ	1
სჰი	1
ჯეკ	1
ნფრ	1
ნცი	1
კოშ	1
ტეთ	1
უცო	1
ნრო	1
ცთმ	1
ოძუ	1
ეპო	1
ყღწ	1
პეც	1
ციო	1
გფს	1
მსო	1
იშუ	1
ცულ	1
გაჭ	1
ზღი	1
იმქ	1
მქვ	1
ოექ	1
მგვ	1
ვთუ	1
ეეჯ	1
დპმ	1
ტლს	1
ეგზ	1
ზღდ	1
ღდე	1
ათთ	1
იხუ	1
ახთ	1
ხთა	1
ჟთძ	1
რნო	1
ათშ	1
აზჩ	1
თთუ	1
შრშ	1
ჟშლ	1
მყტ	1
ვღე	1
ვუგ	1
უფე	1
ფევ	1
ოგკ	1
ქიო	1
იოშ	1
მტო	1
გცე	1
კილ	1
ფლდ	1
ჟპნ	1
ითე	1
ცრო	1
ღიუ	1
პომ	1
მმშ	1
მწკ	1
წკრ	1
ივო	1
ზრზ	1
მტე	1
ერნ	1
რწყ	1
წყმ	1
ყმდ	1
სრე	1
ღმო	1
რცა	1
ოყუ	1
ღეა	1
რგნ	1
იუდ	1
პგგ	1
აზუ	1
ოწა	1
მლუ	1
ქაშ	1
ოათ	1
ჰიჩ	1
იჩკ	1
ჩკო	1
ოკმ	1
ჯონ	1
რძი	1
კლდ	1
ოატ	1
იძვ	1
ხიფ	1
ჩაც	1
დტვ	1
ქზჟ	1
ზჟნ	1
ჟნი	1
რკე	1
კეშ	1
შდს	1
ჩაწ	1
ქთდ	1
ჩარ	1
რლი	1
იხრ	1
ხრუ	1
რუკ	1
უკო	1
უბშ	1
როკ	1
ჟპრ	1
ვურ	1
ოვც	1
ულფ	1
ვაღ	1
მშუ	1
ქცნ	1
როო	1
ოოგ	1
ცაა	1
ჩაბ	1
რდღ	1
ელკ	1
ლკბ	1
შარ	1
აშუ	1
შუტ	1
დეფ	1
ფიც	1
იმუ	1
დლი	1
გიღ	1
იდმ	1
აიზ	1
ახზ	1
ხზე	1
ჯაჭ	1
აჭვ	1
ჭვუ	1
ვულ	1
ვსვ	1
ეეგ	1
ჟნყ	1
სსდ	1
შიდ	1
დსი	1
ზლყ	1
მიჭ	1
ხშლ	1
ეჯზ	1
ჯზე	1
იდთ	1
მკო	1
ოიპ	1
ესტ	1
მექ	1
გნუ	1
ბპც	1
ლთძ	1
ვუშ	1
იოლ	1
უთბ	1
ჟქს	1
აფფ	1
ფფთ	1
ჩეა	1
იმშ	1
ცნუ	1
აშქ	1
შქრ	1
კცპ	1
ცპთ	1
სცნ	1
ვხდ	1
სეუ	1
ეჯშ	1
ჯში	1
ნმკ	1
მკუ	1
უწმ	1
აიხ	1
იხს	1
ლრშ	1
ღონ	1
ჟცთ	1
ეაც	1
ფიზ	1
ზიკ	1
ეუზ	1
უზრ	1
გუშ	1
გკუ	1
ციპ	1
იპლ	1
პლი	1
შგნ	1
ირგ	1
გიჭ	1
ხონ	1
ირც	1
მუქ	1
უქრ	1
ნაჩ	1
ცდო	1
აეხ	1
ვაძ	1
თაღ	1
სიშ	1
გეზ	1
ნოი	1
