tai	208287
man	145274
iau	124137
aip	115038
kai	106152
pas	104913
gal	103561
kas	100746
čia	99337
tik	93914
kad	93410
vis	81966
ali	80205
ina	72698
pra	71168
usi	71152
eik	70401
iki	69765
dar	69461
rai	69066
uri	68863
ger	67402
asi	66681
tur	64936
aus	63055
jau	62701
žin	62517
nor	59282
avo	59161
kit	59088
iek	56220
tav	55792
jis	55231
era	54819
kia	54542
pri	54505
rei	53924
ien	53844
sak	52422
aik	52052
ini	52049
iai	51366
aba	51317
lai	51186
tas	50186
kur	49173
tin	48574
nes	48057
ink	47834
vie	47712
siu	46778
isk	46345
eis	45890
vai	45492
ano	45129
sta	44512
ada	44447
lau	43590
ori	43513
auk	43059
aug	42735
pat	41847
nau	41463
nai	41426
kar	41173
isi	40893
ies	40855
mes	40317
ant	40292
ska	39983
tau	39382
oki	39257
riu	38887
ika	38813
ats	38499
eri	38418
mas	38325
ras	38260
uos	37930
ais	37798
ino	37553
bet	37441
sim	37345
tie	37282
kal	37045
ime	36539
nas	36063
buv	35492
esi	35295
nie	34083
dėl	33950
ana	33929
išk	33697
bai	33681
jūs	33551
sti	33404
ite	33374
int	33070
ing	32909
ris	32312
ima	31962
liu	31909
rau	31874
and	31673
sav	31662
per	31301
asa	31186
ist	31122
sus	30933
ėja	30923
rie	30869
eli	30747
ran	30727
lia	30634
ama	30571
nuo	30450
die	30397
kin	30268
pad	30182
dži	30008
lei	29917
oja	29804
ėti	29667
ena	29648
nti	29642
lab	29565
din	29318
art	29204
uvo	28909
raš	28853
var	28834
ati	28697
jie	28696
ane	28555
būt	28424
kla	28378
ikr	28097
ria	28090
sit	27719
oti	27685
jei	27299
ala	27179
min	26620
kra	26329
bar	25984
dau	25881
nep	25507
ūsų	25500
neg	25365
api	25311
ėjo	25271
net	25068
tei	24968
vei	24920
tis	24901
aži	24680
iti	24627
eni	24434
kam	24258
ius	24071
ent	24058
nia	24022
pal	23996
mat	23989
ara	23803
eka	23597
alb	23586
sis	23549
tok	23542
ave	23525
sia	23497
pie	23496
tsi	23424
žmo	23368
jos	23221
ten	23177
iuo	23154
ega	22934
lin	22581
ači	22508
šau	22485
uti	22364
iko	22188
arb	22067
nus	21924
sto	21855
aka	21580
gai	21562
odė	21466
ija	21460
osi	21455
tum	21359
oli	21272
rod	21238
uot	21153
ate	20625
epa	20555
mon	20477
par	20400
imi	20378
nka	20344
ita	20304
jai	20189
kel	20156
rim	20123
kti	20122
rin	20067
ame	20066
tra	20019
dab	19997
met	19992
žia	19872
nga	19717
kok	19683
sir	19617
isa	19605
lis	19422
val	19382
pak	19361
ona	19347
tuo	19309
sup	19222
juo	19086
nam	19015
neb	18963
sau	18872
alė	18785
ums	18661
duo	18594
eno	18546
paž	18540
ani	18513
ven	18469
gia	18399
inė	18346
lik	18301
aig	18213
ast	18204
eit	18179
mai	18153
tar	18129
ijo	18117
esu	18035
uoj	17973
ata	17931
aud	17817
pro	17787
aša	17656
ieš	17654
nim	17498
ava	17478
ikt	17450
oje	17411
ank	17407
ari	17342
kim	17261
men	17243
kie	17192
ome	17103
gin	17029
adė	16975
šta	16954
toj	16871
eko	16863
urė	16815
aut	16736
imo	16734
ili	16664
iet	16591
rti	16570
ami	16536
etu	16504
kod	16503
jam	16474
pam	16470
ėsi	16456
upr	16438
mir	16425
nin	16349
nki	16317
inu	16282
oma	16238
uki	16121
oks	16044
rad	16013
pir	15927
auj	15897
žiu	15862
kei	15839
alv	15808
rėj	15781
mok	15760
ias	15727
ski	15693
uok	15667
pon	15619
bus	15618
ios	15594
dra	15520
nis	15485
ver	15483
ask	15439
dai	15412
sio	15376
mer	15280
čiu	15251
ter	15222
das	15185
gau	15093
iūr	15088
oni	15072
žiū	15058
est	15030
one	15020
lio	14938
las	14826
ner	14787
ikė	14782
pav	14760
avi	14705
ste	14630
kau	14552
ote	14516
esa	14453
tro	14249
adi	14212
bin	14185
eži	14181
lan	14024
sve	14009
mie	13951
ren	13920
ard	13796
sik	13752
sip	13749
aro	13721
jus	13685
mūs	13648
mus	13606
aki	13599
aga	13561
nei	13520
ele	13518
iam	13501
vel	13456
ūrė	13449
ors	13446
kis	13439
enk	13417
akt	13127
ška	13080
nta	13069
lim	13063
pag	13031
gas	12986
tos	12966
šia	12959
eta	12867
nės	12856
než	12849
orė	12838
pin	12810
iči	12776
tel	12762
ški	12752
cij	12660
nel	12562
lbė	12525
ale	12492
ere	12488
lie	12478
aiš	12447
imt	12424
nos	12419
ein	12394
irt	12389
oji	12297
tam	12208
mis	12161
atr	12159
aim	12151
ūti	12133
ugi	12119
niu	12096
nių	12094
lvo	12058
amb	12028
nom	11998
iks	11882
atv	11856
čiū	11786
gra	11772
eti	11750
eid	11747
kri	11735
bas	11713
ait	11706
aid	11694
iev	11677
kol	11649
sai	11634
gre	11632
rėt	11603
rgi	11577
rat	11565
atl	11561
dėj	11549
tor	11545
nen	11540
vas	11523
ruo	11493
ust	11491
sie	11488
ake	11431
imą	11428
ang	11428
kiu	11299
ida	11258
iku	11238
eln	11211
jum	11209
ers	11169
tad	11141
agi	11114
ito	11110
tus	11056
išs	10995
ndi	10990
mum	10958
sek	10951
eną	10938
eim	10915
kom	10911
ail	10908
ksi	10902
stu	10894
nęs	10888
erg	10878
mog	10824
kaž	10822
ins	10787
nut	10704
ažk	10701
igi	10683
gus	10636
ban	10621
ako	10590
did	10568
voj	10552
sen	10513
ird	10481
rit	10423
vęs	10412
ide	10410
dėt	10397
irm	10388
vau	10366
ato	10358
nem	10338
ark	10325
lės	10313
šei	10305
kos	10297
eve	10292
kio	10290
nio	10273
pan	10270
ema	10260
uga	10246
aps	10235
sin	10185
rba	10184
end	10175
iem	10166
sku	10160
vir	10128
ian	10108
sil	10106
uka	10103
rta	10091
ost	10025
uva	9981
alo	9944
sid	9912
vim	9855
dal	9807
suk	9782
anę	9779
avę	9758
oga	9753
eda	9728
kta	9674
uli	9626
lni	9609
eng	9606
ipr	9599
udi	9592
dav	9576
tle	9569
kan	9558
dėk	9551
vad	9519
jas	9492
eks	9487
isu	9476
rik	9446
pla	9433
tat	9402
uči	9389
sut	9368
irš	9367
ert	9355
ngi	9339
mam	9332
onė	9328
are	9313
sas	9299
dam	9299
lėj	9267
tri	9257
sva	9185
vak	9172
grį	9167
oju	9167
nda	9167
log	9158
kus	9149
šin	9140
ela	9135
kuo	9112
gir	9087
maž	9065
uik	9057
ėli	9041
ojo	9023
not	9005
ėra	8997
tės	8979
pui	8935
pap	8871
ram	8862
vėl	8849
neš	8845
ėtu	8843
nag	8830
oka	8824
važ	8816
alt	8768
ose	8755
tru	8729
iog	8719
kst	8715
žud	8704
nek	8670
ben	8662
šit	8651
užs	8650
nči	8638
iva	8637
šti	8626
odo	8601
amo	8597
čio	8584
jim	8572
dir	8560
den	8558
kšt	8544
enu	8466
rio	8439
rij	8436
eši	8423
koj	8410
iuk	8407
nėr	8405
ėči	8402
čių	8397
ioj	8389
ntu	8371
dže	8352
idi	8348
įsi	8341
idu	8332
ila	8311
gar	8262
aci	8219
ėki	8199
vin	8185
len	8181
mal	8170
rėk	8166
uol	8148
rma	8141
aun	8140
juk	8138
rtu	8127
tek	8116
psi	8091
tan	8072
rak	8055
aul	8008
aši	8007
šsi	8002
eiš	7981
abi	7925
noj	7925
mės	7909
ems	7897
ral	7896
kli	7851
ume	7846
nsi	7831
ską	7808
akė	7798
tėt	7796
blo	7770
išt	7756
van	7738
irb	7728
igu	7684
tab	7667
str	7590
žai	7588
kėt	7586
kvi	7581
ira	7579
del	7510
iru	7506
atė	7505
idž	7476
iga	7450
išg	7441
rsi	7428
eig	7427
omi	7412
sug	7409
ikl	7399
tėv	7396
lėt	7385
ekt	7385
šal	7374
rot	7330
sij	7307
pab	7297
uoš	7276
nig	7258
nte	7250
iel	7245
arg	7220
ebe	7202
bėt	7183
rol	7165
imu	7158
abu	7120
oda	7108
ves	7100
ova	7091
iją	7075
rda	7067
ros	7023
esn	7019
mot	7018
mar	7013
žsi	6952
eto	6932
ėji	6930
tuv	6906
eči	6894
lių	6873
pus	6867
ams	6862
uma	6853
šiu	6848
pai	6843
raž	6829
dim	6783
udo	6782
mos	6764
ine	6751
ėje	6748
ebu	6739
akl	6725
ado	6724
kon	6714
ser	6704
dom	6701
gan	6681
ukt	6620
ber	6617
ton	6611
tim	6609
sni	6603
gti	6596
bėj	6590
ute	6574
siv	6555
rės	6543
eil	6530
mbi	6530
kėj	6518
kių	6516
epr	6508
ūtų	6495
ain	6494
nėj	6482
rus	6475
gel	6472
spr	6468
nks	6438
jok	6423
ket	6417
unk	6416
gen	6402
irk	6381
ešk	6377
ota	6372
pre	6371
ene	6370
tva	6368
uži	6354
sur	6353
ete	6277
kir	6273
elė	6267
rįž	6252
ora	6230
nea	6230
ntr	6228
eki	6227
lon	6219
eič	6218
ero	6210
tėj	6174
ėtų	6172
ald	6168
sun	6140
ono	6137
tsa	6120
ruk	6119
arė	6116
tol	6098
bra	6093
kva	6079
itą	6036
šio	6008
nak	5997
rga	5996
onu	5989
res	5970
iri	5958
dės	5954
žei	5952
išv	5947
sig	5936
uja	5935
vos	5911
kot	5907
vil	5891
šku	5871
itė	5850
ind	5848
ion	5847
bia	5841
rtą	5840
oto	5839
tom	5830
rob	5827
uom	5819
esk	5817
vid	5812
dur	5799
užu	5799
aža	5798
uod	5796
ned	5769
dan	5742
tre	5737
iso	5728
džo	5717
udė	5685
ern	5679
nkl	5676
mia	5655
iše	5630
san	5621
bal	5618
etų	5582
inę	5577
sla	5574
rto	5549
lti	5545
spa	5516
joj	5511
jom	5483
šim	5477
gri	5473
žio	5466
bos	5459
ici	5438
dos	5437
gos	5436
isą	5423
iui	5415
ipa	5402
eva	5399
sči	5392
egi	5388
ole	5380
ars	5379
uta	5376
rbu	5367
ilg	5354
teb	5354
ško	5342
jun	5326
apr	5321
įst	5314
itu	5304
apa	5297
ile	5290
nku	5280
ura	5278
ogu	5265
ike	5253
šči	5244
imė	5231
ūsi	5230
mei	5222
rių	5214
šūd	5211
rūp	5208
bro	5204
sar	5203
tod	5165
sko	5153
žem	5143
mba	5137
nij	5136
iim	5133
ido	5128
nde	5125
amu	5124
žka	5123
sum	5123
iną	5117
skr	5091
rdu	5087
gim	5078
mta	5077
kre	5075
ėme	5066
ive	5064
nuž	5044
anč	5040
būs	5038
idė	5031
pti	5024
lki	5010
dvi	5009
tal	4999
ler	4993
iką	4976
edi	4974
kui	4972
kės	4962
kat	4958
bėg	4933
ukš	4923
ola	4922
uda	4910
ngu	4900
tes	4899
ung	4892
bės	4891
dis	4876
pil	4855
imk	4823
suž	4820
umo	4819
ūda	4817
sad	4794
ugo	4794
ogi	4783
umi	4771
ieg	4766
fil	4754
bėk	4753
jog	4732
erk	4730
sma	4725
rdi	4710
dov	4705
ndo	4693
mėt	4693
izd	4692
ebė	4680
aiz	4668
nko	4667
tid	4659
ktu	4652
lap	4650
inį	4643
ngt	4632
alg	4631
dei	4628
rbi	4627
ndr	4624
lus	4617
ikš	4614
eku	4613
pol	4613
ens	4588
jud	4570
emi	4563
mel	4560
eat	4545
siš	4543
ėju	4539
pen	4532
sių	4521
num	4517
ūpi	4510
muo	4501
maš	4487
les	4483
ngo	4481
ugu	4474
ivi	4461
riv	4442
orm	4440
nev	4427
pau	4418
rdė	4412
ire	4410
por	4409
ršt	4400
uks	4390
ilė	4389
emo	4340
neį	4338
gav	4335
lij	4334
mėg	4324
iav	4293
alu	4285
etą	4282
sii	4269
lit	4262
nat	4248
mti	4246
ken	4239
mpa	4239
ūna	4235
nto	4233
šok	4231
nuk	4227
aur	4226
kut	4224
ėte	4221
ort	4217
uku	4211
ims	4211
bil	4210
apt	4206
una	4206
kto	4200
mil	4196
sūn	4176
kov	4176
sės	4173
nal	4173
vok	4172
naš	4170
rėč	4168
irg	4167
klo	4167
los	4163
cia	4162
elb	4161
sme	4154
tvi	4150
lta	4130
son	4125
umė	4120
šve	4115
let	4111
ažu	4108
gam	4096
irs	4094
lem	4093
vot	4085
nan	4077
sam	4075
rni	4071
uge	4070
esą	4069
uni	4063
išl	4040
usa	4035
rup	4013
užd	4009
ded	4007
ade	4003
for	3999
jot	3994
air	3973
ndž	3964
uto	3957
aiv	3947
užt	3942
iro	3942
ksl	3932
ekv	3897
tap	3888
isv	3888
itr	3883
ovi	3868
aru	3863
urt	3851
lba	3849
iju	3845
tot	3843
jan	3840
uju	3839
išm	3839
šva	3835
ulk	3830
auč	3808
nik	3806
iej	3795
lek	3794
ujo	3792
oną	3790
uzi	3785
usk	3780
lga	3760
žad	3746
don	3730
sud	3722
elg	3721
ebū	3707
med	3695
rom	3680
švi	3678
okė	3676
ble	3662
nkt	3646
elk	3634
tem	3622
utė	3621
igt	3620
rka	3620
puo	3613
nar	3612
omo	3608
ilm	3600
rna	3600
odi	3596
uko	3593
rst	3592
ūri	3589
šis	3588
pač	3579
iot	3563
gsi	3553
eja	3547
odž	3531
žių	3529
olo	3529
uve	3526
otu	3523
ksa	3519
ovo	3514
der	3510
jon	3509
ktų	3502
muš	3495
rko	3494
štu	3490
eiv	3476
apl	3475
šik	3472
rog	3470
sos	3458
sal	3455
ekė	3453
ord	3453
ege	3451
ukr	3449
etr	3446
tov	3437
bij	3436
ovė	3435
ego	3431
tga	3426
žod	3425
mač	3423
obi	3422
loj	3419
klu	3418
ėva	3415
luo	3407
tve	3406
ieč	3402
rag	3400
but	3399
tip	3391
tač	3353
kap	3350
šge	3345
ksm	3342
cen	3334
dik	3324
arl	3317
žas	3312
ker	3308
rbo	3306
ažį	3293
lip	3292
urb	3290
sul	3290
žįs	3288
imų	3287
ula	3283
deš	3279
asm	3278
emė	3274
arn	3265
pli	3264
kil	3252
unu	3248
igo	3240
gst	3235
arp	3225
arą	3223
duk	3210
žti	3194
oro	3184
uši	3176
dak	3173
šie	3160
vės	3153
kor	3152
giu	3145
ngs	3133
lbi	3128
kro	3127
ise	3124
ašo	3121
lbū	3108
eju	3108
spė	3090
ešt	3083
ese	3080
tiš	3079
vom	3077
dot	3074
ėda	3072
sėd	3069
vėj	3069
tak	3067
als	3065
arš	3053
atg	3049
suo	3039
aks	3029
rek	3024
abe	3023
nuv	3021
žim	3017
rki	3014
lic	3012
deg	3008
omp	2994
šla	2993
gum	2990
ėmi	2986
egu	2983
iul	2980
ubi	2970
pit	2969
būd	2967
amp	2962
edž	2960
žen	2955
put	2948
evi	2943
bat	2940
via	2937
fon	2933
asl	2932
dėm	2931
ašt	2929
igų	2928
elį	2922
ndė	2921
kiš	2917
mau	2915
ved	2912
und	2911
eke	2910
avė	2907
uką	2902
okį	2900
kšč	2894
gul	2888
šai	2885
kab	2884
erd	2881
spe	2878
žko	2872
siū	2868
bej	2852
ses	2839
kub	2839
roj	2837
sli	2833
ron	2831
klą	2827
etė	2826
dus	2825
amą	2822
ulė	2820
apg	2817
rmi	2813
obl	2811
aič	2804
iep	2802
mėn	2798
nej	2797
lgi	2794
elo	2791
niš	2788
rįš	2787
har	2787
stą	2786
ėmė	2783
šir	2778
būk	2773
išp	2772
upu	2771
rov	2767
šte	2761
smi	2757
ilo	2756
įžt	2752
zdu	2750
tęs	2749
rūk	2749
lig	2749
ilt	2745
ugr	2743
uke	2741
ont	2739
iur	2738
gis	2727
ebi	2726
erv	2725
užm	2721
ans	2717
stė	2716
age	2713
vež	2711
aup	2697
got	2696
rbū	2691
ejo	2688
ret	2688
auž	2683
ipi	2678
aja	2676
aną	2670
erį	2670
ėgs	2658
usp	2657
lėk	2655
tne	2654
doj	2653
šią	2643
ore	2643
msi	2641
kęs	2638
ėga	2634
urį	2629
ntė	2624
uji	2620
saš	2618
ude	2616
paš	2609
usm	2608
enų	2604
iež	2602
uvi	2595
gio	2593
ntų	2593
ikų	2583
lov	2581
mui	2580
suv	2578
ręs	2577
isė	2576
ųjų	2570
tog	2561
gij	2553
iūl	2552
kni	2552
gta	2546
mak	2539
agr	2538
stų	2535
dij	2534
iun	2531
cha	2529
rdž	2528
usė	2527
ure	2522
utu	2519
pel	2516
otė	2513
uže	2506
pia	2505
ijų	2502
ndu	2501
elt	2490
ilk	2487
ukl	2474
ajo	2468
uje	2462
bes	2460
upi	2456
rez	2455
kle	2455
rid	2454
psa	2453
bev	2452
lav	2451
pga	2449
kun	2449
des	2447
emp	2444
atu	2438
iša	2436
rum	2433
liz	2427
efo	2424
sib	2417
išė	2413
iat	2410
paa	2405
ūdi	2405
oko	2394
žda	2389
pėj	2388
gro	2387
eje	2382
vus	2371
šun	2370
lėč	2369
gon	2367
rav	2367
oku	2360
iza	2359
žva	2354
lda	2352
enė	2342
ūnu	2341
reg	2339
išd	2337
uso	2334
anu	2334
kum	2328
ėta	2327
adu	2326
lef	2322
rar	2321
oši	2320
eme	2316
mag	2313
nui	2313
nul	2312
ngv	2311
bur	2310
žon	2309
štr	2308
rči	2306
ėgi	2306
bič	2302
nug	2301
užk	2299
kru	2297
mėj	2295
red	2295
uša	2293
esv	2292
mpi	2287
zin	2285
siž	2284
ode	2283
žve	2280
dor	2274
žką	2272
akv	2271
rbą	2270
atn	2257
utr	2253
slė	2252
omu	2251
tėl	2243
til	2242
irė	2241
ule	2238
kav	2236
agu	2234
moj	2233
izi	2229
ild	2229
utį	2222
riš	2222
šeš	2210
bel	2200
eji	2193
pta	2191
alk	2188
epi	2185
dre	2179
goj	2179
ėdė	2178
rab	2173
buč	2172
uvė	2170
nke	2160
rac	2149
ąži	2145
ogr	2144
urn	2142
udu	2140
alą	2140
sat	2138
sėk	2135
jęs	2128
alų	2124
rtė	2123
umu	2121
nėm	2119
ldo	2117
kėl	2117
ėlė	2116
šėj	2115
ūtu	2109
enį	2109
bti	2102
zik	2102
pok	2102
erm	2102
abd	2100
ium	2099
ršk	2097
žek	2096
rbt	2096
amž	2089
gat	2088
ept	2087
umą	2078
zia	2074
ktį	2073
nge	2070
nėt	2069
ult	2063
ėne	2061
evo	2060
pul	2059
irū	2058
dol	2055
mži	2051
bli	2049
šus	2047
kul	2047
tit	2047
ūči	2044
miš	2044
neu	2043
isų	2038
nup	2038
ngą	2033
apo	2032
vej	2032
mėl	2031
kūn	2028
els	2028
ial	2028
lor	2028
jėg	2026
cin	2021
oči	2020
lbo	2019
iom	2012
ėko	2011
bep	2006
uro	2005
kuz	2002
fre	1995
unt	1991
eso	1982
bri	1982
nur	1980
tli	1980
rėm	1978
nsa	1977
inč	1972
ukė	1972
oms	1971
kte	1971
iųs	1966
mor	1960
vik	1958
ils	1957
teg	1956
įdo	1955
rmo	1948
liū	1941
meg	1940
riz	1939
ūks	1935
sėj	1933
ėję	1930
bau	1929
sub	1926
rem	1926
eša	1925
paj	1924
itų	1922
įši	1922
ich	1920
jin	1919
ied	1913
ktą	1912
rae	1910
iut	1910
abė	1906
lka	1905
otų	1895
amų	1894
ede	1894
smu	1888
ges	1885
rte	1884
imp	1883
nką	1879
rof	1872
užp	1870
gab	1870
ier	1867
obu	1866
alį	1865
opi	1865
led	1862
ęst	1861
upk	1857
rig	1857
sąm	1852
žuv	1851
iln	1849
rvi	1846
lėp	1845
tua	1842
anc	1841
dri	1839
ušt	1836
gei	1834
aei	1833
ske	1833
būč	1832
okt	1830
elę	1829
mik	1829
eža	1827
lot	1824
ėsk	1823
sdi	1822
ksč	1821
ažn	1821
odu	1821
ąmo	1820
daž	1820
aku	1819
tėm	1816
use	1815
lsi	1814
rmą	1812
ubė	1812
ošę	1807
kią	1807
ual	1807
lok	1806
ašu	1805
lto	1804
ekl	1804
rdo	1802
edu	1802
dul	1802
iba	1800
rša	1795
tūr	1792
igė	1791
aub	1790
kak	1789
olė	1789
iži	1786
bul	1781
upe	1773
zij	1771
įra	1770
lam	1769
tuk	1766
kėk	1765
šmo	1765
itę	1764
būn	1764
smo	1763
ezi	1762
nci	1762
okš	1761
kci	1760
ėst	1759
šas	1756
amė	1754
ntą	1751
eba	1747
jor	1742
rej	1741
tob	1741
atą	1737
što	1735
lat	1732
euž	1730
beg	1729
rkt	1728
rne	1727
iuj	1725
šęs	1724
dža	1724
tij	1724
ėri	1724
nav	1721
han	1721
tet	1717
žuo	1713
šli	1712
igs	1710
klė	1710
arv	1708
kso	1707
erb	1705
ove	1701
auš	1699
ėkm	1698
rep	1696
adž	1693
aai	1693
grą	1692
rėl	1691
ašė	1690
žta	1690
udž	1689
šne	1688
trū	1686
rip	1684
pet	1683
nst	1682
įka	1679
aju	1678
tui	1676
leg	1675
rge	1672
nuš	1671
ndą	1670
ond	1668
rib	1666
erė	1663
her	1662
isp	1661
aha	1659
arm	1658
rsk	1657
gru	1656
rea	1655
šom	1654
enč	1653
dro	1649
biu	1649
spo	1648
šle	1648
jat	1648
inf	1644
ons	1642
ilv	1640
otr	1640
lst	1640
raf	1640
inc	1638
lna	1637
ipt	1637
ipk	1635
obo	1634
spi	1634
įma	1632
hol	1631
bėd	1630
erž	1630
ikn	1626
oke	1625
vaj	1625
rąž	1622
įva	1621
ope	1618
kes	1615
iši	1614
lma	1612
rli	1612
oho	1611
ošk	1602
lva	1601
gėr	1598
ėlu	1597
une	1597
ėto	1596
bei	1593
rke	1590
ump	1589
ase	1585
ojų	1584
kūr	1584
ašk	1584
jev	1582
geb	1575
mob	1574
ėlę	1571
pei	1571
jėz	1568
eip	1566
epe	1565
reč	1564
sią	1558
org	1558
lvą	1556
tvė	1556
fra	1553
vog	1551
sei	1551
mij	1550
gva	1548
sem	1546
rok	1543
ilu	1540
ugn	1538
čią	1537
nkė	1535
buk	1532
žie	1529
mac	1528
vėp	1527
žte	1526
ogo	1526
iėm	1525
gęs	1521
egr	1520
rbė	1519
uba	1518
suš	1517
gės	1515
vių	1515
vor	1515
rii	1511
ąst	1510
ngl	1508
kvė	1508
snė	1508
smė	1503
nuč	1502
mul	1498
žer	1497
šką	1496
rią	1495
atm	1495
ėkt	1488
plė	1478
svi	1475
uža	1475
lak	1474
pki	1470
ukn	1469
ūte	1468
elu	1467
skl	1466
pim	1465
zau	1464
urs	1461
erl	1461
nue	1460
rve	1460
lią	1459
asp	1459
ork	1457
ėms	1452
erą	1452
utę	1452
ogų	1449
rtų	1446
inų	1442
šsk	1441
ebl	1432
kči	1431
eci	1431
žus	1429
lad	1425
fer	1424
gli	1423
iok	1423
ukd	1417
urk	1415
rel	1413
muz	1411
nce	1411
ejų	1409
nėl	1409
sel	1408
ulį	1407
šių	1406
ige	1406
raj	1405
pos	1405
azi	1403
evu	1400
bam	1400
ofe	1399
riž	1399
pop	1395
ipe	1395
uei	1393
rkl	1393
det	1391
utv	1390
įti	1388
ošt	1386
pja	1385
ške	1383
sap	1379
idą	1378
iol	1376
šma	1376
onų	1375
ism	1375
apk	1375
guž	1374
šgi	1374
ūro	1373
žku	1371
pės	1371
lve	1368
nfo	1366
apn	1364
tir	1364
mit	1362
lbu	1361
ūra	1360
ntį	1359
bob	1355
ukų	1355
rut	1353
sua	1353
dok	1352
ują	1351
bot	1347
iar	1347
maj	1344
viz	1343
rši	1343
uon	1338
nud	1336
lėš	1336
fes	1334
lar	1334
pur	1332
įta	1331
čar	1330
kmė	1329
zid	1328
lum	1327
kda	1325
išn	1325
vag	1321
ips	1321
osa	1318
mki	1317
irę	1314
oba	1314
nkų	1313
špr	1311
fin	1311
užr	1308
bol	1307
mad	1307
rgu	1305
bor	1301
ėza	1300
ėdi	1299
sič	1296
gok	1296
aže	1295
ndų	1290
udr	1290
che	1290
usu	1289
kep	1287
orą	1285
dit	1285
gžd	1284
įsp	1283
šer	1283
rsa	1282
eap	1279
žau	1278
igr	1276
tst	1275
vat	1275
chi	1274
ple	1273
vui	1271
ėgo	1270
uvę	1269
ksu	1269
etv	1265
tsk	1264
išr	1264
ldž	1262
ikę	1262
rde	1260
ekš	1258
įžk	1253
kve	1251
žal	1251
edo	1249
sui	1248
žor	1246
lui	1245
ėse	1242
ech	1241
piu	1240
mpe	1240
šan	1238
rdą	1237
okl	1234
ilp	1233
drą	1230
kme	1230
sle	1224
įro	1223
omb	1220
pik	1219
itv	1218
šme	1215
urg	1214
esį	1213
rir	1212
roc	1212
sic	1211
tūk	1210
von	1210
ėlį	1209
žan	1209
igž	1204
egz	1203
eld	1203
siė	1201
oru	1201
dęs	1200
ūki	1199
ngų	1196
krų	1193
duj	1193
ofi	1193
įsk	1187
gil	1186
ėgt	1185
ažv	1181
rso	1179
isl	1179
tud	1177
dėd	1173
trą	1171
eru	1169
arį	1168
rbe	1166
gie	1166
esm	1165
cho	1164
iop	1162
ųst	1162
prę	1162
rsl	1161
rgo	1161
vol	1161
uns	1160
ach	1159
giš	1158
ipl	1158
rąs	1157
upa	1156
žra	1156
mig	1155
lep	1154
krū	1151
oša	1147
zda	1146
abo	1145
psn	1145
far	1143
pis	1143
zon	1140
gad	1140
sep	1139
šju	1138
jer	1138
bja	1136
lvi	1136
eal	1134
rką	1132
įsa	1131
orn	1131
ago	1131
ign	1130
dio	1129
vet	1129
erč	1128
asė	1126
viu	1126
lom	1126
snu	1125
tiu	1125
the	1124
plo	1124
bom	1119
ngę	1111
iūd	1109
ąjį	1109
gėj	1108
bla	1108
bre	1104
gom	1104
emų	1102
ėla	1102
ieb	1099
žav	1099
eįs	1098
žmu	1098
hen	1097
išj	1096
žmi	1095
kop	1095
enc	1091
šda	1088
aėj	1087
anė	1087
tuš	1087
adr	1087
upė	1086
ltė	1085
viš	1084
ėve	1083
dag	1082
erš	1082
fan	1079
iuš	1077
aso	1075
mud	1074
zdž	1074
ėle	1073
dia	1073
atę	1072
lmu	1072
lub	1071
izo	1071
fas	1070
apu	1070
mėš	1069
lko	1068
iup	1068
erū	1067
gėd	1067
ėšl	1066
rva	1066
ąją	1063
raė	1059
lgt	1059
šil	1058
atk	1058
štą	1056
vit	1055
vam	1055
mąs	1055
sod	1054
ovą	1053
pėd	1053
gna	1053
ažo	1053
jek	1053
ešė	1050
ril	1050
cio	1050
ibo	1049
šel	1049
usę	1048
omė	1047
uvu	1046
dek	1042
šbu	1041
zuo	1040
esų	1039
špa	1039
buo	1039
gni	1033
ėdų	1031
arž	1031
jūr	1030
sda	1028
emą	1026
rųj	1025
išb	1025
šdi	1023
akr	1021
atp	1020
šak	1017
rla	1017
lėd	1016
ilį	1014
rks	1013
žel	1011
zai	1010
išo	1009
nso	1009
ęsi	1008
pru	1007
iža	1007
uim	1007
dev	1006
lėl	1005
šov	1005
dej	1003
taš	1003
edė	1003
uru	1001
įve	1001
tėč	1000
žki	1000
asd	998
aln	998
fai	998
iud	997
kėm	997
izu	997
ūdu	996
arų	996
gąs	996
ždu	995
bio	993
bud	992
eįt	990
nir	990
bod	988
dva	987
slo	986
dvo	985
liš	984
oci	984
lag	980
rič	978
ždė	974
oją	974
rui	974
dūr	974
žut	973
lev	972
asč	971
ešb	968
iei	968
erų	967
ėpt	967
eįm	966
ugė	966
rkė	966
run	965
ėku	964
iče	962
rap	961
obe	958
oce	956
jav	955
olį	954
ežt	954
fot	953
žes	949
esč	946
pec	946
lif	943
guo	942
paė	941
rse	936
ršu	935
luk	934
aše	933
ūnų	931
ugą	931
tia	931
pio	931
šen	931
uci	930
gsn	929
som	926
utų	925
sąs	923
ngė	923
atš	922
aėm	920
gūn	920
dru	920
atį	919
ešd	919
tul	919
šsp	918
esp	916
ktr	915
ibi	914
lsa	913
igū	913
niz	913
bių	911
onk	911
šėl	910
įžo	909
uac	907
atų	907
gor	905
sor	904
pėt	904
mur	904
dėž	902
tme	902
bis	900
dem	899
klų	898
urų	897
old	897
rūs	896
užb	895
ell	893
ešp	892
beb	891
dic	891
ong	891
anų	888
oun	888
rop	887
pek	886
šįv	881
rno	881
gtu	881
idų	879
ltu	879
mim	876
gėl	876
ąsd	876
ape	876
įju	875
ėvo	873
mėm	872
škė	871
ill	871
esė	869
įpr	869
nov	869
zas	867
ciu	866
leo	866
rįs	866
vėr	866
eps	865
lme	863
lte	863
utą	862
pna	862
ėdo	862
kup	859
ėvu	856
tmi	855
rož	852
laz	852
iuv	850
ekr	849
užė	849
tac	849
dat	846
ruš	845
epu	845
ežu	844
šra	843
gla	842
rtį	841
več	841
oži	841
elm	840
lgo	839
baz	838
atū	838
bie	836
žpa	835
tsp	833
lge	831
pot	831
bėr	829
tgi	828
nią	828
bru	828
otą	826
soj	823
akm	823
ugs	823
hem	822
ksp	821
adv	820
snį	820
sce	819
šar	819
gui	818
žtr	818
ąsi	818
ipo	817
ųsi	815
lel	815
uob	813
glo	813
ivo	812
ūne	812
rkš	809
žėj	806
nok	805
nac	802
iča	801
sėt	801
ubu	800
ėjų	799
škr	799
zer	799
krą	798
onę	798
rle	798
ubo	797
uoč	797
ūst	797
lno	796
amd	794
urv	793
arc	792
ibl	791
užv	791
fak	789
iov	787
abr	787
abū	786
mbu	786
kūd	785
kse	785
cūz	785
tio	785
bek	785
tec	784
odį	783
ncū	783
lut	780
gut	778
iag	777
uog	777
štų	776
ube	776
moč	776
usį	776
ubl	774
ūgi	773
ifo	766
chn	766
kšl	765
gub	763
meč	763
būr	762
afi	762
edr	758
ogė	757
vig	756
ėpu	755
arč	754
ušk	754
rtr	753
aza	748
msa	747
lpn	747
ibu	747
vėt	746
raz	744
ogą	743
očk	743
upl	743
zis	741
ces	741
izm	741
epė	740
uvą	740
ipu	740
nuė	738
emt	737
nol	737
erp	737
dėi	734
hel	732
tut	732
abl	732
įža	730
ąsk	729
vič	727
kšm	727
opa	726
etg	724
uėj	724
spū	724
enę	724
eur	724
rgš	723
drį	722
ror	722
smą	721
akc	721
ūši	720
lgė	720
lob	720
tla	719
gej	718
asv	718
žna	717
azd	717
slu	717
pij	716
ugų	715
ūno	715
upt	714
iil	713
išš	713
eon	713
šni	713
sąr	712
pac	712
itį	710
epš	710
šuo	709
efe	709
kne	709
šmi	709
smū	708
mom	707
bir	707
buž	706
gme	705
suj	705
trų	703
fik	703
vla	702
lbe	702
aau	702
skv	701
ažą	700
pso	700
nsn	698
mūg	698
ąra	698
ešu	698
tep	698
vio	697
iūt	696
idr	696
vul	695
odą	694
kvo	691
žur	691
nkš	690
įei	689
rža	687
vuo	687
ped	687
pes	686
idv	685
asu	685
ivą	684
vud	684
sok	684
lči	683
tun	683
sąž	682
idū	682
avu	682
bak	682
ekį	681
teo	681
sna	681
alū	680
bsi	679
ūdž	678
efa	678
mio	678
pip	677
lid	677
rub	676
usl	676
etę	675
mbo	675
oge	674
ruč	671
kiv	671
lsė	671
ezu	670
ibr	670
rme	668
rlo	668
hal	668
niv	667
zmo	666
lgs	666
rou	665
loš	665
isd	664
fri	662
apm	662
rūm	661
žba	660
nsp	660
bit	659
egė	659
nad	657
ąna	656
rif	656
gvi	655
zac	655
rch	655
žde	654
ric	654
ilę	653
zdo	653
lso	653
aie	653
irp	653
bok	652
nub	650
opo	649
unč	648
rku	648
ukū	647
svo	647
užl	647
šam	646
ozi	646
gto	646
rmu	646
mpu	645
rtn	644
ice	644
pūd	643
ūną	642
egt	642
sol	641
fij	641
ptu	641
pka	640
dun	636
lne	636
ulo	636
liv	636
ėši	635
ušč	634
omą	632
apž	630
šba	629
įže	629
top	627
krė	627
ūdo	625
mod	625
šdu	625
dve	624
stę	624
čka	623
boj	623
dui	622
ogt	621
eor	621
šga	621
apd	621
ėją	620
rži	620
sof	619
ulp	619
gzi	618
mto	618
pto	618
kaz	617
tpa	617
amt	616
mav	616
mpl	616
bim	616
eab	614
ęsk	611
klį	611
orp	611
iąn	610
spj	610
ošu	610
kek	610
zul	609
apv	609
lmą	608
enr	608
bad	608
nsu	608
ndę	607
šon	607
all	607
ajė	606
ged	605
gle	605
ūdą	604
ušo	603
mpo	603
rūt	603
štį	603
oję	603
rev	602
poz	601
džu	600
apš	600
rėd	599
psu	599
ekm	598
alp	598
veš	595
vna	593
baž	593
mąj	593
riė	593
car	593
męs	591
ašą	590
žpu	590
rbs	590
ujų	589
štė	589
hil	589
ūdn	586
uau	585
lėm	585
ėnu	584
lja	583
lįs	583
ekc	583
inv	583
lfa	582
nit	582
nkr	581
vėž	579
lnu	578
ivu	578
uls	578
nėk	578
mtu	577
ziu	577
slą	576
cer	576
oza	575
ršo	575
iak	575
goš	574
škų	574
čem	573
imb	573
iję	572
škv	572
lbą	571
mun	570
dil	569
šlo	568
vūn	568
žis	568
usr	567
upo	566
ušė	565
ibe	565
ksą	564
ogd	564
žsa	564
šna	564
ilj	563
ėrė	563
miu	563
iac	562
gdi	561
žvi	561
elą	560
roš	560
hor	559
įdė	558
arū	558
šlu	558
ašč	557
laš	557
gūs	556
sąl	556
oso	556
epo	555
umb	555
sri	554
ikv	554
špl	554
žni	553
gtų	553
gno	552
ksn	552
sra	550
fiz	550
get	549
ūka	548
rsp	547
laž	546
fro	546
dvė	546
has	546
sne	546
ūla	545
osm	545
dzi	545
hit	544
gol	543
umų	542
ham	542
edą	541
lmo	541
lnė	541
ogž	541
rpu	540
gžu	540
err	540
ack	539
ldė	539
reb	539
vij	539
mol	538
lla	538
pnu	538
deb	538
iųj	538
iji	538
vap	537
mso	537
kėd	536
bed	536
rud	535
vav	535
nod	534
urd	534
ėvą	533
olą	533
gių	533
užg	533
ždž	531
ted	531
jui	531
svė	530
jar	530
ica	529
gėm	527
bon	527
pži	526
vep	526
hei	526
kib	526
žir	525
mūš	521
onc	521
amz	521
ždi	520
fuo	520
plū	518
eze	518
olu	518
lži	517
uno	517
mių	517
kag	515
sde	515
koš	514
nkv	514
oką	514
mek	514
nri	513
imd	513
gda	513
žol	512
uis	512
ifi	512
ėtį	511
mov	511
afa	511
įkv	510
fli	510
aje	509
sot	509
itl	508
lsu	508
šuj	505
cas	505
igą	505
tša	505
cie	505
epk	504
kev	503
žią	503
erf	503
alę	502
ošė	502
šėt	501
vėm	501
kdo	500
ėpk	500
štv	500
aii	500
aaa	499
rsu	499
eza	499
gud	499
ėmę	498
rdv	496
iže	496
arę	495
dep	495
iuc	494
arj	493
irv	493
rje	492
žsu	492
laj	492
zės	492
dna	491
lli	491
bib	491
kem	490
pst	490
nun	489
iug	488
ilž	488
lil	488
tic	488
oze	488
psk	487
šut	487
adą	486
agn	486
fed	485
uar	485
šou	484
ltų	484
nuf	484
žlu	483
obė	482
lug	482
nve	482
rdį	481
ugę	481
ifa	481
diš	480
onf	480
cig	479
ižu	479
ize	479
sej	478
lūs	478
ažd	477
ael	477
bež	477
uan	476
aum	476
tea	475
sno	475
tųs	475
ofo	474
ovu	474
pov	473
pūs	473
ltą	472
abs	472
ėdą	471
bag	471
rpe	470
zor	469
eic	468
alf	467
tąj	467
aib	467
lod	466
aką	466
ūzi	465
ūrą	465
šsa	464
lūd	464
žli	464
nsą	463
igm	463
ubą	463
rūv	463
jut	463
ups	463
rūš	461
meš	461
fek	461
lib	460
dum	460
šgą	459
imę	459
elf	459
ršų	458
akę	457
rpi	457
ikd	456
ldi	456
irž	455
fic	454
ife	454
afu	454
usv	453
žul	452
ulu	452
ėži	452
gne	452
iuz	451
rec	451
ąka	450
eže	450
įle	450
plu	450
tke	448
ček	447
klę	447
mtą	446
įėj	446
roz	445
bum	445
dėv	445
juj	445
pož	445
nip	444
nee	443
rug	443
šri	443
pom	443
koh	442
alm	442
rže	442
aiž	442
itg	441
dmi	441
bui	440
žvė	440
udv	440
rną	439
bje	439
pup	439
hai	439
špi	438
ežė	437
ūko	437
urp	437
zma	437
erz	436
atj	435
usą	435
įtr	435
ėvi	434
žtu	434
ūkl	433
zde	433
sch	433
rul	433
pši	432
olt	432
ūni	431
kij	431
fel	431
išę	430
zar	430
nic	430
uld	430
ikį	429
sūr	429
ikč	428
tka	428
stį	427
lęs	427
osk	427
mzd	427
mpt	427
kąs	426
šef	425
fut	425
isę	424
čas	424
smų	424
kmi	424
rzi	424
epl	424
pči	423
ūvi	423
ptų	423
emę	422
kuk	422
hni	422
mst	421
ešo	420
dea	420
mbl	420
spu	419
edę	417
ioš	416
ėkl	416
rėž	416
ėlt	415
žst	415
zic	415
ugl	415
utb	414
grė	414
fle	414
žūs	413
hat	413
oše	413
tiz	413
rvu	413
ift	412
zit	412
ogs	411
ėžė	411
zdą	410
azė	410
tbo	409
jap	409
ašl	409
non	409
rpt	409
urę	408
žoj	408
mšt	408
pic	408
lle	408
ick	407
usų	406
idm	406
ųsk	406
lun	406
soc	406
enz	404
žam	404
chu	404
roi	404
nse	404
ūre	403
evn	402
dsa	402
išu	402
ėde	401
nca	401
och	401
agą	401
bda	401
škl	401
ėtė	401
evg	400
čel	400
veg	400
hom	400
fis	400
vge	399
ūde	399
ebt	399
žos	398
mtų	398
šre	398
ūpe	397
egs	397
čin	396
opu	396
tna	396
jur	395
ūnė	395
alč	394
elv	394
tuč	393
ilą	393
eką	392
ekę	392
nzi	391
isr	390
zan	390
emu	390
taž	390
usd	390
akį	389
tig	389
pęs	389
gėt	389
amš	388
iąj	388
lūž	387
ąja	387
ukę	386
hin	386
ėgų	385
avą	385
tju	385
afr	385
suė	385
suč	385
eše	384
pig	384
ūrų	383
jac	383
zdi	383
ėka	382
nfe	382
ugt	379
asą	379
civ	379
otį	377
džė	377
tsu	377
pmo	377
ean	377
nez	375
flo	375
auz	375
ovę	374
šor	374
mut	374
ežd	373
kma	372
ulv	372
nap	372
pib	372
kša	371
gur	371
jov	371
gun	370
eif	369
oln	368
žęs	368
įki	368
zie	368
maz	368
ivė	368
udą	367
ace	367
moc	367
lde	367
ūmu	366
anū	366
lkė	366
šėm	366
dug	364
eag	364
isb	363
hip	363
reš	363
set	362
btu	362
kik	362
tiv	361
mic	360
ezo	360
kob	360
ibū	359
lną	358
ulę	358
ukč	356
orl	356
erc	356
poe	355
chr	355
ošm	353
šūv	353
emb	353
ržo	353
mbe	353
čtu	352
pdo	352
isč	352
muk	352
rpo	351
ūsu	350
eak	350
rpr	350
mėk	350
azo	350
ešv	350
lup	350
rdų	349
lež	349
zus	347
ebr	347
fen	347
uza	346
ock	346
učt	345
cis	345
kuč	345
dle	345
žil	344
roč	344
ikū	343
upę	343
šos	343
zab	343
šgė	343
pgi	342
egl	342
lou	341
ąju	340
ėjė	338
nūs	338
kše	337
itk	337
diu	337
uož	337
nėš	336
ūlė	336
our	336
aod	336
hir	336
aze	336
ažū	335
žės	335
edv	335
uze	335
gik	335
uše	334
vaš	333
lūp	332
čai	332
lgą	331
kūs	331
rsą	331
švę	331
mųj	331
cki	330
lpi	330
hno	329
taz	329
stū	329
rbų	328
urū	328
hav	328
ukc	328
jak	327
adm	327
dut	327
rfi	327
rci	327
lop	327
eai	326
hum	326
poj	326
šįk	325
tha	325
obj	325
uir	325
fur	325
zel	324
deo	322
oil	322
pse	322
cir	322
drė	322
arr	321
smę	321
rež	321
ėds	321
įte	321
ūkt	320
gsm	320
ižv	320
cel	320
čer	320
zav	320
ušu	319
išč	319
esl	319
sbo	317
duš	317
ofa	317
ngr	317
nif	317
oha	317
užj	315
lsą	315
įgu	315
sąj	315
omų	315
zod	315
žar	315
hon	315
iad	314
rąj	314
mid	314
apč	313
mpą	313
kna	313
cep	313
kac	313
olm	312
ufi	312
upj	312
hmm	311
ūva	311
šuk	311
šmė	311
cik	311
ruz	311
igl	311
seg	311
col	310
zen	310
šlė	310
ldu	309
tou	309
orc	309
mec	309
lpt	309
eii	309
žkn	308
lza	308
eiz	308
irč	308
its	308
iūk	308
ėdž	307
dme	307
olę	307
vic	307
vaz	307
ltį	306
tif	306
žja	305
rvė	305
eib	305
unį	303
btų	303
uvį	303
ėšt	303
ftb	302
onn	302
ūta	302
ear	302
blu	302
apą	301
čik	301
ūku	301
bea	301
iss	301
cht	301
tųj	300
izė	300
čki	300
ubt	300
ssi	300
ėna	299
paz	299
urą	298
nūk	298
trė	298
ešn	298
bun	298
žči	297
šės	297
etį	297
zio	297
llo	297
eįv	297
ufo	297
nch	297
ptą	296
rgų	296
out	296
ršč	296
svę	295
ėsm	295
nil	295
žoš	294
ūpė	294
rūn	294
osu	294
ols	294
pda	294
fos	293
pėl	293
olf	293
osp	293
šįr	292
bso	292
olg	291
tūs	291
ugd	291
jes	290
igh	289
obs	289
žib	289
oid	289
usb	288
psv	288
lej	288
oul	288
čes	288
bem	288
vėk	287
nja	287
ėpė	287
sci	287
shi	287
tev	286
otę	286
rlz	285
ree	285
žkr	285
cit	285
tag	285
aft	284
bab	284
ažų	284
šūk	284
kšė	283
ėsa	283
kof	283
kno	283
šot	283
įre	283
brė	283
pėk	282
tkr	282
sbr	281
iėj	281
žme	281
vab	281
gša	280
dėč	280
olk	280
tte	280
hou	280
rpa	280
jet	280
sed	280
noz	280
nts	279
hob	279
tma	279
iūs	279
uck	278
nąj	278
nsk	278
žef	277
įžę	277
sro	277
ilų	277
mbė	277
nab	277
eie	277
ečk	276
nėn	276
osn	276
cip	276
itm	276
oll	276
ptį	275
nsų	275
cuk	275
fto	275
šum	275
geo	275
įga	275
ndį	274
pkl	274
pūt	274
iub	273
gaž	273
įmo	273
uop	273
ėpi	273
mmm	272
isg	272
ežk	272
lsk	271
ets	271
aho	271
mči	271
gči	271
loc	270
hop	270
mtm	270
okr	270
ūkš	270
she	269
zam	269
njo	269
ėso	268
ozė	268
tūm	268
ūza	267
uor	267
ėžu	266
eįp	266
snę	266
egą	266
žet	266
neč	265
naf	265
msu	265
abų	265
ltū	265
žpi	265
umk	264
tse	263
ntū	263
ėzu	262
imį	262
tja	262
irą	262
nna	262
ėkš	262
užo	261
lke	261
imš	261
god	261
ess	260
ėvų	259
ūlo	259
žūt	259
etl	259
fab	259
ešr	259
spą	258
bėl	258
ovų	258
unų	257
ašų	257
poi	257
rnu	257
lpa	257
ešl	257
akč	256
pąs	256
prū	256
oel	256
pjo	256
grū	256
kšn	256
apį	255
onį	255
jėj	255
ebo	255
ois	255
imč	255
orb	255
rer	254
igę	254
cka	253
nži	253
arz	253
uch	253
had	253
okų	252
ūma	252
viž	252
fėj	252
oor	252
pun	252
saž	252
ubr	252
psė	251
kąj	251
ann	251
rač	250
tmo	250
azm	250
sūs	249
hia	249
lac	249
fal	249
rbk	248
mem	248
ėgu	247
thi	247
fid	247
puč	247
orų	247
vsk	247
ėšč	246
leš	246
ipū	246
iia	246
ith	245
ipė	245
umt	245
nfi	245
ėmu	244
rra	244
bki	244
rūd	244
ntę	243
čkr	243
uną	243
oii	243
fir	243
guj	242
dėr	242
ždr	242
cai	242
ece	242
iuž	242
idę	242
pte	242
loč	241
ziš	241
ght	241
ulą	241
git	241
mah	241
niū	241
gnį	240
hiu	239
hua	239
pub	239
opl	239
aic	238
edų	237
sbi	237
odų	237
mdo	237
nkę	237
bou	237
dub	237
enb	237
pšį	236
evą	236
sez	236
eus	236
can	236
fiš	236
nsl	236
anz	236
iaj	236
sha	235
pjū	235
ašn	235
sag	235
fun	235
azu	235
lbį	234
ovn	234
onj	234
ūzų	233
noč	233
rvo	233
agė	233
ąsu	232
ool	232
tko	232
tvo	232
pių	232
ūrį	231
lbt	231
ožė	231
žou	231
obt	231
iiu	231
džą	230
oan	230
ett	230
tej	230
zol	230
kip	230
dze	229
lkt	229
žėm	228
įži	228
ėdę	227
his	227
udę	227
uėm	227
mpr	227
hae	226
ebk	226
sūk	226
ced	226
bėm	226
ėgė	226
zos	226
ktė	225
rdę	225
įme	225
zef	225
lšs	225
odr	225
kaj	225
rgę	224
uiz	224
com	224
dūm	224
hov	224
mps	224
lką	223
štę	223
het	223
eir	223
ead	223
luž	222
ąso	221
cez	221
tni	221
tėk	221
ažė	221
kdž	221
bta	221
ruv	221
biš	221
gaz	221
jod	221
žkl	221
urč	220
ouz	220
sov	219
vov	219
vač	219
unė	219
glų	218
peč	218
lfo	218
uel	218
nva	218
ašm	218
kdė	218
tpl	218
mdė	217
akų	217
rco	217
igd	217
uzd	217
mda	217
joh	216
tso	216
lku	216
ože	216
riū	216
osį	215
azę	215
slų	215
ott	215
lea	215
pva	215
ėvė	214
tub	214
taj	214
opt	214
iod	214
ūmų	213
gše	213
toc	213
glė	213
lmi	213
rkų	212
žov	212
lėg	212
vem	212
saj	212
eįd	210
lkm	210
iii	210
zui	210
šiš	210
div	210
ešų	209
ėre	209
lūk	209
šūn	209
ūli	209
urm	209
ior	209
ovs	209
peš	209
etn	208
biz	208
čap	207
izą	207
žūl	207
ilb	207
kėč	207
ugū	206
zti	206
dūs	206
lūn	206
jen	206
lal	206
hid	206
eut	206
edū	205
įžū	205
jul	205
šac	205
edį	204
šlą	203
pma	203
ook	203
uil	203
eep	203
išž	203
zra	203
skę	203
eeg	202
užč	202
ršū	202
izr	202
bac	202
tuc	202
agl	202
lah	202
lfi	202
ušv	202
ibų	201
hao	201
gte	201
bsu	200
rfe	200
sco	200
nco	200
dod	200
rgė	200
izg	200
įli	200
lėn	199
afo	199
uer	199
ulb	199
sfe	198
šša	198
cžv	197
įpi	197
ššo	197
tvę	196
neo	196
rše	196
rūb	196
šmu	196
skė	196
žtv	196
etj	195
rtū	195
anj	195
uvų	195
mbr	195
sif	195
gdo	195
efi	195
lkų	193
dmu	193
fta	193
agų	193
tao	193
evė	193
pšv	193
ėks	193
ėžę	192
pno	192
ood	192
oin	192
tuz	192
lnų	191
zdį	191
koo	191
dao	191
pni	191
vod	191
rsė	191
sgi	190
mbą	190
ico	190
aos	190
žtų	190
cre	190
užf	190
žfi	190
ltr	190
grę	190
ičk	189
įkr	189
gve	189
inj	189
okd	189
ash	189
iab	188
tef	188
rzd	188
osf	188
uov	188
lps	188
nkc	188
mln	187
ąsč	187
cev	187
ūkė	187
dėn	187
azk	187
sfo	187
bžd	187
ngd	187
mąk	186
zil	186
hag	186
enl	186
ajų	186
uit	186
lač	185
osą	185
škę	185
gzt	185
zak	185
lpo	185
ass	185
ąsa	184
uzm	184
ldą	184
viv	184
usč	184
atb	184
bią	183
ššš	183
rgą	183
osū	183
ėpa	183
rri	183
usn	183
zeu	182
tpi	182
osė	182
rkę	182
zga	182
dez	182
opą	181
lgu	181
ėšė	181
ėžl	181
lls	181
con	181
zom	181
sse	181
įkl	181
šdr	181
avų	180
phi	180
kač	180
skų	180
gob	180
tup	180
nid	179
asn	179
att	179
tib	179
ifu	179
aer	179
pšt	179
esd	179
ūdų	178
isū	178
dua	178
inž	178
gza	178
idn	178
nni	178
hro	178
ked	178
ipj	178
fui	177
ogl	176
lje	176
ktū	176
bst	176
rvų	175
ūms	175
įjį	175
kši	175
ššū	174
uoi	174
olų	174
uss	174
kud	174
ifr	174
ref	174
kaą	173
tsb	173
ees	173
nba	173
šul	173
esb	172
pum	172
apė	172
iua	172
žom	172
šes	172
ėrį	171
leč	171
jel	171
doz	171
rur	171
sho	171
vum	171
opš	170
luc	170
hri	170
urf	170
llą	169
rbę	169
ukį	169
tšv	169
užn	169
taf	169
mič	169
aia	169
ėps	169
zmi	168
hak	168
enš	168
sac	168
obr	168
tch	168
zmą	168
ije	168
hea	167
įžu	167
žgr	167
gip	167
rsč	166
prė	166
orf	166
jiš	166
gem	166
lmų	165
ūkį	165
ėsč	165
cou	165
dip	165
žėt	165
adl	165
ekd	165
ūmė	165
baj	165
etm	164
įla	164
fej	164
koz	164
nče	164
ušl	164
gią	163
boo	163
azg	163
ppe	163
ipą	163
ožk	163
otv	163
ikm	163
kną	162
zoo	162
lec	162
šžu	162
ops	162
ešą	161
ooo	161
iap	161
ręž	161
umš	160
pae	160
lšg	160
ibs	160
nib	160
erj	160
sga	160
užš	160
itz	160
okę	159
auf	159
kej	159
šse	159
fig	159
edl	159
naj	159
ląs	158
rbd	158
adę	158
dso	158
ūru	158
pud	158
fav	158
fet	158
mts	157
joe	157
onr	157
bee	157
nec	157
eee	157
rėn	156
duž	156
ohn	156
nli	156
pid	156
ržt	156
rūg	156
rkr	156
dma	156
lks	156
ūvą	155
pne	155
orį	155
mpk	155
nob	155
rps	155
ulū	155
ntg	155
sea	155
iis	155
ous	154
maf	154
fiu	154
unc	154
sab	154
afl	154
loi	154
lir	154
ąla	153
rūz	153
ųjį	153
big	153
akš	153
ish	153
lvė	153
cor	153
šif	153
ūsk	153
avl	152
kėn	152
pve	152
špu	152
hul	152
fla	152
šūs	151
žun	151
išą	151
esę	151
šlį	151
nšt	151
nuj	151
haj	151
leb	151
šgr	151
stl	151
ipn	151
ibė	151
kmę	150
bęs	150
zka	150
hik	150
pje	150
abą	150
ndz	150
him	150
aif	150
ngū	149
cos	149
pėm	149
een	149
cid	149
ntk	149
šnu	149
rah	149
įpa	149
etū	148
dga	148
gvė	148
ąji	148
įkū	148
bdž	148
hek	148
hos	148
zet	148
ozo	148
laf	148
ėtą	148
fuc	147
fio	147
čig	147
isc	147
fie	147
lšk	147
ašū	146
lms	146
obb	146
bav	146
puk	146
čij	146
ūšį	145
ilč	145
ogm	145
ėkė	145
toa	145
nds	145
ezg	145
lšt	145
nza	145
eįk	145
zei	145
hau	145
ūdį	144
ūdė	144
ūse	144
tmu	144
bik	144
glu	144
env	144
kmu	143
zoj	143
gūd	143
tku	143
opė	143
būg	143
nfl	143
nhe	143
sue	143
sėm	143
kog	142
dob	142
apų	142
žnu	142
app	142
lbs	142
gib	142
cla	142
pną	141
edg	141
fei	141
eas	141
bic	141
ath	141
iec	141
iaž	141
cke	141
žoa	140
ūpo	140
dla	140
ubj	140
enj	140
etk	140
mšč	140
zli	140
kha	140
apū	140
ūžt	140
gsa	140
ūtė	140
lol	139
ics	139
fma	139
pep	139
čen	139
nou	138
idį	138
bėč	138
pūn	138
pkr	137
elų	137
įgū	137
aue	137
nbe	137
ašv	137
ljo	137
ulų	136
kųs	136
ėni	136
evr	136
rji	136
enn	136
tki	136
bez	136
nop	136
rvą	135
oth	135
iaz	135
nro	135
nvi	135
coo	135
tof	135
sju	134
oss	134
jee	134
šek	134
ūba	134
rmų	134
vėd	134
akn	134
ovk	134
rts	134
žbl	134
ull	134
žke	134
žla	134
fac	133
edm	133
čak	133
oit	133
uzė	133
iūn	133
nne	133
hot	133
zem	133
sbu	133
sėl	133
asę	132
ėnų	132
kua	132
gūr	132
buc	132
įde	132
cil	132
nėd	132
ivų	131
evų	131
etš	131
edd	131
čei	131
lmė	131
tez	131
afe	131
rgs	131
iuč	130
šat	130
dne	130
ūgn	130
čet	130
šep	130
mūr	130
gsė	129
šno	129
fok	129
cro	129
ibą	128
tšo	128
agd	128
kid	128
urj	128
ufe	128
nča	128
alj	128
ošo	128
iūv	128
nog	128
tėr	127
goo	127
nzo	127
tfo	127
cov	127
įsl	127
ogū	127
dap	127
tūn	127
oud	127
zmu	127
ulč	126
špe	126
ivį	126
ūrę	126
bsa	126
eth	126
fru	126
ėgd	126
gzo	126
rmė	126
iie	126
noa	125
dič	125
ksų	125
ksc	125
ksk	125
ful	125
gac	125
žga	125
zgi	125
ksė	125
rkū	124
eet	124
zek	124
uln	124
irl	124
rns	124
gog	124
pnų	123
rvę	123
oog	123
aom	123
uės	123
pėč	123
moz	123
sąv	123
zdė	123
rpl	123
idz	123
nef	123
lbų	122
tąk	122
rsų	122
drū	122
lšl	122
cle	122
rtl	122
iin	122
lše	121
tkl	121
gma	121
ūmi	121
įso	121
lvu	121
lse	121
eol	121
ifą	120
ėže	120
kce	120
elp	120
gid	120
rro	120
daj	120
įžv	120
uin	120
nha	120
jūm	119
oap	119
žoz	119
sru	119
ėgl	119
šru	119
gaj	119
rju	119
ūži	119
onv	119
diz	119
ipg	118
ūlu	118
msą	118
rtę	118
rfa	118
itt	118
vle	118
ezd	118
jąj	117
ksf	117
chm	117
būv	117
žge	117
ają	117
fom	116
lvų	116
žok	116
oža	116
stm	116
cus	116
rnų	116
ukv	116
uzu	116
avr	116
ndl	116
pša	116
mpė	116
mez	116
ėgą	115
zėj	115
nųj	115
vąj	115
ūžo	115
ekų	115
anh	115
ėge	115
orv	115
tho	115
arf	115
ltę	114
ušą	114
ržą	114
ubų	114
eod	114
klū	114
įni	114
eau	114
esj	113
jūč	113
nra	113
įdu	113
rce	113
tba	113
čan	113
dli	113
umd	113
žoi	112
įpė	112
nkn	112
eop	112
gov	112
osl	112
uzs	112
aji	112
ądi	111
ržė	111
izn	111
cog	111
hoo	111
rlė	111
kaš	111
rgr	111
otl	111
zot	111
ėžt	111
fit	111
ušr	110
asr	110
ršr	110
hma	110
osc	110
roa	110
inn	110
lds	110
naz	110
zve	109
rpj	109
ebs	109
anž	109
iik	109
tše	108
atf	108
mae	108
obį	108
oon	108
įku	108
urr	108
lud	108
nje	108
cal	108
jub	108
iūg	108
rbl	108
zat	108
žėl	108
vėi	107
vlo	107
atž	107
fga	107
tta	107
hig	107
ots	107
dni	107
jal	107
ūga	107
sjė	106
čau	106
ush	106
čil	106
lpą	106
ulm	106
hed	106
lšv	106
rre	106
onz	105
oez	105
mdž	105
žum	105
pvo	105
rao	105
rsm	105
sęs	105
šst	105
zim	105
rgū	104
nah	104
lkę	104
ače	104
utt	104
adų	104
mle	104
įbr	104
kuc	104
mzi	104
ncl	104
vro	104
žąs	104
jeg	104
pkv	104
lūš	104
rfo	104
dnr	103
lpk	103
seb	103
udų	103
ūvo	103
otn	103
piš	103
šbė	103
mša	103
iio	103
vac	103
ipd	103
jųj	102
gšė	102
bdė	102
geg	102
elž	102
hta	102
pog	102
ūgš	102
ags	102
fus	102
ėdu	102
šij	102
nua	102
emk	102
mte	102
ūgį	101
ehe	101
ejė	101
joz	101
zes	101
ugh	101
gšt	101
buf	101
rgt	101
bog	101
oft	101
ajį	101
rkd	101
žik	101
reo	101
lee	100
nūd	100
hui	100
hič	100
bči	100
enh	100
drų	100
rth	100
vib	100
svą	99
ugp	99
čis	99
rnį	99
ruj	99
rėb	99
ušį	99
koe	99
oen	99
abz	99
doi	99
pea	99
gze	99
zud	99
osč	99
ekn	99
rpė	99
ožt	99
upū	99
abž	99
gpj	98
icą	98
ldų	98
afg	98
odę	98
bzd	98
llg	98
ūtį	98
cto	98
uha	98
ūke	98
šui	98
kou	98
tbu	98
žša	98
pke	98
abb	97
uce	97
vra	97
pžv	97
ėrę	97
lėb	97
auo	97
uds	97
aak	97
gua	97
osv	97
ssa	97
def	97
thu	96
ržu	96
sou	96
jūk	96
žag	96
odz	96
fte	95
bub	95
šdū	95
įgr	95
amį	95
inb	95
šde	95
hju	95
rls	95
vož	95
rgl	95
suf	95
mūm	94
jez	94
ubs	94
mpę	94
mug	94
zum	94
roo	94
alž	94
įda	94
opr	94
lmk	93
meo	93
žij	93
rtm	93
rlu	93
uth	93
ibž	93
lgę	93
lkū	93
emj	93
eįl	93
hog	93
urz	93
jag	93
eče	93
žsp	93
obą	92
čed	92
rcu	92
izl	92
užę	92
spl	92
suz	92
hie	92
vūs	92
pod	92
mna	92
dad	92
uzo	92
ūvį	91
ipų	91
mtį	91
jup	91
mje	91
imn	91
uuu	91
apj	91
gdž	91
aiu	91
utl	91
nkū	90
ebę	90
ifl	90
act	90
erh	90
bdo	90
koč	90
ogn	90
šbr	90
efu	90
irn	90
ūnū	89
ceb	89
zni	89
žot	89
oum	89
učk	89
pūg	89
doc	89
ašę	89
lši	89
uts	89
ufa	89
amm	89
beš	89
alz	89
ohe	89
ect	89
gąj	89
vek	89
ulj	88
eer	88
šdė	88
ads	88
sev	88
ūžu	88
boi	88
mou	88
nme	88
alc	88
zal	88
enf	88
šbl	88
ušų	87
nji	87
vip	87
heb	87
ešę	87
cat	87
thr	87
žid	87
tši	87
ųin	87
gak	87
rpk	87
miz	87
fol	87
lfr	86
oet	86
opū	86
ušę	86
buh	86
efr	86
špj	86
piz	86
hes	86
asc	86
zsi	86
ngč	86
kąt	85
ftą	85
rlą	85
fae	85
rėg	85
hof	85
toi	85
isn	85
nkm	84
ozę	84
ufm	84
ūža	84
gag	84
moo	84
aco	84
vuk	84
alš	84
zuk	84
šdž	84
anš	84
lnd	84
chl	84
ąti	83
žoe	83
koi	83
tlo	83
naž	83
hut	83
rtv	83
žak	83
mli	83
emd	83
gig	83
ouk	83
zlo	82
eck	82
žto	82
jėl	82
mfo	82
pci	82
url	82
cif	82
lųj	81
nąk	81
jaj	81
žed	81
ogę	81
mįs	81
ttl	81
žtą	81
oop	81
nvu	81
nfr	81
hok	81
rds	81
urš	81
ėsą	80
ūpa	80
pšč	80
eml	80
erę	80
ncu	80
hef	80
hur	80
off	80
puš	80
dac	80
dūn	80
irj	80
akū	80
efl	80
pūk	80
rsd	80
dįj	79
cdo	79
ožį	79
ūnę	79
rue	79
atc	79
dąj	79
piž	79
oug	79
ūmo	79
nsf	79
ulg	79
nkd	79
gps	78
šro	78
shu	78
neū	78
neė	78
dha	78
sef	78
dbe	78
olv	78
ojū	78
ūns	78
cks	78
zva	78
uzt	78
zgė	78
ntl	78
jia	77
ūbu	77
žąj	77
srė	77
dge	77
vli	77
ūsa	77
duč	77
gtą	77
hud	77
auc	77
čip	77
sbe	77
orę	77
dog	77
cra	77
žma	77
kvą	76
bbi	76
nao	76
cot	76
cui	76
kūb	76
rih	76
faz	76
vko	76
gnė	76
hto	76
ptū	76
puv	76
guč	76
lpe	76
ozu	76
tžv	75
jou	75
amn	75
ėpe	75
itc	75
įdi	75
žri	75
idl	75
ioz	75
olb	75
lšm	75
huo	74
mcd	74
azl	74
hna	74
amū	74
zru	74
gse	74
hle	74
afą	74
išų	74
dnė	74
mdi	74
ojė	74
tėn	74
ęži	74
tūp	74
šrū	74
ūsį	73
imm	73
ciš	73
įšk	73
zdų	73
okū	73
ihu	73
ūžę	73
mne	73
lkš	73
ezė	73
keb	73
ėsl	73
zir	73
eįr	73
mme	73
fau	73
ntp	73
dst	73
dvę	72
eah	72
hoa	72
vųj	72
mse	72
goč	72
rhe	72
blį	72
žui	72
keč	72
esc	72
čko	72
imf	72
lpu	72
dka	72
įke	72
goi	72
ąva	72
rnv	72
heo	72
hij	72
ždę	71
stj	71
eūž	71
shl	71
loo	71
ūtę	71
ngm	71
ofė	71
ęsė	71
lšp	71
bač	71
vut	71
toš	71
ėru	71
osh	71
ruf	71
pvi	71
ldr	71
tąd	70
dvd	70
ąsą	70
nuc	70
uča	70
oup	70
gtį	70
umf	70
enp	70
azą	70
žpl	70
ldū	70
aar	70
tto	70
kuv	70
eam	70
ofr	70
snū	70
ftu	69
inš	69
hus	69
rfu	69
mde	69
eįg	69
nkč	69
zeb	69
orr	69
zių	69
rzg	69
ahe	69
ahi	69
hib	69
ipę	69
eįž	69
ržv	69
eog	69
dif	69
šič	68
ūpų	68
šmą	68
obę	68
įšt	68
ėsn	68
lėr	68
ąsn	68
škį	68
rua	68
kii	68
gųj	68
uii	68
inz	68
užą	67
lsų	67
apę	67
ūką	67
nuz	67
hod	67
udz	67
tbė	67
įsė	67
fii	67
šet	67
otk	67
vez	67
ūdl	66
nno	66
reh	66
huv	66
lgų	66
šed	66
nfa	66
dmo	66
zov	66
ikc	66
anb	66
peg	66
brū	66
įgi	66
add	66
nčo	66
rgž	66
žre	66
ižė	66
fob	66
evl	65
skį	65
izę	65
ėpę	65
cam	65
ekč	65
onl	65
žit	65
unn	65
itn	65
noi	65
zgu	65
sfi	65
lsv	65
pvz	64
iaf	64
epp	64
lfą	64
odv	64
mūz	64
glį	64
ūle	64
ožm	64
dzė	64
buš	64
ilf	64
ajū	64
emf	64
tlė	64
pko	64
mej	64
raa	64
zgų	63
svų	63
lri	63
ėgn	63
aua	63
lsd	63
lul	63
opk	63
faš	63
dig	63
eei	63
ajt	62
ncą	62
alr	62
ėbt	62
ūto	62
gek	62
ėdr	62
uai	62
dib	62
voi	62
ukm	62
šur	62
eof	62
vii	62
dūž	62
žbu	62
ulf	62
ešm	62
iaš	62
ršę	61
lšj	61
svu	61
grų	61
uzv	61
tge	61
luč	61
gnu	61
oot	61
udm	61
pob	61
mii	61
tiž	61
ūšn	61
iąs	61
hug	60
zoh	60
poc	60
oir	60
dou	60
lue	60
cci	60
nkį	60
pej	60
įžd	60
orš	60
zur	60
jūv	60
chą	60
lgč	60
ššv	60
žle	60
zad	60
anf	60
siz	60
upd	60
eot	60
lnl	60
jta	59
hap	59
ežm	59
žpr	59
cof	59
šši	59
ižo	59
rha	59
gue	59
sso	59
kdi	59
ntv	59
gap	59
nbu	59
hlo	59
ogį	58
iūč	58
eėm	58
irų	58
rpą	58
ruc	58
ūjų	58
ipp	58
šid	58
rkč	58
mno	58
obū	58
izz	58
noc	58
ddi	58
įne	58
toč	58
šsu	58
egę	58
pdu	58
lgd	58
elč	58
ouv	58
jil	57
eac	57
igg	57
odū	57
mpū	57
įką	57
šop	57
ibj	57
voč	57
aui	57
dop	57
kšk	57
lro	57
lkl	57
onū	56
foo	56
luj	56
štū	56
čkį	56
žaj	56
tlk	56
iob	56
ffe	56
ėlo	56
ouo	56
ciz	56
tėd	56
šiz	56
rkv	56
žab	56
taą	56
agt	56
naą	56
eph	55
lgį	55
aph	55
pha	55
ods	55
phe	55
odk	55
eįe	55
eel	55
oui	55
omm	55
roh	55
ošv	55
slū	55
ūzu	55
jaš	55
loz	55
vje	55
ūkę	55
idd	55
įpu	55
mue	55
aml	55
rtf	55
juv	55
ūme	55
usg	55
aio	55
saf	55
šmę	54
mhm	54
žbi	54
mšk	54
bld	54
msk	54
įba	54
iff	54
uhu	54
ąžu	54
hre	54
cet	54
oat	54
šiū	54
soč	54
emn	54
ubū	54
asg	54
hab	54
mfi	54
hee	54
ffi	54
cti	54
irz	54
dec	54
eiž	54
žgi	54
sge	54
šaš	54
gną	53
lžb	53
rbč	53
ofą	53
bsn	53
fee	53
eču	53
hla	53
dda	53
jūt	53
ųem	53
jik	53
kic	53
lch	53
ėšk	53
lbr	53
bov	53
aok	53
hoi	53
cem	53
įsm	53
įmu	53
aca	53
pdr	53
kąg	52
iož	52
mbų	52
cad	52
iač	52
emį	52
anv	52
ihi	52
mpį	52
aej	52
oem	52
rsū	52
džt	52
įsč	52
dūz	52
eed	52
jua	52
lpė	52
epę	52
fia	52
zta	52
itū	52
seu	52
tsv	52
tti	52
sąn	52
akd	52
llu	52
eds	52
ūvė	52
tąs	52
zią	51
odg	51
pem	51
uėd	51
emž	51
irį	51
šoj	51
rsg	51
įšo	51
eek	51
uen	51
ešč	51
daf	51
ūsl	51
onp	51
hic	51
amf	51
ėma	51
nze	51
tmą	50
rld	50
škū	50
tee	50
foj	50
bde	50
nši	50
kšr	50
cek	50
edk	50
nąs	50
tsl	50
teš	50
oie	50
tug	50
nlo	50
džl	50
tln	50
bte	50
ėšų	49
srą	49
ągi	49
ąjū	49
ūtą	49
tuj	49
jah	49
čup	49
vri	49
uoz	49
elz	49
šav	49
kee	49
anr	49
ozl	49
čon	49
nvo	49
kef	49
nač	49
kig	49
ėtr	49
hte	49
ngf	49
iez	49
sca	49
agm	49
iha	49
eia	49
lnt	49
ąžą	48
acc	48
egv	48
gvo	48
lnę	48
isj	48
jug	48
noe	48
čda	48
tjo	48
uab	48
uid	48
obš	48
haš	48
hun	48
sba	48
rpį	47
prų	47
see	47
rąk	47
ids	47
ldb	47
htą	47
gea	47
šbū	47
mua	47
gsu	47
užį	47
ict	47
ošą	47
šig	47
kūj	47
rzo	47
ahu	47
rtb	47
žbė	47
rmū	47
oml	47
akg	47
vah	47
adj	47
eco	47
ėbe	47
ęši	47
bip	47
tsė	47
ežą	47
blė	47
prl	47
rnė	47
mva	47
rrr	47
lšd	47
ąsū	46
cau	46
feo	46
ąvo	46
įvė	46
zap	46
hme	46
tič	46
žat	46
lof	46
opp	46
įlį	46
ėsu	46
ėsė	46
šem	46
inl	46
špū	46
ptv	46
lūg	46
rja	46
nėč	46
sms	45
aah	45
inr	45
įžč	45
bsč	45
oom	45
ofm	45
ičo	45
ahm	45
bju	45
peu	45
imz	45
sts	45
ižd	45
ėšr	45
lfu	45
iig	45
kuš	45
tlu	45
vls	45
nįk	44
ooh	44
lzo	44
aor	44
suį	44
zdz	44
mią	44
ėpl	44
slę	44
gūž	44
ėše	44
tūz	44
dzo	44
ilū	44
giv	44
akb	44
npl	44
iuf	44
ofu	44
rsv	44
kiū	44
leu	44
pše	44
šaf	44
adū	44
oak	44
psp	44
kšą	43
etč	43
chū	43
hūr	43
uįž	43
ėgę	43
dae	43
aąt	43
nbo	43
saa	43
icr	43
aes	43
žip	43
urž	43
pfo	43
ršv	43
ėno	43
kde	43
tje	43
iml	43
udū	43
odn	43
mka	43
jūn	43
įvi	43
šab	43
bec	43
ibk	43
lūz	43
beu	43
fat	43
rpd	43
tką	42
omū	42
nič	42
jef	42
eff	42
zed	42
ncr	42
tpr	42
gdė	42
lce	42
šąl	42
ąžt	42
rče	42
beį	42
zha	42
bse	42
too	42
lbk	42
gaš	42
rfė	42
ojį	42
lvį	42
oca	42
pmą	42
mop	42
pde	42
bid	42
lln	42
tče	41
irc	41
jls	41
tdi	41
ikk	41
doo	41
aen	41
ėša	41
mpų	41
ivl	41
guz	41
uzą	41
lll	41
itč	41
brą	41
coc	41
ęžt	41
dse	41
ugv	41
abt	41
žeb	41
mma	41
elr	41
ztu	41
ržl	41
tpe	41
nle	41
cap	41
čir	41
stv	41
ūbų	40
lvę	40
rvį	40
cco	40
rsc	40
ffa	40
kki	40
suc	40
ečd	40
mfa	40
ulc	40
iao	40
mtė	40
agū	40
kėz	40
pgr	40
ųsd	40
kah	40
mea	40
sjo	40
brę	40
hio	40
ršė	40
clo	40
mof	40
aff	40
nla	40
uet	40
uzk	40
vią	40
tze	40
dsi	39
ičą	39
uic	39
kuž	39
gšu	39
bbs	39
ucc	39
ūzė	39
rca	39
iou	39
rms	39
daz	39
igč	39
ižt	39
eud	39
ilz	39
ibę	39
ohi	39
uff	39
lra	39
žln	39
djp	38
cių	38
šuv	38
kšu	38
epf	38
lca	38
eav	38
ūve	38
lzh	38
aem	38
jič	38
dno	38
doč	38
nju	38
chs	38
įmi	38
rnt	38
fib	38
bug	38
tžo	38
adz	38
bah	38
anl	38
jol	38
klt	38
hhh	38
unū	37
ąžo	37
zee	37
ačo	37
dhe	37
ejį	37
epą	37
vsi	37
bdi	37
jop	37
įdr	37
zza	37
orū	37
mlr	37
ėtę	37
rėš	37
zua	37
iču	37
udį	37
sfa	37
buz	37
rza	37
ldv	37
mūv	37
įpj	37
cul	37
lez	37
aųi	37
aam	37
tiū	37
ažm	37
znį	36
ožę	36
čni	36
juz	36
dųj	36
dko	36
izū	36
zūn	36
lkį	36
jio	36
tnu	36
upų	36
vaf	36
ušd	36
mpb	36
pbe	36
nsė	36
izų	36
džk	36
šsl	36
upc	36
teh	36
gvu	36
dta	36
onm	36
umn	36
rrė	36
ndb	36
luš	36
sač	36
ouš	36
ežč	36
zge	36
ėls	36
dųi	36
bif	36
iit	36
mcg	36
vun	36
pmu	36
ngh	36
ozd	36
dež	36
uzr	36
pju	36
lfų	35
nąd	35
hiš	35
ahh	35
gmu	35
egų	35
rlį	35
rūj	35
omn	35
utk	35
gee	35
bue	35
okč	35
lšė	35
emm	35
olj	35
igz	35
rča	35
oik	35
tfe	35
chų	35
ėke	35
lfe	35
pho	35
nth	35
reu	35
iij	35
tde	35
šev	35
ktž	35
ktn	35
sop	35
uia	35
žsk	35
lng	35
fbi	34
ėžį	34
sėn	34
kao	34
ičn	34
vką	34
umh	34
iah	34
huc	34
lsį	34
oiz	34
mžė	34
ėžk	34
cru	34
nčą	34
įkė	34
zib	34
dza	34
geč	34
šud	34
stk	34
muc	34
ldm	34
pūž	34
ūžė	34
dlo	34
tča	34
giz	34
ėgr	34
uak	34
zne	34
ūso	34
oub	34
lęš	34
daš	34
noo	34
ghe	34
veb	34
zūr	34
eįj	34
guv	34
unh	34
sųj	34
ūdr	34
gso	34
inh	34
žšo	34
ršl	34
sūd	34
lnk	34
orč	34
kln	34
ėnį	33
gnų	33
ldf	33
oad	33
šbe	33
cea	33
noš	33
uzę	33
lji	33
fou	33
rlę	33
ppl	33
moi	33
lpų	33
šip	33
zof	33
ndh	33
ilh	33
ntm	33
ęsč	33
dūd	33
ūgo	33
ėnė	33
ptr	33
rjū	33
žse	33
zko	33
upą	33
pdi	33
įtv	33
eom	33
moh	33
pue	33
usc	33
dud	33
ūūū	33
ehi	33
tza	33
aiė	33
bto	33
huh	32
būm	32
žlį	32
rph	32
sao	32
mhi	32
šrą	32
mni	32
įjo	32
tsą	32
lsp	32
mėč	32
gbu	32
pao	32
obų	32
pūv	32
čla	32
kae	32
ūpd	32
enm	32
kez	32
ūzą	32
hst	32
šža	32
ntj	32
ugg	32
žėk	32
ūbi	32
duc	32
voš	32
cec	32
pou	32
ksv	32
orž	32
fem	32
ppi	32
hub	32
fag	32
lkr	32
sss	32
tls	32
boh	32
ęsd	32
įsu	32
eum	32
ėzų	31
dfa	31
užų	31
oct	31
gga	31
muč	31
hra	31
gou	31
ogb	31
gde	31
boz	31
zaj	31
zte	31
gzd	31
glą	31
vou	31
mūn	31
oes	31
knė	31
ežb	31
nre	31
afų	31
sūm	31
šfo	31
ždo	31
osj	31
hac	31
įtū	31
evs	31
acu	31
ūkč	31
nsm	31
fec	31
arh	31
ues	31
kūl	31
ošn	31
olš	31
lci	31
aąs	31
kšę	30
trr	30
ših	30
ątu	30
šnį	30
agį	30
etc	30
pfa	30
ctu	30
tnė	30
šap	30
dgė	30
zuv	30
iea	30
hah	30
idt	30
įna	30
cko	30
tkū	30
esh	30
zme	30
ruž	30
ppa	30
tūž	30
ksh	30
rtd	30
iūb	30
emš	30
osb	30
nže	30
ioa	30
kiz	30
cri	30
žev	30
tpj	30
pūl	30
iip	30
ręš	30
gšų	29
omį	29
ugm	29
lnū	29
pič	29
ąža	29
šag	29
ebč	29
rįj	29
ūmą	29
adn	29
juš	29
avj	29
šče	29
hez	29
ndt	29
ivj	29
zoi	29
tež	29
azn	29
ipš	29
bšu	29
oco	29
sre	29
cte	29
bėc	29
cėl	29
imh	29
mho	29
eih	29
ūpt	29
rjo	29
mfu	29
ėną	29
įbė	29
čus	29
khe	29
rgv	29
ūzo	29
bii	29
bap	29
hep	29
oob	29
sįj	29
ūps	29
elj	29
cur	29
flu	29
loa	29
ibt	29
kll	29
maą	29
pii	29
ėbį	28
rfų	28
heu	28
edh	28
žūv	28
jea	28
orz	28
goa	28
vju	28
vrą	28
rlų	28
ozą	28
lao	28
rdg	28
ieu	28
žof	28
efą	28
rsį	28
čmo	28
job	28
šjo	28
ėcė	28
ufr	28
blū	28
plt	28
sūp	28
aon	28
mbū	28
rkh	28
įja	28
vuč	28
nbr	28
asj	28
gha	28
ioč	28
rėp	28
žig	28
lša	28
kja	28
sls	28
ošd	28
rln	28
žsl	28
ltl	28
dld	28
ahz	27
chj	27
čol	27
sae	27
mmi	27
švė	27
sną	27
ūdę	27
aac	27
šlę	27
asų	27
kšo	27
lhe	27
epc	27
nįj	27
čad	27
gfi	27
jaą	27
mšo	27
ouc	27
gši	27
kho	27
asf	27
vną	27
kųj	27
ššl	27
vua	27
vėn	27
gbi	27
uca	27
uct	27
nho	27
įšv	27
egm	27
jad	27
žlė	27
ifū	27
iėk	27
oam	27
ęžk	27
uie	27
čeč	27
mėd	27
fud	27
lsl	27
psč	27
iės	27
hze	26
kąn	26
ąno	26
šųj	26
gnę	26
sbį	26
glū	26
rbį	26
knų	26
nša	26
ača	26
gev	26
lju	26
hoh	26
odf	26
žuč	26
enž	26
vsa	26
ioc	26
ėgč	26
joo	26
ičm	26
muž	26
mbt	26
tgo	26
čep	26
orh	26
okh	26
rgh	26
giū	26
akk	26
mko	26
zmų	26
ržk	26
tšl	26
dfo	26
llk	26
nbi	26
odl	26
anį	26
epd	26
zėm	26
šėr	26
pnė	26
uiv	26
deh	26
ėpd	26
iūž	26
rze	26
rho	26
asū	26
ėsd	26
fam	26
icu	26
eha	26
spn	25
gšą	25
ėką	25
šua	25
ghl	25
peo	25
ivs	25
įgė	25
sje	25
lsh	25
eųi	25
oef	25
ipm	25
ūgė	25
gmė	25
įam	25
mnu	25
msų	25
oos	25
meh	25
opų	25
žsn	25
iph	25
tią	25
žgo	25
eho	25
ddl	25
osų	25
nzū	25
aol	25
lzu	25
ipč	25
zvi	25
eca	25
nšo	25
amv	25
jiu	25
kka	25
mpf	25
čit	25
euk	25
nfu	25
lič	25
mab	25
tpu	25
akf	25
lmp	25
omf	25
pšn	25
edz	25
lrt	25
žūd	25
cef	25
ežv	25
roe	25
muj	25
clj	25
rgd	25
mši	25
rlt	25
mgm	24
cnn	24
fln	24
hje	24
tąm	24
loh	24
ūgę	24
tlą	24
ūbo	24
nbė	24
zhe	24
čun	24
tah	24
doe	24
pkę	24
pku	24
dke	24
ngį	24
scu	24
pme	24
pkė	24
oiė	24
iho	24
aųn	24
ofs	24
kbe	24
iic	24
ldn	24
olc	24
faj	24
ųmo	24
gho	24
ezą	24
jaf	24
užh	24
žhi	24
zep	24
edf	24
fūn	24
naa	24
rbš	24
emū	24
euf	24
žne	24
rbr	24
uzg	24
ečė	24
čėn	24
gge	24
rpū	24
umm	24
suu	24
kšd	24
dūk	24
epū	24
zgo	24
tūt	24
zki	24
uzb	24
nlj	24
tgr	24
tįs	24
nlm	24
ufc	23
thj	23
ožų	23
dną	23
ūkų	23
sji	23
ūgų	23
ąme	23
ašb	23
čou	23
abc	23
hup	23
nžo	23
esū	23
žųj	23
dfr	23
izt	23
tūb	23
ugč	23
uaz	23
būz	23
kėr	23
cut	23
mfe	23
ndm	23
ešf	23
ikh	23
imū	23
snų	23
vąs	23
rtk	23
baų	23
sec	23
dki	23
idg	23
chė	23
ūgs	23
bšt	23
dsą	23
huk	23
lją	23
skū	23
iūp	23
keš	23
joč	23
asb	23
iių	23
štl	23
lšn	23
kea	23
oal	23
lšb	23
ūvu	23
ėba	23
onč	23
saą	23
gug	23
uas	23
tii	23
cli	23
euz	23
nls	23
nma	23
ičt	22
čtr	22
fps	22
rzą	22
shh	22
gšę	22
ūbą	22
ssk	22
zbe	22
izv	22
avį	22
afn	22
ėlg	22
azv	22
rdz	22
ūsč	22
odm	22
clu	22
uej	22
ūpk	22
hne	22
mcc	22
čui	22
pūr	22
tzu	22
fez	22
bbe	22
paū	22
unb	22
mbs	22
lzi	22
lur	22
utn	22
npa	22
fūs	22
hmo	22
tji	22
emv	22
afj	22
kju	22
ogv	22
psą	22
ešg	22
nču	22
vru	22
cob	22
ąve	22
ūin	22
aet	22
tūl	22
llų	22
jem	22
uat	22
elš	22
ldę	22
pdė	22
zig	22
udl	22
vaų	22
ųia	22
hrz	21
ząk	21
ąki	21
kgb	21
pfi	21
iiz	21
msū	21
gvą	21
icl	21
lmę	21
čku	21
zzi	21
fne	21
ūzę	21
upg	21
pią	21
afė	21
ąžų	21
azz	21
odč	21
dčl	21
mvu	21
oah	21
gsh	21
taa	21
lža	21
mzt	21
dsb	21
ėkd	21
kūz	21
pvė	21
rąš	21
žmū	21
lgš	21
emz	21
huf	21
meb	21
ršą	21
igb	21
ozt	21
žvo	21
eft	21
cic	21
gop	21
scr	21
fog	21
vėč	21
deu	21
vno	21
dof	21
fti	21
zsa	21
ežl	21
uuo	21
due	21
toz	21
agg	21
ųiu	21
obk	21
egn	21
įbe	21
dpa	21
nše	21
utū	21
rpę	21
trę	21
rdl	21
ųju	21
heh	20
mcl	20
dca	20
guc	20
goh	20
zku	20
azr	20
neų	20
ūzd	20
tbū	20
rkį	20
ėgm	20
zaa	20
ąsų	20
oča	20
eeb	20
lmv	20
hec	20
gėb	20
ašj	20
ičė	20
ivę	20
gož	20
vka	20
mgr	20
ėpč	20
ižn	20
khi	20
ghi	20
ngj	20
mce	20
lėv	20
utč	20
eun	20
ggl	20
ifš	20
rpų	20
cuz	20
voz	20
btą	20
įko	20
hev	20
oia	20
ulž	20
eug	20
kbu	20
pkū	20
ūzg	20
rgį	20
pgu	20
ėii	20
gmo	20
pez	20
lpę	20
čti	20
ufu	20
oas	20
zgr	20
cun	20
kaa	20
loe	20
žih	20
atz	20
zoc	20
kvu	20
oau	20
ggi	20
įge	20
haz	20
skt	20
uum	20
llm	20
įpl	20
poo	20
žlo	20
spę	20
ldc	19
rzė	19
nčų	19
ėdį	19
zou	19
ueg	19
žnį	19
stc	19
bua	19
vaa	19
ldl	19
hoj	19
žūn	19
auu	19
lco	19
frė	19
ekg	19
kba	19
jec	19
žpū	19
stg	19
caf	19
nbc	19
cve	19
stn	19
zao	19
ašį	19
cna	19
lož	19
ėlk	19
okm	19
ųio	19
učo	19
fsą	19
icv	19
bvi	19
ąse	19
slm	19
ūkv	19
šoš	19
utp	19
ežo	19
ūze	19
ibb	19
icc	19
žši	19
hii	19
rfl	19
sog	19
ljė	19
olr	19
nsc	19
viū	19
utz	19
paų	19
tae	19
slį	19
žūk	19
ąpa	19
hač	19
piū	19
šsė	19
msč	19
agv	19
bll	19
kls	19
žeg	19
ežę	19
nsb	19
auv	19
įrė	19
ažl	19
ucr	18
npe	18
ovį	18
tco	18
ezz	18
ržų	18
lrd	18
zzl	18
ūsn	18
ūrk	18
kga	18
lzn	18
cku	18
ožu	18
duv	18
lbę	18
zlu	18
miž	18
npi	18
rdū	18
cgr	18
eos	18
baš	18
rmt	18
aed	18
ezb	18
hti	18
ėzd	18
žnė	18
ksb	18
ųsč	18
kūm	18
urc	18
šib	18
ušm	18
vūl	18
ldz	18
aot	18
sja	18
nčl	18
uem	18
uzl	18
zlė	18
šii	18
vec	18
tči	18
sah	18
tža	18
ošč	18
jūd	18
ūrl	18
onš	18
vki	18
žėr	18
įse	18
ufl	18
pmi	18
aan	18
iaa	18
acl	18
crt	17
kdk	17
frą	17
hbo	17
ūji	17
įjū	17
lpm	17
mtl	17
tpū	17
ūlą	17
hnn	17
ohh	17
ūjį	17
hli	17
etz	17
llc	17
ijį	17
npu	17
tzi	17
uee	17
dčk	17
čos	17
ecn	17
eov	17
brį	17
dvu	17
šrė	17
ožą	17
fšt	17
moa	17
ėšo	17
hėj	17
ziz	17
egd	17
amr	17
dee	17
ikb	17
ltk	17
vne	17
lžt	17
ltn	17
lsb	17
rlk	17
ežn	17
pif	17
dah	17
kfe	17
jąs	17
ūgu	17
nzė	17
ržd	17
oei	17
ujį	17
otm	17
eij	17
ztr	17
šof	17
nlu	17
ikj	17
okv	17
šgu	17
šug	17
vre	17
įfo	17
fum	17
aij	17
ngb	17
lha	17
ežū	17
cca	17
čev	17
čjo	17
eiė	17
zle	17
tįj	17
lml	17
gls	17
nsv	17
ėll	17
dju	17
ojl	17
vln	17
mnž	16
oua	16
avū	16
nvj	16
kšų	16
ūtb	16
rdk	16
egč	16
ežį	16
dšo	16
ršį	16
ėlą	16
pss	16
hns	16
djū	16
ooz	16
edn	16
joa	16
kūč	16
lho	16
voo	16
rzl	16
ifų	16
ėgį	16
šsv	16
ėdm	16
mbį	16
ūgą	16
dož	16
ths	16
pev	16
nzu	16
udn	16
vkt	16
boe	16
gep	16
agh	16
ktg	16
lld	16
egį	16
kėg	16
ūžį	16
coh	16
šiv	16
ožo	16
eul	16
boa	16
kug	16
aąj	16
hoe	16
jaz	16
mpš	16
kaf	16
kbo	16
rzu	16
ėbs	16
etp	16
kuu	16
žtė	16
ušn	16
itf	16
epj	16
uzz	16
ūpu	16
itb	16
lbč	16
iėt	16
rnb	16
lšr	16
fug	16
lšš	16
ųja	16
upp	16
žgu	16
ųji	16
ėjį	15
mkv	15
ahn	15
zun	15
ėdk	15
uam	15
jit	15
mjo	15
bef	15
zho	15
icų	15
ifė	15
zug	15
hoz	15
rmg	15
urh	15
jej	15
nšl	15
lsm	15
ogč	15
tvį	15
slj	15
unš	15
umę	15
frį	15
asz	15
lmb	15
jed	15
rlm	15
gėn	15
kif	15
aas	15
opn	15
avk	15
atd	15
iūz	15
rfr	15
ąjo	15
ūže	15
paf	15
mck	15
zip	15
tsc	15
gii	15
ckl	15
lrj	15
abn	15
evč	15
ipf	15
aču	15
nžu	15
dde	15
rsh	15
udd	15
ghu	15
npo	15
jlm	15
aaš	15
dlm	15
htu	15
ūvę	15
uzp	15
kėi	15
nlų	15
aeg	15
ezt	15
ngn	15
ppo	15
uče	15
ačk	15
įpū	15
poš	15
usf	15
nof	15
jės	15
goe	15
žgn	15
įji	15
aal	15
unl	15
įša	15
lmt	15
ssu	15
mzl	15
kke	15
tfi	15
eok	15
aoz	14
izb	14
ckį	14
ūpą	14
dzu	14
edš	14
gup	14
abj	14
ibį	14
ezę	14
ąrė	14
žno	14
ehn	14
msp	14
omž	14
lph	14
epč	14
esg	14
šao	14
dač	14
mao	14
ckb	14
tts	14
ūlę	14
isį	14
lnį	14
tfa	14
bbo	14
occ	14
lzr	14
tuf	14
ntz	14
pšm	14
gfo	14
coj	14
oag	14
acr	14
pfr	14
duz	14
ivū	14
aat	14
adį	14
dji	14
hmi	14
vob	14
tėi	14
lze	14
šėš	14
pee	14
oav	14
užū	14
žmė	14
puc	14
koa	14
čką	14
lkn	14
eio	14
adk	14
šej	14
šlm	14
nža	14
aią	14
zut	14
sgr	14
lkd	14
mėž	14
pūč	14
uzn	14
rlj	14
omk	14
nln	14
lče	14
cab	14
map	14
ūšk	14
ndū	14
maa	14
leh	14
dln	14
vop	14
ūbr	14
azū	14
glm	14
hue	14
rgz	14
klm	14
mla	14
čja	14
kdh	13
mną	13
fju	13
zgą	13
zue	13
gšo	13
nmi	13
tth	13
ucl	13
tfu	13
žub	13
ezr	13
sst	13
tzd	13
rdc	13
dco	13
bųj	13
mža	13
elū	13
bėn	13
jle	13
tbl	13
beo	13
eją	13
ecr	13
bha	13
jof	13
tzv	13
čag	13
uad	13
soi	13
rtš	13
stf	13
lūb	13
daė	13
vue	13
ožl	13
dša	13
adh	13
kmū	13
gsl	13
ckh	13
ėbr	13
čma	13
mšę	13
dnu	13
gėk	13
įlū	13
onž	13
puf	13
neh	13
įžn	13
boc	13
izk	13
žez	13
msn	13
rml	13
ioi	13
ptm	13
bdu	13
lns	13
tmė	13
oic	13
bof	13
aek	13
ijš	13
pšl	13
ąta	13
laą	13
nsd	13
mož	13
ūgt	13
čne	13
žkū	13
trį	13
akh	13
čeb	13
zba	13
sih	13
lgr	13
žiš	13
ošl	13
ūsd	13
ūgl	13
oio	13
cum	13
nsh	13
pmė	13
ąga	13
zok	13
daą	13
gūb	13
lpr	13
koc	13
šįs	12
bdį	12
fub	12
mtv	12
ičų	12
nrį	12
ižį	12
ukh	12
šną	12
dnų	12
žpo	12
rfį	12
ulz	12
dąs	12
įdū	12
epm	12
cta	12
ačą	12
gof	12
ršs	12
psų	12
mdę	12
gji	12
čov	12
ovū	12
cką	12
ebą	12
paį	12
aįv	12
zbi	12
flū	12
rkm	12
fha	12
rlb	12
ekk	12
tlt	12
kdę	12
ogg	12
seč	12
įno	12
tfr	12
knį	12
adč	12
szt	12
tsų	12
blt	12
džų	12
rdn	12
člo	12
orj	12
stp	12
cma	12
prą	12
kfu	12
llp	12
cib	12
čaz	12
uez	12
fll	12
ozm	12
tdo	12
inm	12
ohl	12
ijū	12
dbo	12
juč	12
ttu	12
jųs	12
fuz	12
zaž	12
ėiė	12
anm	12
ejū	12
tlm	12
otj	12
idp	12
ąnd	12
rsb	12
rtj	12
lts	12
trl	12
hiz	12
šlū	12
mfr	12
dsu	12
euv	12
gsą	12
ėėė	12
ššu	12
čam	12
vči	12
lčj	12
nėi	12
įau	12
zej	12
žgl	12
oer	12
muf	12
ntž	12
vlr	12
luz	12
kuj	12
avs	12
pji	12
oče	12
iaą	12
ųjo	12
čžv	11
čoi	11
aaz	11
abh	11
iąk	11
kht	11
ahų	11
įjų	11
ooc	11
džp	11
nož	11
ulh	11
mzė	11
dlį	11
sgo	11
ghn	11
vif	11
htų	11
ūlų	11
iiž	11
pfu	11
egb	11
ždū	11
khu	11
žua	11
moe	11
ėkv	11
živ	11
apc	11
ėvį	11
cub	11
mri	11
odš	11
kko	11
žūč	11
abk	11
onh	11
pua	11
ezm	11
oph	11
učm	11
zub	11
šrų	11
bne	11
cak	11
bbl	11
zbo	11
ubb	11
kąp	11
ofų	11
šnė	11
lnf	11
čli	11
cop	11
puz	11
mlj	11
ekb	11
ėjl	11
nlį	11
rfą	11
ipc	11
brų	11
lfš	11
egž	11
mžt	11
įsū	11
šsr	11
isf	11
oiį	11
būž	11
maų	11
člu	11
zlj	11
nae	11
ilc	11
fje	11
ioe	11
sob	11
ltm	11
mro	11
osg	11
įšl	11
ūng	11
llz	11
cbu	11
lzė	11
fme	11
zla	11
rpč	11
ižk	11
šeč	11
uec	11
rėi	11
zag	11
ląj	11
uap	11
šci	11
alh	11
lčs	11
atč	11
kėb	11
įri	11
lrk	11
dsm	11
lvl	11
šub	11
unj	11
įel	11
ąvi	11
ktš	11
saz	11
gūl	11
ktl	11
ižl	11
mls	11
lbd	11
člų	11
ažb	11
knu	11
ūud	11
raą	11
oar	11
nkk	11
šaj	11
ėšd	11
kmo	11
beč	11
sll	11
ėtl	11
ssp	11
upč	11
čsi	11
kvę	10
žkų	10
įją	10
žaš	10
mcv	10
imj	10
skš	10
inū	10
ūtp	10
tpė	10
glj	10
gvų	10
rrt	10
aūm	10
etb	10
mih	10
otū	10
ūju	10
amc	10
pef	10
eėd	10
žlę	10
gsb	10
eev	10
npj	10
gdu	10
ecl	10
kgr	10
dje	10
šuf	10
ufh	10
tlį	10
uvn	10
vll	10
otf	10
chh	10
rją	10
rmę	10
dūš	10
coa	10
rpg	10
isš	10
rdš	10
ūrm	10
ouf	10
utg	10
fad	10
ocm	10
ndš	10
dvą	10
nkf	10
tzh	10
slš	10
doš	10
blą	10
mūk	10
okf	10
mra	10
odb	10
fjo	10
eča	10
cav	10
rdm	10
ivr	10
žrū	10
šąj	10
itš	10
jėr	10
oib	10
įie	10
tsn	10
ekū	10
bka	10
ačl	10
lnv	10
mga	10
lcu	10
lcb	10
ecu	10
cac	10
amč	10
teč	10
ąša	10
fuk	10
rnf	10
ilš	10
vld	10
ekh	10
okn	10
igv	10
zpa	10
klr	10
eem	10
eef	10
šžv	10
įpe	10
avn	10
uvr	10
esš	10
iųl	10
ujė	10
nlk	10
iūi	10
nšu	10
umz	10
uič	10
moš	10
mmo	10
tžm	10
liž	10
švo	10
rdr	10
uoc	10
mca	10
esr	10
ėro	10
ogz	10
agę	10
špo	10
tlp	10
uml	10
išf	10
gaą	10
teu	10
ūlv	10
elc	10
lth	10
šln	10
gln	10
aab	10
tvu	10
lkc	9
tmę	9
tnų	9
zmū	9
ncį	9
nzh	9
ccl	9
hda	9
jep	9
tvą	9
zdę	9
siį	9
jsi	9
ajs	9
ėgū	9
tšą	9
cvą	9
sdė	9
ąšo	9
ežų	9
žbū	9
cgo	9
ckt	9
cag	9
vėz	9
lrv	9
ėkę	9
rmį	9
įję	9
sėb	9
lžk	9
tjū	9
joc	9
nct	9
coi	9
rzv	9
oeu	9
ckn	9
otd	9
usū	9
dvl	9
ggs	9
lča	9
ebb	9
jeh	9
včl	9
ėsę	9
išū	9
ėtč	9
pšk	9
mdu	9
mtr	9
rgj	9
gje	9
plį	9
jįj	9
ršd	9
tbr	9
lšž	9
raų	9
aųa	9
mūj	9
kch	9
įsę	9
čkė	9
žlū	9
avd	9
ėbl	9
ėtv	9
ėkč	9
usz	9
žej	9
tču	9
žūr	9
tno	9
eub	9
jėt	9
tėš	9
rčn	9
ubę	9
nbl	9
keg	9
įlė	9
baf	9
rgč	9
štg	9
cua	9
gaf	9
ėbi	9
žkė	9
ršg	9
čje	9
nčs	9
opę	9
gaa	9
pge	9
euo	9
ptė	9
rtz	9
lžė	9
ief	9
ekj	9
lūt	9
rnl	9
apz	9
slr	9
mėz	9
gūg	9
švl	9
anp	9
tėb	9
klb	9
gzu	9
lpd	9
eez	9
ečl	9
slk	9
sth	9
nuū	9
uūu	9
itj	9
zvo	9
plr	9
aad	9
iae	9
tgu	9
haf	9
utm	9
ihe	9
aūg	9
diž	9
llj	9
ifm	9
sdl	9
dsk	9
ovl	9
ndv	9
ėbė	9
umč	9
ngk	9
daa	9
chv	9
ojp	8
jpa	8
ąšų	8
jfk	8
thd	8
mtę	8
cct	8
ctv	8
ftų	8
ibm	8
bns	8
ičį	8
nvn	8
seh	8
srų	8
lzą	8
rčą	8
ooj	8
udk	8
ffs	8
ūsą	8
tnū	8
tda	8
jto	8
psl	8
msf	8
rjį	8
mtk	8
soh	8
esz	8
ūše	8
zuc	8
vče	8
eįė	8
kgi	8
dho	8
diū	8
ueb	8
jao	8
mūt	8
joi	8
glę	8
oeb	8
ehm	8
aūž	8
zna	8
bop	8
umr	8
kgl	8
tšū	8
lua	8
csi	8
oof	8
egg	8
udg	8
sūt	8
bci	8
ržę	8
chc	8
fue	8
žjū	8
ldh	8
ofl	8
ahą	8
ūdg	8
zpu	8
otg	8
cae	8
piv	8
aiį	8
oaz	8
mžl	8
čim	8
ūšė	8
amę	8
chb	8
oič	8
oov	8
tųa	8
ųam	8
gec	8
ceu	8
soo	8
pža	8
sąk	8
šbi	8
iir	8
kbr	8
bup	8
acė	8
rjų	8
aht	8
ūkd	8
opm	8
ncė	8
žop	8
jir	8
kąž	8
ksį	8
ėža	8
laa	8
puj	8
dbu	8
mmh	8
bae	8
iią	8
lčt	8
ugk	8
dėg	8
soa	8
ccu	8
luv	8
nss	8
škn	8
pln	8
rpž	8
jab	8
otš	8
hoc	8
unv	8
otč	8
žah	8
fif	8
ngš	8
ūnt	8
oaj	8
uag	8
čiz	8
keh	8
vaą	8
ilr	8
igį	8
olč	8
ltz	8
ųjū	8
hej	8
usš	8
sši	8
osd	8
ęžd	8
tbi	8
etf	8
tsr	8
mpč	8
cim	8
įsd	8
slp	8
ųpa	8
ozn	8
kjį	8
nhi	8
ėjū	8
veū	8
uųs	8
ižų	7
fiv	7
iįj	7
egf	7
htl	7
jsk	7
szo	7
mld	7
hsc	7
rgm	7
mnų	7
ivk	7
lžd	7
vlp	7
rcr	7
čoj	7
hpo	7
fja	7
būū	7
ibš	7
mee	7
ečo	7
suh	7
ėrą	7
hif	7
lžo	7
čop	7
oią	7
fsb	7
hną	7
ooi	7
doh	7
tąn	7
dčt	7
vup	7
tzo	7
kgo	7
muh	7
ebų	7
ąsį	7
djo	7
mūū	7
udh	7
amj	7
čec	7
eės	7
gsv	7
pch	7
evę	7
rčk	7
šnę	7
unp	7
ąsl	7
eię	7
nją	7
ljų	7
aės	7
mke	7
įtė	7
omš	7
tmū	7
sfu	7
žšą	7
fft	7
rng	7
elh	7
krt	7
uhl	7
dto	7
irr	7
uaa	7
nšą	7
ufj	7
ezk	7
ejm	7
įzo	7
opf	7
ahl	7
ikp	7
ghh	7
tjė	7
vja	7
tsh	7
ohm	7
nčk	7
bni	7
obd	7
įgn	7
pah	7
mph	7
blę	7
gič	7
hru	7
zgl	7
cės	7
gfe	7
ipį	7
zgę	7
klš	7
lzm	7
bčk	7
ffl	7
zvč	7
včr	7
rčj	7
tčs	7
kfo	7
čės	7
vug	7
mžo	7
žėč	7
mėi	7
jaž	7
igf	7
gfr	7
gae	7
ižą	7
ėbu	7
doa	7
llb	7
pzi	7
bšč	7
haa	7
noh	7
toh	7
pže	7
tzą	7
lre	7
lbl	7
gbo	7
lae	7
ješ	7
klj	7
vlm	7
ugį	7
ldš	7
eįb	7
ųti	7
čib	7
cce	7
sld	7
dlj	7
cee	7
tml	7
mže	7
shm	7
ofš	7
fšo	7
ąma	7
uuk	7
zdr	7
lkž	7
dbl	7
iiė	7
ęšt	7
fuj	7
dls	7
skj	7
maū	7
ižū	7
žgė	7
sdr	7
žsė	7
čef	7
čal	7
agb	7
udb	7
gzk	7
lšo	7
zop	7
opj	7
gtl	7
džd	7
gpi	7
ctr	7
blr	7
bna	7
rpš	7
lrš	7
slb	7
ptl	7
gka	7
iųp	7
prs	7
oiš	7
zzo	7
uav	7
mci	7
imc	7
rnh	7
žbe	7
huu	7
aąv	7
osr	7
kpa	7
eiu	7
lėi	7
krl	7
eaš	7
mčt	7
zdū	6
žtį	6
fsh	6
čum	6
gja	6
efg	6
thp	6
mfį	6
ėzą	6
kfc	6
išį	6
nbą	6
jvc	6
faa	6
dzų	6
svį	6
gdą	6
bbc	6
mkm	6
očį	6
nėz	6
dhd	6
ėze	6
ėmų	6
zkn	6
drę	6
mza	6
cok	6
vėb	6
mif	6
rcą	6
mšų	6
eūi	6
mja	6
mcf	6
eėj	6
jeu	6
buu	6
jeb	6
isz	6
lpl	6
vnu	6
ebj	6
ėkį	6
aių	6
žtę	6
oaa	6
olz	6
odd	6
rzę	6
phr	6
prš	6
hch	6
mcr	6
ąlu	6
ūbe	6
zaf	6
tūj	6
uiė	6
ūtl	6
ėie	6
žgę	6
acj	6
gač	6
gdr	6
vjė	6
ėpį	6
feu	6
cts	6
btr	6
edb	6
dlė	6
iūj	6
vėš	6
nsj	6
šsm	6
gba	6
dzę	6
fės	6
acą	6
niž	6
ndg	6
jėė	6
ėbk	6
cud	6
kūg	6
rdh	6
ojš	6
ršf	6
kšc	6
cvi	6
čci	6
eej	6
ecc	6
cod	6
iiū	6
opč	6
tčv	6
još	6
fič	6
ehr	6
dčj	6
ūžk	6
ltv	6
skm	6
iąv	6
pūz	6
uio	6
pfe	6
rcl	6
žlų	6
fim	6
lmm	6
cuo	6
džį	6
ždą	6
amk	6
hts	6
rsę	6
dšt	6
onb	6
tll	6
įše	6
ebd	6
otc	6
efn	6
pug	6
pūš	6
geh	6
šja	6
tvl	6
ažt	6
krš	6
llė	6
sąš	6
lžg	6
bži	6
kžv	6
jig	6
lru	6
kją	6
ssr	6
dlk	6
žob	6
lnc	6
lrm	6
ggo	6
zbu	6
nsū	6
trd	6
ufą	6
osę	6
ozb	6
brl	6
unę	6
škt	6
mve	6
vee	6
ęžė	6
cva	6
učl	6
ngp	6
zri	6
kūp	6
olū	6
rsn	6
ziv	6
rjė	6
ugž	6
irf	6
dši	6
slt	6
slv	6
lgl	6
žii	6
ujū	6
sųp	6
ųpr	6
iee	6
huj	6
gąz	6
ązd	6
rhi	6
zkr	6
ožg	6
llf	6
rnk	6
sln	6
tbe	6
eiį	6
ktd	6
tdž	6
emč	6
mež	6
aėd	6
ppr	6
zno	6
eję	6
ocu	6
lsč	6
nih	6
ūdm	6
ztv	6
tšu	6
ubč	6
stč	6
ntš	6
čte	6
mfą	5
dių	5
očo	5
dnę	5
fją	5
mzį	5
skč	5
būb	5
ūbū	5
ljč	5
mdą	5
vrm	5
nsč	5
ezį	5
uję	5
czv	5
cge	5
thc	5
aoc	5
čii	5
ndp	5
mrt	5
fdr	5
ftš	5
ūmk	5
mbk	5
vpo	5
ačė	5
zog	5
šūž	5
dtą	5
iėč	5
tąl	5
mkū	5
zęs	5
mms	5
kbė	5
kaū	5
aūk	5
gmą	5
rbc	5
fda	5
trs	5
psį	5
uzc	5
sks	5
dųo	5
ešį	5
tsf	5
rdj	5
skn	5
mub	5
bba	5
ūrv	5
lmg	5
ssn	5
vse	5
fka	5
jmo	5
įtą	5
ūrū	5
tčo	5
rkn	5
dbr	5
zlį	5
vsu	5
oij	5
ovj	5
ozų	5
rču	5
cue	5
goc	5
ūša	5
ioh	5
zze	5
aoš	5
thm	5
omt	5
čav	5
ngc	5
nšč	5
ccr	5
dgr	5
tnę	5
tzg	5
efė	5
ųjė	5
ūtū	5
rčo	5
džv	5
tnt	5
hūn	5
gšč	5
mkr	5
bčg	5
čji	5
nįs	5
tčl	5
uiį	5
džę	5
vrk	5
zaz	5
čič	5
ddu	5
evv	5
lčk	5
raū	5
šaa	5
llv	5
ahj	5
čač	5
cch	5
bch	5
efų	5
bsc	5
čuk	5
oiu	5
rck	5
čuo	5
acd	5
ebc	5
jae	5
chk	5
kūk	5
llū	5
ųod	5
rnš	5
asš	5
ntb	5
ėsg	5
szė	5
gah	5
uig	5
umž	5
čat	5
gic	5
pff	5
ėnę	5
oac	5
tih	5
ezų	5
ėdn	5
ožv	5
ūrt	5
prr	5
ruh	5
bųt	5
rpv	5
ujl	5
psm	5
usž	5
peb	5
tlr	5
ldį	5
lzd	5
glp	5
zgū	5
cėj	5
ijė	5
fst	5
dūl	5
ęia	5
dfi	5
ąjų	5
aūi	5
srs	5
cne	5
ued	5
jėk	5
zūk	5
lcl	5
aąš	5
rūč	5
hll	5
mšu	5
rčl	5
amg	5
avc	5
ssą	5
tce	5
odj	5
afį	5
kue	5
bši	5
hve	5
foz	5
obn	5
pof	5
zif	5
htm	5
mip	5
eob	5
ūpr	5
ūgd	5
ubn	5
gpa	5
ešū	5
ęžę	5
ikf	5
žaz	5
avt	5
rlš	5
ejl	5
lrp	5
tld	5
lsg	5
lrs	5
nąp	5
pll	5
voc	5
mib	5
utc	5
utj	5
ūja	5
gko	5
lii	5
mpd	5
fea	5
zst	5
zbl	5
upm	5
srū	5
šah	5
ovč	5
nhu	5
uuh	5
ezl	5
fūg	5
ūpč	5
asį	5
tže	5
mlš	5
glv	5
pšo	5
inp	5
rll	5
sži	5
ėiu	5
ktv	5
iid	5
ąžm	5
uūs	5
ūia	5
ėia	5
pėr	5
ucu	5
gįž	5
aąž	5
ųsį	5
žap	5
lgn	5
lūm	5
nmo	5
kųn	5
ėšę	5
zeo	5
ubk	5
rvl	5
lčl	5
iuu	5
stš	5
rčt	5
čme	5
cfa	4
nhl	4
ūčl	4
bke	4
dpl	4
snb	4
mšą	4
cpp	4
ivp	4
btn	4
nčr	4
čra	4
šrk	4
sbū	4
cbs	4
šch	4
rvj	4
zob	4
prb	4
tnį	4
ėzo	4
lžį	4
uzj	4
zja	4
dhs	4
dhg	4
oai	4
šįm	4
ocą	4
dgv	4
įžą	4
ėlų	4
ėtc	4
acs	4
lcf	4
cnb	4
pms	4
evū	4
hih	4
aųu	4
ųus	4
loė	4
dlą	4
ųim	4
šaž	4
gao	4
bše	4
azs	4
eoc	4
vdo	4
ėit	4
dlb	4
ueh	4
ehl	4
aąm	4
ncv	4
zhu	4
čuč	4
rdt	4
kge	4
uij	4
nąn	4
bss	4
kpu	4
gtū	4
psę	4
lrė	4
bvo	4
trž	4
ūts	4
ioo	4
bša	4
ažg	4
ffr	4
ršm	4
gch	4
dnį	4
rčė	4
dūg	4
ūtt	4
šhh	4
žao	4
veu	4
nlū	4
fna	4
rnū	4
puž	4
ąžk	4
vrų	4
skp	4
ęsę	4
vdž	4
ltd	4
adb	4
nlg	4
tdu	4
ėmo	4
abč	4
bčj	4
pps	4
čri	4
css	4
olp	4
tvč	4
uev	4
dtu	4
azų	4
čmi	4
vlj	4
čie	4
žėi	4
nzą	4
srį	4
kfa	4
psh	4
bšė	4
kiį	4
ckm	4
dhi	4
ūdv	4
iąž	4
tlų	4
čgu	4
guk	4
sdo	4
rfm	4
ūkū	4
edp	4
uiš	4
fef	4
agč	4
poh	4
uiu	4
rtt	4
scl	4
rpm	4
thą	4
ūzl	4
knę	4
uco	4
džn	4
rcų	4
ųme	4
ūmę	4
vlv	4
mup	4
bao	4
tąp	4
msb	4
vrė	4
plę	4
mcs	4
kji	4
fth	4
oed	4
uhe	4
ntc	4
sža	4
mcm	4
snl	4
plj	4
pjė	4
vea	4
ųei	4
keo	4
leų	4
oųk	4
auų	4
igš	4
usj	4
ssv	4
tlš	4
upn	4
jln	4
fco	4
ulr	4
švu	4
djė	4
kiė	4
mlu	4
pūp	4
ibg	4
mšė	4
thf	4
aūa	4
mef	4
euš	4
ąlo	4
ūem	4
rcn	4
uah	4
huš	4
ahū	4
jač	4
tzb	4
ėžd	4
vce	4
pdž	4
uft	4
lpį	4
gdę	4
čul	4
ksę	4
ūtr	4
umv	4
iųt	4
mku	4
rsr	4
smį	4
mch	4
rzm	4
boč	4
vni	4
šeb	4
giž	4
kfr	4
čok	4
iue	4
upš	4
euc	4
lrn	4
sčl	4
jąį	4
mlt	4
jąp	4
svl	4
tlj	4
šgl	4
ųpo	4
ėsj	4
tųp	4
ukj	4
msė	4
kjo	4
šso	4
okj	4
ibd	4
sht	4
ęja	4
dti	4
ūnč	4
gzl	4
ažę	4
mtp	4
žtl	4
bln	4
žbr	4
lfg	4
izj	4
ižm	4
dup	4
buj	4
kfi	4
egū	4
bjo	4
azp	4
taū	4
sdu	4
foi	4
tfl	4
tšt	4
įsv	4
šėi	4
rlv	4
mll	4
dlt	4
vuj	4
aiū	4
mlo	4
imr	4
pts	4
foc	4
abv	4
kič	4
vlų	4
adp	4
adg	4
ešs	4
ąda	4
uip	4
gįš	4
tąž	4
dii	4
oif	4
ubm	4
rčs	4
tzm	4
rss	4
špė	4
ižg	4
jėm	4
tąg	4
ųva	4
lūr	4
iėd	4
hvi	4
ebį	4
ztų	4
epn	4
kje	4
kąd	4
gėi	4
rūž	4
evį	4
fod	4
ūge	4
stb	4
ėtū	4
nsr	4
gmi	4
cgi	4
ųnd	4
agž	4
nąv	4
įaf	4
udš	4
cmo	4
jąm	4
iiš	4
luf	4
teį	4
kcl	4
adt	4
mkl	4
aąg	4
ęti	4
veų	4
oue	4
kčs	4
mčs	4
dėė	3
ėėl	3
otb	3
mbh	3
nlė	3
zce	3
rčų	3
ppu	3
ctb	3
ėrg	3
aųo	3
ųoj	3
ųaj	3
lvš	3
ueu	3
acų	3
cjo	3
ėię	3
dmb	3
člū	3
ehh	3
mrs	3
žrė	3
pbs	3
skb	3
duh	3
cdc	3
umg	3
ptę	3
kzl	3
hbl	3
dsę	3
oiv	3
kcu	3
ufk	3
gcn	3
lfė	3
šįt	3
mmk	3
psr	3
juh	3
nmf	3
šae	3
afm	3
ckj	3
ūrb	3
cvo	3
šūš	3
šnų	3
pcp	3
jųd	3
ųdv	3
htz	3
vmv	3
ibp	3
mkė	3
zro	3
flė	3
dss	3
acį	3
pvm	3
khs	3
hsh	3
prc	3
zeg	3
lhū	3
shą	3
kkk	3
fąv	3
ąvr	3
ūšę	3
rčc	3
nrą	3
zkv	3
gih	3
kką	3
epb	3
pbu	3
vūd	3
udč	3
fuu	3
eup	3
įrg	3
lįn	3
iiį	3
tčj	3
čle	3
čva	3
nnt	3
kčk	3
zii	3
nrė	3
nlą	3
icz	3
nčm	3
plą	3
ndf	3
uią	3
ląž	3
ššn	3
ekz	3
kze	3
vso	3
vsą	3
ghs	3
nkp	3
mhh	3
lfs	3
rcs	3
ėsį	3
bdę	3
fki	3
pnū	3
ąže	3
icd	3
cdž	3
tšj	3
šjš	3
nšp	3
ūzr	3
gdz	3
tss	3
žną	3
kjų	3
ecs	3
uea	3
ohj	3
lsū	3
ūšo	3
iųm	3
gsč	3
lgž	3
knt	3
ėjm	3
ltp	3
ftt	3
cda	3
thl	3
ąpu	3
ščl	3
žėd	3
gns	3
cso	3
hiū	3
ceh	3
kže	3
gėč	3
hki	3
sūb	3
kče	3
omd	3
ouj	3
kvj	3
blj	3
rlū	3
šjū	3
pgl	3
cmu	3
uųe	3
ųko	3
ūmū	3
ųjl	3
ječ	3
dhu	3
zci	3
epų	3
eoj	3
juc	3
ozk	3
baą	3
efc	3
mlč	3
cuc	3
bga	3
lzv	3
hfo	3
ūas	3
ęse	3
žąl	3
sbė	3
iūė	3
ūėk	3
uhh	3
zoč	3
čih	3
tcu	3
aež	3
tšš	3
lvj	3
ėvę	3
csk	3
čll	3
ahv	3
hvė	3
zėl	3
ašp	3
hoč	3
dhė	3
htn	3
gbį	3
gzą	3
žaū	3
omg	3
šėk	3
hjū	3
mžu	3
kčė	3
esf	3
ėkų	3
vvt	3
hka	3
hnu	3
jma	3
dsų	3
tąr	3
ąal	3
hso	3
ezh	3
čic	3
šlų	3
bno	3
rųk	3
tlc	3
ojt	3
jte	3
blų	3
ųla	3
cug	3
rrj	3
rru	3
lkh	3
bąj	3
tūv	3
žuj	3
otp	3
dęj	3
gži	3
šuš	3
liė	3
lfk	3
uvl	3
oįp	3
ėdl	3
sgė	3
ėml	3
ląp	3
žlą	3
šlr	3
ąpo	3
ięs	3
chę	3
ąpe	3
hlt	3
dąp	3
lzl	3
kvl	3
slg	3
gll	3
sjū	3
nkj	3
poč	3
čua	3
ūsj	3
ajn	3
cup	3
lęj	3
ęji	3
ąpr	3
tjį	3
opd	3
gez	3
tją	3
ldt	3
bož	3
šll	3
mųs	3
trp	3
pež	3
nžd	3
džg	3
eoa	3
jeo	3
cni	3
fių	3
ulš	3
lsr	3
ddo	3
tvj	3
ttą	3
flm	3
idf	3
sęk	3
žpj	3
ahr	3
avv	3
emr	3
scm	3
ąnt	3
ehu	3
hba	3
baa	3
zkl	3
škš	3
mžd	3
icė	3
tąv	3
ūžm	3
rzk	3
lkč	3
vae	3
rsf	3
lgū	3
sįk	3
nną	3
rįt	3
džm	3
kbi	3
šše	3
ndj	3
uur	3
npr	3
lck	3
tkt	3
kts	3
lįi	3
lsę	3
gsk	3
lžu	3
zzz	3
tca	3
tvr	3
mlk	3
brn	3
hco	3
gžl	3
tsd	3
ūnį	3
rlf	3
aįa	3
nnl	3
sza	3
ssb	3
mmu	3
bsk	3
mąž	3
ąli	3
tlf	3
sša	3
okb	3
omę	3
rpp	3
zžm	3
gif	3
nsg	3
blb	3
fgr	3
ądr	3
spt	3
šdo	3
ouč	3
bmi	3
adc	3
lpč	3
ųta	3
ūiu	3
gci	3
eūt	3
eūa	3
mūi	3
uūi	3
kpo	3
cbū	3
beh	3
agp	3
dėš	3
ųge	3
tųv	3
eaf	3
kįj	3
obč	3
šča	3
iif	3
ęsu	3
mlg	3
lęt	3
ržg	3
uou	3
pžė	3
llt	3
ūtj	3
ošų	3
ąjė	3
čkę	3
ūšt	3
shd	3
hėb	3
ąąą	3
ąmi	3
rpf	3
szd	3
ęsa	3
tsm	3
cls	3
tiė	3
plv	3
acg	3
lss	3
dėb	3
unz	3
sče	3
įšs	3
aag	3
kng	3
acū	3
iof	3
ųsu	3
ebn	3
tci	3
eįš	3
ssh	3
rnr	3
hnl	3
idč	3
fūr	3
tuž	3
beė	3
ejs	3
ntn	3
unž	3
šgv	3
gže	3
biv	3
lvū	3
kąv	3
poa	3
ąam	3
lšu	3
grš	3
dpo	3
kšv	3
tlę	3
idb	3
žbo	3
rlč	3
icm	3
kec	3
dgi	3
jaa	3
prt	3
mgu	3
ckr	3
tkė	3
kįt	3
ąši	3
ąto	3
žaą	3
toe	3
zld	3
sąa	3
imž	3
ėnk	3
sšl	3
gbe	3
rmš	3
tčn	3
uzf	3
zfi	3
kaų	3
aųk	3
uųi	3
suų	3
ųai	3
ųka	3
hva	3
aop	3
fši	3
šic	3
ėlj	3
ėio	3
ręn	3
ęnd	3
kčj	3
avč	3
nčj	3
sčj	3
čsu	2
čgt	2
uph	2
pčc	2
ėmą	2
bčt	2
čvu	2
fnn	2
tzė	2
ėbm	2
eoh	2
smr	2
ijm	2
jmė	2
vho	2
šlk	2
drc	2
ftp	2
dvū	2
uif	2
pšu	2
hja	2
rcš	2
cšp	2
ddt	2
sča	2
pėš	2
jpl	2
krs	2
msv	2
kpi	2
ftį	2
žlv	2
aię	2
kča	2
veį	2
ddb	2
zzc	2
zco	2
ečą	2
ųsų	2
kcr	2
šnū	2
ifk	2
tzf	2
zfl	2
kmą	2
oču	2
bzz	2
gvl	2
nčš	2
ačg	2
ppd	2
zką	2
bco	2
čea	2
okk	2
efk	2
mks	2
cuf	2
clf	2
srd	2
zsn	2
tgv	2
ksg	2
gmę	2
lrl	2
nkb	2
lrg	2
jgp	2
ocr	2
ocz	2
czą	2
ząc	2
ljį	2
msj	2
ūūs	2
vūh	2
ūhū	2
caa	2
ėbų	2
uzį	2
dcs	2
cpu	2
vev	2
dią	2
ukž	2
tkų	2
fnė	2
mze	2
lęi	2
ziū	2
šod	2
ęso	2
reą	2
iūf	2
ūfa	2
pšą	2
šjų	2
šuą	2
ašg	2
hln	2
huz	2
msl	2
cji	2
pųi	2
srš	2
tųo	2
ųol	2
lbš	2
uųš	2
rhu	2
ztą	2
bsb	2
veh	2
ūjo	2
huą	2
luu	2
rlg	2
čaj	2
kšį	2
lfh	2
fhe	2
mfl	2
gdų	2
gaū	2
zuf	2
bnd	2
ušc	2
bvp	2
kąl	2
jbj	2
mzę	2
mjė	2
ątę	2
ąšį	2
cgs	2
kms	2
ųsū	2
mgū	2
gbh	2
jėž	2
nsę	2
zmę	2
oaf	2
vpz	2
pzm	2
clė	2
cnt	2
mrl	2
lcą	2
zih	2
ihf	2
hfr	2
ūlū	2
mdg	2
bji	2
pkj	2
bbu	2
ėnl	2
bkė	2
shk	2
ūžų	2
fts	2
vūū	2
lcų	2
tąa	2
hpv	2
clc	2
nzę	2
zhv	2
zeč	2
ųkų	2
nrl	2
spf	2
žmg	2
očf	2
čfo	2
mžę	2
dvų	2
ivv	2
vvi	2
glt	2
zah	2
įšu	2
aję	2
ršb	2
vnt	2
ncų	2
žiz	2
ūnk	2
gžū	2
ntd	2
štp	2
čid	2
rsj	2
jii	2
ffm	2
dkė	2
cbm	2
žež	2
ėšu	2
oaž	2
įšū	2
ūls	2
lgk	2
gki	2
čta	2
umj	2
tsū	2
ęči	2
bsą	2
mre	2
rėę	2
ėęi	2
vte	2
ąsm	2
ofk	2
fkr	2
šdl	2
trč	2
klv	2
aev	2
ouž	2
slž	2
lže	2
člą	2
tlg	2
gąg	2
msd	2
moį	2
įšš	2
btl	2
iąa	2
nąį	2
pžd	2
ąau	2
llš	2
rjl	2
mrį	2
ovz	2
dlr	2
lrb	2
rlp	2
vlz	2
nlz	2
žlj	2
toį	2
ąge	2
vlk	2
mčl	2
ąįr	2
lmd	2
voa	2
kca	2
rąg	2
mjį	2
ęli	2
tąį	2
ešj	2
šjį	2
htf	2
kųp	2
kjū	2
ėld	2
sjį	2
sąp	2
jme	2
ųpl	2
obv	2
čez	2
iųd	2
mkj	2
trš	2
tęb	2
nbū	2
unr	2
ėtj	2
ukk	2
šfi	2
sdž	2
glš	2
sūl	2
zjo	2
kuf	2
icn	2
psc	2
grr	2
fua	2
įfi	2
pzv	2
ubį	2
ačd	2
užc	2
žce	2
kmb	2
įsą	2
čif	2
mbę	2
ęka	2
tuh	2
blm	2
jue	2
flk	2
msh	2
zpr	2
nlp	2
tsg	2
naų	2
ubd	2
pąj	2
jąg	2
vto	2
sėč	2
uzų	2
uus	2
snt	2
bva	2
vnė	2
hdo	2
vuu	2
dsh	2
tgn	2
žmm	2
ciū	2
mco	2
oou	2
sūū	2
ėiį	2
eeš	2
šks	2
akj	2
nėb	2
heč	2
rnę	2
žog	2
dja	2
vuh	2
tšk	2
muu	2
ėkj	2
hbr	2
ūtv	2
lįj	2
tdė	2
iėn	2
lff	2
trt	2
pšd	2
knl	2
šls	2
foe	2
bsė	2
čom	2
aap	2
ūvų	2
iaė	2
kfl	2
biū	2
nvė	2
uhi	2
ttų	2
raį	2
nrū	2
uču	2
lih	2
nru	2
hbe	2
šbo	2
dba	2
očą	2
hmu	2
evj	2
soe	2
rzt	2
mfų	2
tuu	2
coe	2
agš	2
ihc	2
vąd	2
nąž	2
jaį	2
hėg	2
etd	2
ekp	2
kpe	2
dds	2
shr	2
ačų	2
iėp	2
vur	2
dūi	2
slc	2
dte	2
ūam	2
pąž	2
ngg	2
suū	2
rkp	2
ckp	2
oih	2
tųg	2
oao	2
ųvi	2
nąg	2
rąv	2
sųv	2
grl	2
zll	2
ęže	2
abį	2
cpe	2
hfa	2
cfu	2
gts	2
upv	2
pgo	2
avm	2
ošį	2
uvs	2
pėp	2
zuš	2
cii	2
evp	2
rnd	2
įer	2
žmų	2
hbi	2
boš	2
kpk	2
ržč	2
rfū	2
žsm	2
bšn	2
cah	2
ūžč	2
grž	2
čah	2
ūsm	2
tūg	2
emg	2
kgv	2
ejk	2
dlu	2
kąą	2
ūsė	2
lsn	2
pdū	2
kūt	2
zpi	2
dch	2
čėk	2
gtė	2
kns	2
gąd	2
leė	2
zev	2
išh	2
šhe	2
uoa	2
sšk	2
uač	2
ūrs	2
ajb	2
kss	2
męt	2
ėis	2
miv	2
kpr	2
lųs	2
ntt	2
žaf	2
šol	2
ftė	2
pfl	2
ndd	2
mšd	2
vlu	2
dih	2
epį	2
ušg	2
įšd	2
saė	2
jąt	2
akp	2
ptb	2
mbz	2
jmą	2
iųa	2
bsų	2
jda	2
lčo	2
iųv	2
ssm	2
aoi	2
sąd	2
bls	2
lmį	2
šuc	2
ėrl	2
vlš	2
bko	2
foš	2
utf	2
aaf	2
dsė	2
ežg	2
upį	2
ūmt	2
tėp	2
ąsė	2
bih	2
sež	2
ppė	2
įje	2
seo	2
ffo	2
njė	2
mpc	2
azb	2
fči	2
guš	2
unf	2
zuj	2
cgu	2
ūch	2
šže	2
ptf	2
grd	2
zec	2
vūz	2
jąv	2
ųve	2
gef	2
tzk	2
sąt	2
ągr	2
iąd	2
prd	2
ižę	2
dsv	2
fsa	2
lžr	2
jid	2
amh	2
mhe	2
lšę	2
mbč	2
dkl	2
dsc	2
ddą	2
ųlė	2
ėsų	2
ibn	2
ovr	2
ųaf	2
frl	2
žlm	2
ątr	2
kšs	2
afs	2
vao	2
žso	2
mfm	2
ržį	2
dęl	2
eui	2
coz	2
img	2
nzį	2
abm	2
rrd	2
daų	2
osš	2
odh	2
ghb	2
rgn	2
acb	2
nii	2
afę	2
gzč	2
zči	2
ačį	2
čiš	2
ovg	2
vgo	2
ebž	2
tių	2
nuų	2
dsp	2
lnj	2
rūr	2
itp	2
očė	2
tąo	2
ąor	2
nzl	2
ssl	2
šaą	2
mąa	2
vlc	2
mlc	2
aef	2
opc	2
rųs	2
biž	2
jįt	2
iųi	2
mlū	2
ufš	2
prn	2
ksr	2
ubc	2
oig	2
sšm	2
tkš	2
mšs	2
ęjo	2
jso	2
jne	2
mšj	2
ttr	2
mbd	2
ūgp	2
nns	2
vąš	2
fcd	2
ttė	2
ąmą	2
pąn	2
kąb	2
cmi	2
rrl	2
ųau	2
ujš	2
ųli	2
ųas	2
eųa	2
sšs	2
vme	2
dųe	2
uųd	2
šųt	2
ųda	2
jji	2
ųad	2
tįt	2
įtu	2
trn	2
žkį	2
šeg	2
lįl	2
ktp	2
ltš	2
msm	2
eeh	2
užž	2
žže	2
fūū	2
iiv	2
htb	2
ooa	2
ouu	2
štm	2
ikž	2
kžu	2
gju	2
vuž	2
hiv	2
ūbt	2
kąr	2
eoi	2
ržm	2
įan	2
snh	2
ofb	2
fbu	2
isž	2
ačn	2
čju	2
včs	2
črč	2
čse	2
jčg	2
ačj	2
dčm	2
drč	2
čgi	2
uvč	2
gčd	2
omč	2
slč	2
nčt	2
člč	2
bčd	2
sčs	2
čsk	2
včm	2
čmč	2
bčs	2
iėg	2
šūg	2
čna	2
noį	2
zre	2
goz	2
eec	2
žif	1
iūū	1
iųn	1
ųnt	1
ūrg	1
ūlb	1
juu	1
ttd	1
zlę	1
fmj	1
egh	1
ogp	1
nžm	1
šūt	1
šiž	1
icb	1
dlv	1
nnd	1
sšė	1
tlb	1
peh	1
uuv	1
ęju	1
ohr	1
hrn	1
ndn	1
khm	1
sąi	1
pcu	1
ūče	1
eią	1
utd	1
ugš	1
ščt	1
tęž	1
nūm	1
gžo	1
ręč	1
trb	1
pcs	1
dįk	1
čuz	1
zlv	1
jųū	1
ųūs	1
žmr	1
soš	1
fkė	1
ėėe	1
eaz	1
tuū	1
uūr	1
bdr	1
ąžl	1
įtl	1
lžū	1
tūū	1
ėvl	1
ągl	1
pąg	1
cėc	1
vęn	1
ęnt	1
lię	1
mlų	1
tlz	1
ąaz	1
rąl	1
lzg	1
lčė	1
ąįe	1
nlš	1
ipž	1
gąa	1
voį	1
oįs	1
lpž	1
vzk	1
sgą	1
šog	1
ląg	1
cią	1
lmč	1
sgl	1
mąį	1
glr	1
iąg	1
žuf	1
vof	1
gęl	1
kąį	1
ąįm	1
žeu	1
čeu	1
fųp	1
ąįd	1
ūbs	1
mąg	1
ūrp	1
mųp	1
ųpu	1
jna	1
įjl	1
djų	1
ajm	1
nūū	1
sją	1
ląį	1
ėmm	1
vąį	1
ksj	1
mjū	1
ąįg	1
apb	1
pbl	1
sgu	1
guė	1
ąpi	1
cąp	1
rėa	1
ėaj	1
aao	1
žėb	1
oim	1
ūkj	1
hėl	1
dgs	1
btt	1
ųdę	1
ębu	1
vza	1
ieą	1
csc	1
įšė	1
lkj	1
vlg	1
žml	1
zls	1
žsč	1
tųį	1
ąjl	1
niė	1
poį	1
oįm	1
msg	1
voh	1
nėc	1
ėcl	1
clv	1
bėb	1
gąp	1
lnb	1
blc	1
įaz	1
šži	1
seš	1
sgp	1
gpt	1
zžd	1
ždz	1
kvd	1
įik	1
tmų	1
psj	1
šfa	1
heg	1
ūjė	1
szę	1
skc	1
vku	1
ncę	1
umį	1
juž	1
ehd	1
hdi	1
įvo	1
huč	1
učą	1
dfu	1
učė	1
vhi	1
dvj	1
tėė	1
ėėt	1
lpf	1
vji	1
pęm	1
ęmė	1
azį	1
gzn	1
zng	1
krę	1
oįv	1
omr	1
lft	1
vvv	1
mep	1
sgh	1
ąpn	1
rfę	1
hha	1
uaž	1
nbd	1
učį	1
vta	1
zoz	1
ocp	1
zpl	1
pkų	1
štb	1
mkų	1
jįk	1
shb	1
lčb	1
čbr	1
ncb	1
všs	1
std	1
cėm	1
gnm	1
ddd	1
bgv	1
ožn	1
jož	1
grs	1
jjp	1
jpn	1
tėg	1
gžt	1
guu	1
tdz	1
ibv	1
jnų	1
tož	1
žšv	1
chd	1
kks	1
žkb	1
ūūr	1
ceo	1
rrš	1
iih	1
fėl	1
žįš	1
nsį	1
mię	1
kiž	1
ūūn	1
nnu	1
bcc	1
ctd	1
ctc	1
dvk	1
ucj	1
cja	1
jst	1
uug	1
rįį	1
įįį	1
įįž	1
knb	1
tnč	1
viė	1
šįj	1
nuh	1
ėlč	1
ūšl	1
clz	1
krj	1
ctų	1
hsm	1
fsk	1
štž	1
cūž	1
įio	1
lšf	1
mčr	1
čre	1
sųs	1
imv	1
bzo	1
sbv	1
lfd	1
įha	1
vrt	1
gms	1
ičr	1
črl	1
boą	1
vda	1
flb	1
ijn	1
jni	1
žue	1
ovš	1
všk	1
šuu	1
ūgž	1
kąi	1
bfg	1
žnų	1
stt	1
čao	1
lūj	1
tjų	1
šėn	1
gsį	1
ąvą	1
gsd	1
skd	1
thb	1
uek	1
ėnd	1
ižš	1
ucp	1
cpa	1
frr	1
tvs	1
ssf	1
msr	1
ojj	1
bžt	1
shū	1
hūd	1
uię	1
osž	1
gūm	1
ceg	1
feb	1
iię	1
lfm	1
icf	1
cfo	1
ifs	1
įnu	1
ušs	1
asž	1
ečb	1
čbe	1
grp	1
ufė	1
fao	1
aoa	1
šžd	1
sžn	1
šėč	1
vėg	1
rųū	1
ųūp	1
reė	1
eėč	1
češ	1
nųm	1
ųmų	1
ffg	1
vąg	1
ągu	1
kcm	1
rąo	1
ąok	1
moė	1
oėk	1
lkv	1
gtb	1
jvp	1
hės	1
shn	1
naį	1
aįį	1
gaį	1
aįą	1
iaį	1
gąr	1
ąrs	1
ėgv	1
ptn	1
edj	1
aou	1
kpį	1
dcl	1
ąnk	1
vga	1
kml	1
mlh	1
jmi	1
ėce	1
šžg	1
vaū	1
dūe	1
igc	1
nck	1
aūd	1
ūad	1
ieū	1
vvs	1
tųm	1
ntč	1
ūpū	1
pdf	1
ūai	1
buū	1
luh	1
vgi	1
jių	1
neę	1
vęž	1
ęžu	1
hjo	1
tcb	1
heš	1
ušp	1
eūd	1
aūe	1
ūes	1
cmū	1
pąį	1
zoa	1
žgą	1
ėig	1
nėa	1
ėas	1
mnd	1
lzb	1
jųg	1
sąg	1
žąv	1
rlž	1
lžl	1
gūš	1
ųdi	1
nšv	1
lųa	1
ųak	1
rzų	1
sžm	1
žlr	1
švį	1
lfp	1
čej	1
ūds	1
acp	1
bhu	1
rkj	1
npd	1
chf	1
duf	1
tiį	1
iįv	1
ętą	1
tmz	1
omv	1
ūbį	1
nmu	1
uvū	1
męg	1
ęgi	1
gkr	1
vdr	1
dgl	1
dęž	1
zoe	1
nrš	1
tzl	1
nkg	1
bėi	1
rkc	1
lšį	1
tęp	1
ępę	1
gpo	1
ąpą	1
sbl	1
ggr	1
taę	1
aęv	1
ęvs	1
fūd	1
ehv	1
liį	1
ėkp	1
šgū	1
ūld	1
enū	1
tkę	1
vuš	1
gūj	1
drl	1
ūšč	1
nuu	1
ūsr	1
ihą	1
ezn	1
lzų	1
kco	1
ahb	1
hfu	1
lfl	1
dmv	1
nmk	1
adš	1
žbą	1
šmį	1
nzb	1
snc	1
lzę	1
ofd	1
fdo	1
zez	1
guę	1
uęs	1
ičs	1
ąšl	1
įšg	1
agz	1
tpo	1
džr	1
žrd	1
hūs	1
drp	1
mcš	1
cšo	1
ssž	1
būl	1
izc	1
ašš	1
nnk	1
mąz	1
ązg	1
mrk	1
nėį	1
ėįl	1
šce	1
nzm	1
ečę	1
rrb	1
ąkt	1
dfl	1
nūg	1
oių	1
dųl	1
snk	1
mtž	1
eeu	1
lhi	1
mtb	1
įšm	1
azt	1
snr	1
ažr	1
įšč	1
aįė	1
rkf	1
tęv	1
ęva	1
meu	1
krį	1
šrp	1
pųj	1
žjo	1
įęj	1
tsį	1
auį	1
sgm	1
ozv	1
zėn	1
kšū	1
cfl	1
ūčk	1
zlk	1
vįg	1
brt	1
nmą	1
jbo	1
mžį	1
dll	1
gzė	1
zėt	1
rvp	1
ętu	1
ksū	1
vrš	1
jvs	1
okp	1
duų	1
ošs	1
blg	1
rmb	1
brr	1
pgv	1
sdv	1
fnt	1
mbc	1
sml	1
įkn	1
gzs	1
ižj	1
žje	1
tpp	1
ffp	1
vds	1
iįt	1
jįm	1
įmą	1
phl	1
nfh	1
fho	1
vlą	1
bng	1
dsl	1
eaj	1
hsi	1
vfr	1
rcm	1
jij	1
mžk	1
žng	1
zuė	1
kėė	1
cpr	1
očt	1
hlm	1
zię	1
duį	1
pml	1
svd	1
hvj	1
aūš	1
hūč	1
epž	1
pžį	1
gžm	1
ijj	1
jja	1
plb	1
ečn	1
ršn	1
žep	1
tšė	1
kpū	1
bbm	1
cuv	1
čha	1
nžį	1
ieo	1
mnę	1
vtt	1
zto	1
trk	1
gsj	1
bzu	1
jėd	1
bza	1
afd	1
fsn	1
kįs	1
ošb	1
vtu	1
ašr	1
fah	1
ifg	1
efj	1
rūi	1
ttf	1
ttb	1
jbh	1
čor	1
čab	1
plc	1
džf	1
nkh	1
įšn	1
tvm	1
člp	1
ądė	1
lvn	1
flį	1
shg	1
hgu	1
pgp	1
gpr	1
mmų	1
bsl	1
kcę	1
zln	1
bhn	1
vėe	1
ūbč	1
nll	1
nųs	1
rfk	1
tuė	1
pdč	1
dči	1
eūn	1
prj	1
muv	1
hlė	1
tcą	1
žuc	1
žic	1
rėz	1
gža	1
fiž	1
sph	1
ocų	1
ęžč	1
nūž	1
zms	1
vjū	1
ihl	1
ppą	1
ąlę	1
nml	1
pmt	1
ecė	1
vml	1
jkj	1
spp	1
ėbę	1
srt	1
knr	1
čuų	1
bma	1
eoš	1
iėl	1
vėu	1
ėuo	1
efč	1
įdų	1
sšū	1
ežš	1
frn	1
uao	1
aoj	1
lėž	1
uzh	1
zhi	1
vjd	1
cfd	1
fdc	1
lnž	1
olh	1
ūpę	1
ubp	1
bph	1
egk	1
gkl	1
ašd	1
sps	1
trm	1
sbę	1
vfh	1
jųk	1
ųkn	1
nūc	1
ppk	1
pks	1
rąį	1
ąss	1
cją	1
mnk	1
svs	1
mpp	1
ožč	1
diė	1
bgo	1
žrn	1
dąz	1
ązo	1
jąž	1
ąte	1
tčp	1
čpo	1
nlc	1
tlv	1
ląt	1
ątą	1
kgu	1
ūgz	1
mąo	1
ąop	1
htr	1
rzs	1
mėe	1
ėes	1
sbd	1
tkn	1
stž	1
ahf	1
ždų	1
ohš	1
hše	1
faf	1
afū	1
fūt	1
bvė	1
tzp	1
žož	1
ažp	1
mtd	1
ecą	1
ršš	1
iųk	1
ūtš	1
cps	1
jką	1
udp	1
ndk	1
kph	1
omc	1
ebm	1
ngz	1
ncn	1
šęj	1
ęją	1
srg	1
gfp	1
oeg	1
deė	1
eėv	1
rmn	1
tvš	1
všo	1
deč	1
dką	1
trc	1
ifč	1
ošg	1
šgo	1
mdr	1
nmū	1
ūvl	1
nlr	1
mąv	1
tąt	1
mąd	1
csu	1
soū	1
oūd	1
žšl	1
spc	1
pcr	1
jėi	1
jūa	1
gūa	1
tąą	1
škk	1
ddh	1
gųs	1
vci	1
rųm	1
ėlb	1
ląa	1
gfu	1
oės	1
efū	1
prg	1
brb	1
ūžą	1
įmk	1
ūlį	1
ozz	1
lrž	1
pco	1
caz	1
npū	1
ašc	1
pšc	1
rct	1
išc	1
vsn	1
kkv	1
paą	1
ąia	1
ižb	1
ffu	1
nšn	1
zūj	1
euu	1
ičc	1
čce	1
pca	1
uef	1
žgd	1
ahs	1
eou	1
bme	1
kmų	1
vąr	1
ąrž	1
efs	1
fso	1
žeh	1
hcn	1
ūbė	1
aųj	1
sšn	1
žvl	1
hmė	1
ždg	1
tčą	1
eež	1
įai	1
cns	1
įat	1
trz	1
prz	1
ldp	1
rmk	1
žup	1
ekf	1
žfl	1
ėbd	1
člz	1
dns	1
mha	1
cbo	1
mzs	1
ūūa	1
ūaa	1
mnt	1
rrm	1
vjo	1
ujs	1
plų	1
pph	1
pls	1
hhm	1
gzm	1
mnė	1
jėh	1
ėhu	1
obg	1
dsd	1
ucą	1
čub	1
kld	1
ldd	1
aof	1
obc	1
feg	1
vaė	1
ačū	1
uįm	1
ėmk	1
uaš	1
tčh	1
čhe	1
htk	1
kąa	1
ąas	1
irh	1
gfl	1
clr	1
oip	1
cms	1
ksz	1
sze	1
ahk	1
lkf	1
dpu	1
zse	1
žuk	1
učų	1
rčę	1
ohs	1
vdi	1
omj	1
hūš	1
džb	1
dhl	1
rgc	1
jąa	1
ąap	1
ūzp	1
sąz	1
ąze	1
plg	1
llį	1
mfs	1
faą	1
aąf	1
ąfi	1
ąžv	1
pkn	1
lrę	1
šuž	1
cbc	1
įėį	1
ėįo	1
ąar	1
aįs	1
džs	1
ęte	1
caj	1
tzn	1
įar	1
mąt	1
iuį	1
jtp	1
įžr	1
hhn	1
nfū	1
fūz	1
dzą	1
tję	1
iuų	1
žju	1
kzo	1
jcp	1
skž	1
ipv	1
vču	1
vgr	1
fov	1
ųga	1
rųg	1
šnl	1
ųie	1
mmp	1
jėn	1
ovh	1
žro	1
ruu	1
fša	1
ktm	1
fšn	1
chp	1
seė	1
avz	1
vzd	1
gįj	1
mča	1
šię	1
znu	1
bkb	1
ūdz	1
ukp	1
unm	1
sdz	1
zso	1
bdz	1
fnu	1
bca	1
čėl	1
ecv	1
vęč	1
žąa	1
ąat	1
gšs	1
šsd	1
egš	1
mtš	1
utš	1
šsč	1
gsš	1
šėe	1
ėei	1
ųks	1
lcm	1
mgi	1
eėi	1
hmp	1
roų	1
tfū	1
cng	1
smš	1
uvš	1
įsį	1
sįt	1
jbe	1
šsn	1
mbš	1
šji	1
sšr	1
mvi	1
šhu	1
pfg	1
ojn	1
vūj	1
ęsį	1
ūio	1
ėid	1
ėbč	1
uof	1
ąšu	1
očn	1
ptk	1
snn	1
tęt	1
vuv	1
clk	1
ąne	1
rąm	1
gęa	1
ęar	1
ąrū	1
mąp	1
ąbl	1
ėir	1
nėp	1
ąnu	1
šęž	1
nąt	1
iąi	1
ąir	1
ėiš	1
iąm	1
mąi	1
ąiš	1
rąi	1
ąis	1
ąpj	1
ųle	1
įšį	1
vūr	1
fev	1
zje	1
zsl	1
cej	1
aee	1
aih	1
zsk	1
szu	1
mcn	1
okc	1
ųki	1
ųid	1
ųal	1
ųir	1
ųor	1
dųa	1
aųš	1
ųšj	1
idš	1
ieų	1
nšm	1
ųib	1
uųg	1
ivš	1
ųar	1
uųm	1
ųmu	1
ųel	1
euų	1
uųt	1
ųtr	1
kuų	1
bųd	1
ųdo	1
ųuv	1
ųon	1
ųtu	1
ųat	1
drš	1
uųa	1
uųu	1
ųud	1
uųk	1
uoų	1
oųš	1
aez	1
gąž	1
ffh	1
lrz	1
zją	1
noė	1
oėj	1
ičd	1
čde	1
koų	1
oųe	1
aųe	1
ųes	1
mųi	1
lnš	1
eųk	1
ųet	1
eųt	1
rųu	1
aųd	1
ųna	1
rvš	1
dįd	1
įdį	1
emc	1
mzo	1
puh	1
plk	1
lfį	1
tžr	1
žrb	1
cėn	1
gke	1
vkę	1
žsž	1
ėnt	1
kūž	1
bbb	1
čeo	1
riį	1
iįs	1
biė	1
ofh	1
ssc	1
hūū	1
vst	1
kęl	1
ęlk	1
šuč	1
ąše	1
rėv	1
jti	1
mvc	1
vcc	1
nlv	1
hvę	1
pdę	1
ęšk	1
ėžč	1
žvg	1
vgž	1
ožr	1
lcį	1
mjc	1
fof	1
kpš	1
zzt	1
fku	1
cmt	1
edt	1
gbr	1
ugj	1
gjo	1
ndc	1
dcu	1
ofc	1
ijs	1
kmn	1
vęa	1
ehb	1
nįl	1
zbė	1
bėė	1
ėėk	1
dęt	1
įsj	1
cbe	1
dhr	1
gpū	1
idk	1
bęt	1
įok	1
įmt	1
vuf	1
jsė	1
ecm	1
rnj	1
pcd	1
fcs	1
žtū	1
skf	1
lšą	1
hdt	1
dtv	1
įis	1
ždl	1
hmų	1
fff	1
šnk	1
čke	1
ehą	1
įmū	1
nlt	1
mrc	1
žll	1
rūl	1
smg	1
lnm	1
ežp	1
šįo	1
įof	1
vef	1
udj	1
htv	1
gėg	1
įkp	1
kpė	1
epv	1
rcv	1
jro	1
prm	1
pcl	1
pgs	1
rrg	1
mąl	1
miū	1
uoe	1
kūš	1
jif	1
šėd	1
sdh	1
jsz	1
uhf	1
sšč	1
laė	1
šts	1
uaj	1
cža	1
jūj	1
uoo	1
ifb	1
ęta	1
nžą	1
vsd	1
ąsv	1
pūi	1
žec	1
lįa	1
įab	1
tėe	1
ėen	1
mvr	1
pkt	1
tžu	1
čež	1
flš	1
tąš	1
ąsp	1
kąš	1
ębi	1
beū	1
eūs	1
bmo	1
ksd	1
įto	1
ūlk	1
sšt	1
ueč	1
kžk	1
lhb	1
užz	1
žzi	1
ręj	1
ūdp	1
ihs	1
sng	1
szi	1
gšl	1
eėn	1
žsą	1
šęl	1
šįa	1
žčs	1
dūj	1
sūj	1
koė	1
oėl	1
mhu	1
uhm	1
gįs	1
gšn	1
gęd	1
ędę	1
jšs	1
ėvč	1
lėu	1
ėum	1
zsu	1
kču	1
ukg	1
kgę	1
sžv	1
nnh	1
tūc	1
ęšė	1
fkk	1
tps	1
sėi	1
grb	1
jųi	1
llč	1
dhv	1
ojm	1
očų	1
tue	1
aeu	1
ėių	1
dtr	1
hhe	1
bęj	1
ūžd	1
agk	1
tsę	1
ucb	1
plč	1
čst	1
rdč	1
čto	1
sčr	1
svč	1
včd	1
čdi	1
dčs	1
kčt	1
učs	1
rčg	1
čgm	1
gmč	1
mčg	1
ejč	1
čks	1
lčd	1
čgo	1
pčl	1
nčd	1
včj	1
čvi	1
pčs	1
lčp	1
čpe	1
čjč	1
jčj	1
kčm	1
kež	1
včz	1
čzč	1
zčj	1
čkt	1
gčr	1
čdo	1
ęku	1
įnt	1
nzč	1
gčm	1
čdz	1
gčt	1
dčv	1
čvč	1
včt	1
čga	1
ivč	1
dčz	1
čze	1
rmč	1
lčc	1
snč	1
čso	1
ečm	1
ndč	1
zsp	1
tčm	1
pčj	1
zdč	1
sčd	1
čdč	1
dčd	1
jčz	1
čza	1
vcr	1
muų	1
abę	1
iič	1
nfc	1
vlž	1
guf	1
cdr	1
lūl	1
rąd	1
ąre	1
ąmė	1
nęž	1
bęm	1
ęme	1
chg	1
hgo	1
piė	1
iėš	1
šiė	1
cei	1
iąp	1
uut	1
ėci	1
biį	1
uiū	1
ėbū	1
tšb	1
ufs	1
fse	1
ąlė	1
dcp	1
cpj	1
ąbū	1
kėį	1
bėp	1
sėr	1
foč	1
šec	1
aūl	1
mvp	1
vpu	1
ėrs	1
vūg	1
pče	1
evk	1
šdv	1
žšn	1
bku	1
nąa	1
vnd	1
įgo	1
žkt	1
ėln	1
jiz	1
aeo	1
mbn	1
bnu	1
zpz	1
ėsū	1
ufų	1
įdv	1
ppp	1
uup	1
žėn	1
įru	1
lgc	1
ggt	1
įin	1
nzd	1
ėim	1
hji	1
odc	1
keu	1
euč	1
ruą	1
uzž	1
zže	1
gzų	1
uua	1
ąri	1
kęj	1
ąig	1
azh	1
dgu	1
jlb	1
lėo	1
ėos	1
ūmį	1
įrd	1
ecb	1
šmū	1
nėž	1
ęšį	1
dpi	1
ųtų	1
fbk	1
idh	1
ėlp	1
ėsp	1
roę	1
oęi	1
knk	1
abg	1
bgi	1
dpe	1
dfe	1
kož	1
zgk	1
žmą	1
zhn	1
dče	1
obz	1
bzi	1
juf	1
žmk	1
sfs	1
fsr	1
